{
"type": "FeatureCollection",
"name": "catchmentAreas2",
"crs": { "type": "name", "properties": { "name": "urn:ogc:def:crs:OGC:1.3:CRS84" } },
"features": [
{ "type": "Feature", "properties": { "cat": 1, "level": 86400.0 }, "geometry": { "type": "MultiLineString", "coordinates": [ [ [ -90.932705427499656, 46.770728661254267, 86400.0 ], [ -90.933159970251452, 46.770536849625984, 86400.0 ], [ -90.958002499950894, 46.768043939469479, 86400.0 ], [ -90.997242685737703, 46.765179602213074, 86400.0 ], [ -91.037218977453335, 46.754531320006592, 86400.0 ], [ -91.076832430785942, 46.750024732703842, 86400.0 ], [ -91.117298255405629, 46.744046241890423, 86400.0 ], [ -91.134249632972484, 46.740799572001457, 86400.0 ], [ -91.157296035734973, 46.735382416208097, 86400.0 ], [ -91.196780356486286, 46.726938930776484, 86400.0 ], [ -91.237238723553645, 46.72196296032255, 86400.0 ], [ -91.277520246879206, 46.709807854924023, 86400.0 ], [ -91.318036254403424, 46.708026373211098, 86400.0 ], [ -91.340089667648343, 46.700426296607681, 86400.0 ], [ -91.357000005237467, 46.696614823950377, 86400.0 ], [ -91.397275013516079, 46.685971532455085, 86400.0 ], [ -91.437074512206223, 46.676417548746784, 86400.0 ], [ -91.476365927057472, 46.660842692100942, 86400.0 ], [ -91.477111729619182, 46.660609417494484, 86400.0 ], [ -91.517581003269967, 46.638862210068119, 86400.0 ], [ -91.554009309540845, 46.620894970184395, 86400.0 ], [ -91.557533769771382, 46.619564585477242, 86400.0 ], [ -91.597020925827081, 46.59870481177559, 86400.0 ], [ -91.628200180836131, 46.580377757288588, 86400.0 ], [ -91.637159195621507, 46.574471958707875, 86400.0 ], [ -91.676807955658873, 46.553467245682683, 86400.0 ], [ -91.694512244378416, 46.540607465317358, 86400.0 ], [ -91.717835267673408, 46.525491776951981, 86400.0 ], [ -91.754835924949774, 46.500221759490749, 86400.0 ], [ -91.756915752487757, 46.499169293601739, 86400.0 ], [ -91.796881059211273, 46.470925288963414, 86400.0 ], [ -91.80782442865295, 46.460578753726303, 86400.0 ], [ -91.837601132714823, 46.442268135914361, 86400.0 ], [ -91.862902444658161, 46.420621641483933, 86400.0 ], [ -91.876828733964828, 46.409269524594038, 86400.0 ], [ -91.911665962462777, 46.380594930023264, 86400.0 ], [ -91.917275575267425, 46.375285807894727, 86400.0 ], [ -91.957779477339926, 46.344285699574378, 86400.0 ], [ -91.961323184610279, 46.340155961043507, 86400.0 ], [ -91.996982216173578, 46.303540309290547, 86400.0 ], [ -92.000093612969323, 46.300786029527892, 86400.0 ], [ -92.03396875617581, 46.260982000042702, 86400.0 ], [ -92.036904561556298, 46.258737659678694, 86400.0 ], [ -92.062303695824667, 46.22067482875768, 86400.0 ], [ -92.076956722976732, 46.199518716371017, 86400.0 ], [ -92.087007054529977, 46.180436110794666, 86400.0 ], [ -92.101552882766228, 46.140570386321492, 86400.0 ], [ -92.115323510661071, 46.100716892646339, 86400.0 ], [ -92.117176008666334, 46.096327183490061, 86400.0 ], [ -92.125343537204955, 46.060931304506269, 86400.0 ], [ -92.141427266659804, 46.020916737840459, 86400.0 ], [ -92.152587441330454, 45.980321187282016, 86400.0 ], [ -92.156954812951838, 45.97033873168867, 86400.0 ], [ -92.162312006811973, 45.940537135271242, 86400.0 ], [ -92.168409376542058, 45.900820917435119, 86400.0 ], [ -92.17419361312767, 45.860210064943821, 86400.0 ], [ -92.197604166057474, 45.840690611519612, 86400.0 ], [ -92.23715533690185, 45.849093880713738, 86400.0 ], [ -92.276851744464281, 45.85755911940926, 86400.0 ], [ -92.293361378966765, 45.861479448100411, 86400.0 ], [ -92.31721828087791, 45.867927473568912, 86400.0 ], [ -92.357465934297835, 45.875128124041225, 86400.0 ], [ -92.397064642061707, 45.880950511126997, 86400.0 ], [ -92.437827914146936, 45.885764618133898, 86400.0 ], [ -92.476847353541217, 45.893687848151401, 86400.0 ], [ -92.517037298495822, 45.898736698977594, 86400.0 ], [ -92.531328282650833, 45.901149867228327, 86400.0 ], [ -92.557246918019601, 45.904053645764527, 86400.0 ], [ -92.597345662319384, 45.908971914213517, 86400.0 ], [ -92.637665374940667, 45.914180283015313, 86400.0 ], [ -92.677790072413686, 45.91725731621699, 86400.0 ], [ -92.717899994161272, 45.919939975503731, 86400.0 ], [ -92.757848262901931, 45.921408932403381, 86400.0 ], [ -92.798014294735836, 45.922973631117053, 86400.0 ], [ -92.837675591324782, 45.923053147058781, 86400.0 ], [ -92.877936152061949, 45.922116146695082, 86400.0 ], [ -92.917919125945147, 45.922123940525147, 86400.0 ], [ -92.95771621633736, 45.918635531031711, 86400.0 ], [ -92.997513903951457, 45.915249946045563, 86400.0 ], [ -93.037130472744252, 45.90863468833318, 86400.0 ], [ -93.07676077376, 45.902436905893062, 86400.0 ], [ -93.086984092231916, 45.900793606494034, 86400.0 ], [ -93.117629942240114, 45.895497548945904, 86400.0 ], [ -93.15716469925664, 45.88856433725708, 86400.0 ], [ -93.196752335910858, 45.881480448548352, 86400.0 ], [ -93.237136511688732, 45.873723928980723, 86400.0 ], [ -93.277029782543352, 45.865866608345797, 86400.0 ], [ -93.303789428317472, 45.860837723477573, 86400.0 ], [ -93.317801486747555, 45.858153395338931, 86400.0 ], [ -93.357120525544033, 45.84789407506937, 86400.0 ], [ -93.397841919920211, 45.839749766092751, 86400.0 ], [ -93.437163996501369, 45.829985540730767, 86400.0 ], [ -93.469406897619066, 45.820997384315667, 86400.0 ], [ -93.477602765802601, 45.817701238735118, 86400.0 ], [ -93.517824513880058, 45.80241406307141, 86400.0 ], [ -93.557276062203258, 45.784089913157686, 86400.0 ], [ -93.567921850926567, 45.780611421926707, 86400.0 ], [ -93.597551330660551, 45.76392591214762, 86400.0 ], [ -93.637587966283036, 45.744074103796727, 86400.0 ], [ -93.644467704940823, 45.740835432143349, 86400.0 ], [ -93.677287451836477, 45.723581131081303, 86400.0 ], [ -93.717467373545205, 45.707901603034394, 86400.0 ], [ -93.75687073121118, 45.701541425703702, 86400.0 ], [ -93.760673692471002, 45.70078002442883, 86400.0 ], [ -93.79688094284478, 45.695361715891437, 86400.0 ], [ -93.836880312526148, 45.688019325533197, 86400.0 ], [ -93.877390682181684, 45.679492363208318, 86400.0 ], [ -93.917888756785544, 45.670964422626973, 86400.0 ], [ -93.957115910990339, 45.662792243023546, 86400.0 ], [ -93.964511644606958, 45.660856389792336, 86400.0 ], [ -93.997382118466177, 45.654308635113139, 86400.0 ], [ -94.036899153459302, 45.647553007527705, 86400.0 ], [ -94.07721421253467, 45.637151864609478, 86400.0 ], [ -94.117433914388613, 45.62565237103599, 86400.0 ], [ -94.126513239708203, 45.620906769159475, 86400.0 ], [ -94.157157645632367, 45.607672021165413, 86400.0 ], [ -94.197128161200069, 45.593332264866355, 86400.0 ], [ -94.22179741772328, 45.580515149018858, 86400.0 ], [ -94.23783463250993, 45.57201541133535, 86400.0 ], [ -94.277254693475683, 45.551029698550678, 86400.0 ], [ -94.299549912298161, 45.540981724007743, 86400.0 ], [ -94.317467467196195, 45.52922743941658, 86400.0 ], [ -94.35707215915032, 45.506259038510287, 86400.0 ], [ -94.366591249001573, 45.500353474288005, 86400.0 ], [ -94.397581375964762, 45.483966962958988, 86400.0 ], [ -94.423910922923525, 45.46069585443125, 86400.0 ], [ -94.437383651901541, 45.453080168796312, 86400.0 ], [ -94.477258762283995, 45.423647757668043, 86400.0 ], [ -94.483212636932294, 45.420217549757538, 86400.0 ], [ -94.517234954508126, 45.395988133274095, 86400.0 ], [ -94.537654852722753, 45.380258413912848, 86400.0 ], [ -94.556887696149303, 45.364782614417202, 86400.0 ], [ -94.588124865308657, 45.340511861159783, 86400.0 ], [ -94.597476422202277, 45.331955017645768, 86400.0 ], [ -94.631192778280933, 45.30088589470423, 86400.0 ], [ -94.636842471037752, 45.296262684814522, 86400.0 ], [ -94.67125884223897, 45.260545302359397, 86400.0 ], [ -94.676825472512689, 45.25517715274534, 86400.0 ], [ -94.709681497696607, 45.220986491810102, 86400.0 ], [ -94.716851632017281, 45.213660880066065, 86400.0 ], [ -94.743967117888218, 45.180130556243746, 86400.0 ], [ -94.756974553636411, 45.161942215853259, 86400.0 ], [ -94.771598885800131, 45.140271114401443, 86400.0 ], [ -94.791301714128579, 45.100974925436901, 86400.0 ], [ -94.796750483985477, 45.090170273764755, 86400.0 ], [ -94.810990629691915, 45.060302872162652, 86400.0 ], [ -94.826862091523537, 45.020925633546639, 86400.0 ], [ -94.83685647873962, 44.99079715348968, 86400.0 ], [ -94.839850533306048, 44.980768453867029, 86400.0 ], [ -94.850940138726401, 44.940690566396064, 86400.0 ], [ -94.860574858693028, 44.900673592412765, 86400.0 ], [ -94.869015884468894, 44.86070674308624, 86400.0 ], [ -94.875904364086551, 44.820805645510418, 86400.0 ], [ -94.876952771529631, 44.815359879666921, 86400.0 ], [ -94.883229560397339, 44.780885337386245, 86400.0 ], [ -94.888948021670529, 44.740579204298569, 86400.0 ], [ -94.893561253760367, 44.700328513618956, 86400.0 ], [ -94.895223050978458, 44.66065032832072, 86400.0 ], [ -94.892468585863071, 44.620261616607621, 86400.0 ], [ -94.88227084530385, 44.580191953772797, 86400.0 ], [ -94.876314439900113, 44.557042887788405, 86400.0 ], [ -94.871607446972732, 44.540141191112426, 86400.0 ], [ -94.859959070414092, 44.500151466761629, 86400.0 ], [ -94.840886684597209, 44.460435845613112, 86400.0 ], [ -94.836312243866047, 44.449828107677625, 86400.0 ], [ -94.825893502127172, 44.420564336162052, 86400.0 ], [ -94.809208565122191, 44.380762139168347, 86400.0 ], [ -94.796721085051686, 44.351582825668565, 86400.0 ], [ -94.792402289086169, 44.340962468628334, 86400.0 ], [ -94.772726313722231, 44.300380222819811, 86400.0 ], [ -94.756642882412791, 44.26864630910859, 86400.0 ], [ -94.751084790107313, 44.260776552751814, 86400.0 ], [ -94.728197694713742, 44.220320104768632, 86400.0 ], [ -94.716413847534994, 44.196503445503453, 86400.0 ], [ -94.706678623345397, 44.180702580417858, 86400.0 ], [ -94.67607765340783, 44.14595466102022, 86400.0 ], [ -94.671895265671836, 44.140725036851379, 86400.0 ], [ -94.636542740447865, 44.108996435978227, 86400.0 ], [ -94.627150673814185, 44.100740016445251, 86400.0 ], [ -94.596274983725209, 44.073157813120233, 86400.0 ], [ -94.58282282307303, 44.060683385298908, 86400.0 ], [ -94.556085991569091, 44.036488981320069, 86400.0 ], [ -94.536077007639463, 44.020823629478173, 86400.0 ], [ -94.516082475242897, 44.003996688828259, 86400.0 ], [ -94.485695357961418, 43.980766929896006, 86400.0 ], [ -94.476335247511926, 43.973088120054513, 86400.0 ], [ -94.436618941411794, 43.94847906983572, 86400.0 ], [ -94.423794356437028, 43.940875408388095, 86400.0 ], [ -94.396488909261066, 43.921648023410619, 86400.0 ], [ -94.357693470622195, 43.900210123795269, 86400.0 ], [ -94.356268152808752, 43.899649082754081, 86400.0 ], [ -94.31646889051369, 43.875671458317086, 86400.0 ], [ -94.284998061814207, 43.860823022133786, 86400.0 ], [ -94.275926622354675, 43.855776758386995, 86400.0 ], [ -94.236662981891527, 43.832752234684094, 86400.0 ], [ -94.211209356604925, 43.82020314657936, 86400.0 ], [ -94.196036664958783, 43.81264836537845, 86400.0 ], [ -94.156533918980699, 43.792488927123344, 86400.0 ], [ -94.13149845227629, 43.780795017769066, 86400.0 ], [ -94.116036792302481, 43.774319188648498, 86400.0 ], [ -94.076455237143733, 43.75868429356666, 86400.0 ], [ -94.035976182212679, 43.743703163690554, 86400.0 ], [ -94.025575864826507, 43.740934151363845, 86400.0 ], [ -93.996534555973241, 43.733738613693106, 86400.0 ], [ -93.956286878159304, 43.725941855089346, 86400.0 ], [ -93.916133957707643, 43.719437089249311, 86400.0 ], [ -93.876067971139221, 43.714144388205881, 86400.0 ], [ -93.835964715607588, 43.70815803189732, 86400.0 ], [ -93.79596491291791, 43.703682645204822, 86400.0 ], [ -93.767250344391613, 43.700970450842917, 86400.0 ], [ -93.75599795425488, 43.699637970871493, 86400.0 ], [ -93.71602414804947, 43.695396312387913, 86400.0 ], [ -93.676735784010049, 43.691023562938199, 86400.0 ], [ -93.636629103313211, 43.686906736883977, 86400.0 ], [ -93.596244239003383, 43.684475721386811, 86400.0 ], [ -93.556474294868536, 43.683322974842596, 86400.0 ], [ -93.51660682031401, 43.680477731808445, 86400.0 ], [ -93.475524059088343, 43.678005298733204, 86400.0 ], [ -93.435757233928356, 43.676795426212102, 86400.0 ], [ -93.39605704979445, 43.676738756815872, 86400.0 ], [ -93.356365954490187, 43.676844972138838, 86400.0 ], [ -93.315537111275859, 43.678819859999585, 86400.0 ], [ -93.276573671945073, 43.663597271010467, 86400.0 ], [ -93.268644729580956, 43.660582604945489, 86400.0 ], [ -93.235620699898689, 43.646096027931556, 86400.0 ], [ -93.196565615394206, 43.634453917979499, 86400.0 ], [ -93.15639322393578, 43.624853679688144, 86400.0 ], [ -93.138835105321135, 43.620908298346272, 86400.0 ], [ -93.116589776787649, 43.614958513948778, 86400.0 ], [ -93.076579942162724, 43.589934710467737, 86400.0 ], [ -93.061180601175096, 43.580499924742156, 86400.0 ], [ -93.035780263795743, 43.565817988053439, 86400.0 ], [ -92.998527257215002, 43.540956770848233, 86400.0 ], [ -92.995972452689628, 43.539356950343418, 86400.0 ], [ -92.956664989700641, 43.517475973215653, 86400.0 ], [ -92.954881281993437, 43.500416191033011, 86400.0 ], [ -92.95685538111357, 43.486860403509404, 86400.0 ], [ -92.962023821143177, 43.460617350696729, 86400.0 ], [ -92.96470583426219, 43.420933714757382, 86400.0 ], [ -92.963018947652799, 43.380462871047712, 86400.0 ], [ -92.963831690908606, 43.34082731238162, 86400.0 ], [ -92.956984016672763, 43.300489677539097, 86400.0 ], [ -92.956691306607908, 43.299596914335815, 86400.0 ], [ -92.946729028751662, 43.260239291161234, 86400.0 ], [ -92.936124862289859, 43.220897044788174, 86400.0 ], [ -92.92794451896107, 43.180591156873732, 86400.0 ], [ -92.916631637241764, 43.145766535318714, 86400.0 ], [ -92.914739289177447, 43.140412656631803, 86400.0 ], [ -92.900840603283726, 43.100249952420313, 86400.0 ], [ -92.885327645384322, 43.060126023669561, 86400.0 ], [ -92.876376153437107, 43.037842298884627, 86400.0 ], [ -92.870572350827345, 43.020881058056261, 86400.0 ], [ -92.853835252658541, 42.980783001694732, 86400.0 ], [ -92.836376766152014, 42.947002780231607, 86400.0 ], [ -92.833596955640033, 42.94076898621136, 86400.0 ], [ -92.812426952482639, 42.900773979822269, 86400.0 ], [ -92.796368230775983, 42.880458616982096, 86400.0 ], [ -92.780993867182971, 42.860124265935966, 86400.0 ], [ -92.756129203413266, 42.834864521210172, 86400.0 ], [ -92.742044814127098, 42.820729209401101, 86400.0 ], [ -92.716690250399537, 42.795039251370127, 86400.0 ], [ -92.703520191954709, 42.780944585248676, 86400.0 ], [ -92.676661782296449, 42.759966001345603, 86400.0 ], [ -92.657888817545768, 42.740884490290171, 86400.0 ], [ -92.651778933494498, 42.700217041353326, 86400.0 ], [ -92.64504758187276, 42.660753963020476, 86400.0 ], [ -92.639173524157542, 42.620370043269531, 86400.0 ], [ -92.636709723696029, 42.608721136307388, 86400.0 ], [ -92.628664293889557, 42.580992510913738, 86400.0 ], [ -92.615828729971938, 42.540766457396273, 86400.0 ], [ -92.60354350881245, 42.500526157703078, 86400.0 ], [ -92.596428998756167, 42.483579033387237, 86400.0 ], [ -92.589231760940407, 42.460330070605238, 86400.0 ], [ -92.577380107869416, 42.420977029064474, 86400.0 ], [ -92.56195782521668, 42.380801903931221, 86400.0 ], [ -92.556344995215511, 42.365619251158755, 86400.0 ], [ -92.5450684477305, 42.340952173762524, 86400.0 ], [ -92.523481531005103, 42.300612765824305, 86400.0 ], [ -92.516442690373722, 42.292825402384359, 86400.0 ], [ -92.494562087787443, 42.260916346921363, 86400.0 ], [ -92.476440767461071, 42.239505068092839, 86400.0 ], [ -92.458495607093013, 42.220980917928344, 86400.0 ], [ -92.43667704639806, 42.196232733366664, 86400.0 ], [ -92.421495900436369, 42.180345299804337, 86400.0 ], [ -92.396528921723316, 42.156556143074425, 86400.0 ], [ -92.379724641482539, 42.140917681613224, 86400.0 ], [ -92.356121274884316, 42.121372936554664, 86400.0 ], [ -92.330082640085848, 42.10029244566168, 86400.0 ], [ -92.316542788988514, 42.087959392165338, 86400.0 ], [ -92.280675024552679, 42.06076181785923, 86400.0 ], [ -92.276300256221489, 42.057539292217605, 86400.0 ], [ -92.24080580080205, 42.020122931392692, 86400.0 ], [ -92.236623249815565, 42.012099694072383, 86400.0 ], [ -92.220035688774146, 41.980902859795762, 86400.0 ], [ -92.196499297986946, 41.951163195964504, 86400.0 ], [ -92.18555777662371, 41.940139444285769, 86400.0 ], [ -92.156300173951806, 41.903970609868004, 86400.0 ], [ -92.152842860101259, 41.900232715913205, 86400.0 ], [ -92.116491490686897, 41.866776347089441, 86400.0 ], [ -92.111476590143667, 41.860847315527487, 86400.0 ], [ -92.076437081866203, 41.831395894536897, 86400.0 ], [ -92.066619575247401, 41.820766115147833, 86400.0 ], [ -92.035880081174497, 41.794558379079966, 86400.0 ], [ -92.018588293392767, 41.780488295085277, 86400.0 ], [ -91.996458209251784, 41.765330869760845, 86400.0 ], [ -91.968043062295052, 41.740949918529587, 86400.0 ], [ -91.955806507647608, 41.734009062884738, 86400.0 ], [ -91.916535120727119, 41.707347253923928, 86400.0 ], [ -91.903373568960419, 41.70020672782055, 86400.0 ], [ -91.876116858119659, 41.6814359007993, 86400.0 ], [ -91.841470753324217, 41.660688215632248, 86400.0 ], [ -91.836161136271372, 41.658071347703604, 86400.0 ], [ -91.796632422647022, 41.631537113358874, 86400.0 ], [ -91.779517793807187, 41.620386169097799, 86400.0 ], [ -91.756327793652517, 41.60626570809108, 86400.0 ], [ -91.716249032304987, 41.588324448868235, 86400.0 ], [ -91.701879013101674, 41.58088355041226, 86400.0 ], [ -91.676299262173856, 41.568650556915486, 86400.0 ], [ -91.636551813384159, 41.550309891814322, 86400.0 ], [ -91.619225800706133, 41.54064817323902, 86400.0 ], [ -91.596086729522654, 41.532078469587354, 86400.0 ], [ -91.556197342741513, 41.518265905827967, 86400.0 ], [ -91.516332423213697, 41.504774579380445, 86400.0 ], [ -91.496507313917107, 41.500881073973837, 86400.0 ], [ -91.476588119083274, 41.495864700233916, 86400.0 ], [ -91.435730359763866, 41.49028841866776, 86400.0 ], [ -91.396038413600806, 41.482895636984324, 86400.0 ], [ -91.356364068139328, 41.475916889526552, 86400.0 ], [ -91.316643533657896, 41.466237679741283, 86400.0 ], [ -91.283004681971548, 41.460773832883532, 86400.0 ], [ -91.275816147358668, 41.460575444665473, 86400.0 ], [ -91.236504167007567, 41.454433916299266, 86400.0 ], [ -91.196592763765281, 41.450111290649723, 86400.0 ], [ -91.155759067616643, 41.442946049717783, 86400.0 ], [ -91.124252812730717, 41.420459308449608, 86400.0 ], [ -91.116239304921493, 41.416033922324551, 86400.0 ], [ -91.07588014126884, 41.390320187634543, 86400.0 ], [ -91.055389253969977, 41.380662140283917, 86400.0 ], [ -91.036200779725078, 41.370847443620576, 86400.0 ], [ -90.996442559520318, 41.358153936124815, 86400.0 ], [ -90.960088834542702, 41.340883895636608, 86400.0 ], [ -90.956718095732072, 41.339676893064158, 86400.0 ], [ -90.916461324264134, 41.320523384048933, 86400.0 ], [ -90.876172654036438, 41.305008129418653, 86400.0 ], [ -90.861777728070237, 41.300477583979571, 86400.0 ], [ -90.836588409115208, 41.292315167046574, 86400.0 ], [ -90.795832997103744, 41.280251407929768, 86400.0 ], [ -90.756288593298521, 41.268367562802375, 86400.0 ], [ -90.715615490321497, 41.261128764868076, 86400.0 ], [ -90.714419571690016, 41.260935463242753, 86400.0 ], [ -90.676152713134201, 41.254636437833938, 86400.0 ], [ -90.636689918515785, 41.247340782484379, 86400.0 ], [ -90.596698171798337, 41.241560441794938, 86400.0 ], [ -90.556634427675249, 41.237129024828626, 86400.0 ], [ -90.516008889967864, 41.230694816687937, 86400.0 ], [ -90.476575511049319, 41.22303102635545, 86400.0 ], [ -90.463435471651863, 41.220813414164532, 86400.0 ], [ -90.435964384599728, 41.216279063076264, 86400.0 ], [ -90.396560114668887, 41.210462111626263, 86400.0 ], [ -90.356625844417806, 41.208326401903513, 86400.0 ], [ -90.316697846718057, 41.207542389686857, 86400.0 ], [ -90.276064119934517, 41.20734658669663, 86400.0 ], [ -90.236700177485758, 41.207326804212251, 86400.0 ], [ -90.19610824466956, 41.195531602207737, 86400.0 ], [ -90.1714446562207, 41.180828024896101, 86400.0 ], [ -90.156696156748097, 41.172350418142059, 86400.0 ], [ -90.116349217224354, 41.151172273217881, 86400.0 ], [ -90.093463571095697, 41.140386147324044, 86400.0 ], [ -90.07622639894727, 41.130488581815449, 86400.0 ], [ -90.036247930538906, 41.108950679316102, 86400.0 ], [ -90.018113711953646, 41.100787521766811, 86400.0 ], [ -89.996380677859364, 41.088178298009474, 86400.0 ], [ -89.956470784289024, 41.072420943972453, 86400.0 ], [ -89.916568602637142, 41.061125366349764, 86400.0 ], [ -89.916011681421793, 41.060921170512856, 86400.0 ], [ -89.875564153322784, 41.050758783133091, 86400.0 ], [ -89.836314097507099, 41.042536907269472, 86400.0 ], [ -89.796572636119762, 41.033953127811692, 86400.0 ], [ -89.756652912265366, 41.026318431189914, 86400.0 ], [ -89.732883510402161, 41.020865248559922, 86400.0 ], [ -89.716242582893557, 41.018138940779117, 86400.0 ], [ -89.675831583089433, 41.012138715969016, 86400.0 ], [ -89.636607585813636, 41.007877957525992, 86400.0 ], [ -89.596668725552789, 41.000999377936893, 86400.0 ], [ -89.59740355218824, 41.001170648556013, 86400.0 ], [ -89.637796586246182, 41.007921421040017, 86400.0 ], [ -89.677019243729021, 41.012477621321281, 86400.0 ], [ -89.717430984655209, 41.018378211319217, 86400.0 ], [ -89.734072218078893, 41.021055663369829, 86400.0 ], [ -89.757841925139587, 41.026471055425766, 86400.0 ], [ -89.797074239623072, 41.034177527911389, 86400.0 ], [ -89.837411513809982, 41.043025620738803, 86400.0 ], [ -89.876753627167702, 41.051047814856524, 86400.0 ], [ -89.916568602637142, 41.061125366349764, 86400.0 ], [ -89.917201330969277, 41.061357352152847, 86400.0 ], [ -89.957660923933545, 41.072833107291679, 86400.0 ], [ -89.996943779244617, 41.088492248144483, 86400.0 ], [ -90.018379774609514, 41.101054966883261, 86400.0 ], [ -90.037439146777459, 41.109219384577202, 86400.0 ], [ -90.076769693885723, 41.13092653982261, 86400.0 ], [ -90.094470886806818, 41.141284063305157, 86400.0 ], [ -90.117316279586547, 41.151648359610313, 86400.0 ], [ -90.157326499501707, 41.172741486884831, 86400.0 ], [ -90.172218059306616, 41.181195623951503, 86400.0 ], [ -90.196908398172837, 41.196099904009159, 86400.0 ], [ -90.237893269675794, 41.207395202417409, 86400.0 ], [ -90.277256758599862, 41.207297868199589, 86400.0 ], [ -90.317815295000585, 41.20768425231914, 86400.0 ], [ -90.357183988039722, 41.208540810197988, 86400.0 ], [ -90.397753279982908, 41.210506094076187, 86400.0 ], [ -90.437158587574899, 41.216459171277165, 86400.0 ], [ -90.464631008422302, 41.221159740850659, 86400.0 ], [ -90.476752894476718, 41.223204211444383, 86400.0 ], [ -90.517204182285283, 41.230952177905159, 86400.0 ], [ -90.557240483379374, 41.237254521309261, 86400.0 ], [ -90.597249948868267, 41.241591146214283, 86400.0 ], [ -90.637766375243217, 41.247645368897309, 86400.0 ], [ -90.677348271586553, 41.254816820722404, 86400.0 ], [ -90.715615490321497, 41.261128764868076, 86400.0 ], [ -90.716811403449128, 41.261320921103483, 86400.0 ], [ -90.757484422309545, 41.26853079151288, 86400.0 ], [ -90.797028519398538, 41.280363581769386, 86400.0 ], [ -90.837784434397648, 41.292444078492466, 86400.0 ], [ -90.86285740712168, 41.301122124317679, 86400.0 ], [ -90.877370398052406, 41.305242222196874, 86400.0 ], [ -90.917010153399218, 41.320773668846869, 86400.0 ], [ -90.957906515394072, 41.340001379272373, 86400.0 ], [ -90.960323572501764, 41.341022552643359, 86400.0 ], [ -90.997105418701892, 41.358583108784288, 86400.0 ], [ -91.037300184067959, 41.371263983595135, 86400.0 ], [ -91.056596463675703, 41.381355767499308, 86400.0 ], [ -91.07708589801851, 41.390901701185705, 86400.0 ], [ -91.117002721170067, 41.416790002434475, 86400.0 ], [ -91.125453190508196, 41.421074998001295, 86400.0 ], [ -91.156966772248481, 41.443541885003164, 86400.0 ], [ -91.197517713140726, 41.450343042332804, 86400.0 ], [ -91.237386236783834, 41.454690518945583, 86400.0 ], [ -91.277019472158599, 41.460875501360249, 86400.0 ], [ -91.28408068445755, 41.461117985430128, 86400.0 ], [ -91.317848424373409, 41.466600671892323, 86400.0 ], [ -91.357563784120572, 41.476012761884938, 86400.0 ], [ -91.397242029905144, 41.483164426917135, 86400.0 ], [ -91.436931749660374, 41.490442929049387, 86400.0 ], [ -91.477792106680695, 41.496124762849952, 86400.0 ], [ -91.497076312140237, 41.501114904753727, 86400.0 ], [ -91.517052582019176, 41.505115124703615, 86400.0 ], [ -91.557398636640386, 41.518383128485027, 86400.0 ], [ -91.597298414726652, 41.532604761180899, 86400.0 ], [ -91.620285242365313, 41.541533889200558, 86400.0 ], [ -91.637316595330049, 41.550824579639659, 86400.0 ], [ -91.677185433461446, 41.569538265898835, 86400.0 ], [ -91.702876813992617, 41.581674956179519, 86400.0 ], [ -91.717455066469014, 41.588560840986695, 86400.0 ], [ -91.757543488818399, 41.606840295008396, 86400.0 ], [ -91.780565654566871, 41.621120304160648, 86400.0 ], [ -91.796873377558114, 41.631673923181694, 86400.0 ], [ -91.837019469512313, 41.658590048004079, 86400.0 ], [ -91.841902156210935, 41.661341841668758, 86400.0 ], [ -91.877324761558526, 41.681656665704971, 86400.0 ], [ -91.904330059522593, 41.701066075167212, 86400.0 ], [ -91.917742470159041, 41.707528396854052, 86400.0 ], [ -91.95685720359927, 41.734431456746911, 86400.0 ], [ -91.969143261512258, 41.741426242287808, 86400.0 ], [ -91.997671557862247, 41.766150134672181, 86400.0 ], [ -92.019272238425145, 41.781082339712114, 86400.0 ], [ -92.037020017744283, 41.795178228123923, 86400.0 ], [ -92.06682058924703, 41.821026817547811, 86400.0 ], [ -92.076799868159455, 41.831749535159226, 86400.0 ], [ -92.112007885315393, 41.861366466981728, 86400.0 ], [ -92.117719037047721, 41.867461248556467, 86400.0 ], [ -92.153699172583259, 41.901117211849531, 86400.0 ], [ -92.157526349218699, 41.904580591123498, 86400.0 ], [ -92.18624504295704, 41.941026906494436, 86400.0 ], [ -92.197011641916816, 41.951627910288003, 86400.0 ], [ -92.220442307712332, 41.981795536842853, 86400.0 ], [ -92.237271301703871, 42.012965348442833, 86400.0 ], [ -92.241120711529987, 42.02101731855214, 86400.0 ], [ -92.276830652142422, 42.058136595317329, 86400.0 ], [ -92.281270063377775, 42.061328991489695, 86400.0 ], [ -92.317314599092583, 42.088679872288097, 86400.0 ], [ -92.330964546843759, 42.101175047172589, 86400.0 ], [ -92.357244659373137, 42.122102866606411, 86400.0 ], [ -92.380613059340021, 42.141578973148341, 86400.0 ], [ -92.397281430598881, 42.157219338885476, 86400.0 ], [ -92.422321848676319, 42.181228358331403, 86400.0 ], [ -92.436882757361445, 42.197128863418968, 86400.0 ], [ -92.459081240657326, 42.221449161759999, 86400.0 ], [ -92.476763594430722, 42.240398587456646, 86400.0 ], [ -92.495088270360824, 42.261612982220875, 86400.0 ], [ -92.517433063289999, 42.293541914356567, 86400.0 ], [ -92.523972075135532, 42.301502446663811, 86400.0 ], [ -92.545416050583668, 42.341549734061033, 86400.0 ], [ -92.556782603465109, 42.366509959772607, 86400.0 ], [ -92.562353306203832, 42.381693530492541, 86400.0 ], [ -92.577485575679518, 42.421217587173274, 86400.0 ], [ -92.589522556131413, 42.461223955675578, 86400.0 ], [ -92.597111791920568, 42.484369307253409, 86400.0 ], [ -92.603612875675935, 42.501425033624081, 86400.0 ], [ -92.616301797881178, 42.541656097343775, 86400.0 ], [ -92.628965323119047, 42.581886040854144, 86400.0 ], [ -92.636960464460174, 42.609615798824358, 86400.0 ], [ -92.639111336357757, 42.621271912464032, 86400.0 ], [ -92.645205938403876, 42.661650734228012, 86400.0 ], [ -92.65183477725995, 42.701116172579056, 86400.0 ], [ -92.657883128321288, 42.741494879315745, 86400.0 ], [ -92.67704301395149, 42.760128541458322, 86400.0 ], [ -92.703618100165826, 42.781071479998772, 86400.0 ], [ -92.7171819022942, 42.795927987439796, 86400.0 ], [ -92.742469295202469, 42.821436515866623, 86400.0 ], [ -92.75706260077564, 42.835492257475423, 86400.0 ], [ -92.781720701855903, 42.861006993620379, 86400.0 ], [ -92.797374874695919, 42.88119239641884, 86400.0 ], [ -92.812987028532817, 42.901392730290077, 86400.0 ], [ -92.834090420939901, 42.94165714552642, 86400.0 ], [ -92.837036908478126, 42.947886792335026, 86400.0 ], [ -92.854317190695113, 42.981671354172008, 86400.0 ], [ -92.870741871265253, 43.02177717624955, 86400.0 ], [ -92.876831337346587, 43.038731219686831, 86400.0 ], [ -92.885666841646383, 43.061017832249512, 86400.0 ], [ -92.901312336453557, 43.101138345434734, 86400.0 ], [ -92.91482672328101, 43.141310784570727, 86400.0 ], [ -92.916930465066685, 43.146659267525521, 86400.0 ], [ -92.928041673335727, 43.181489020138685, 86400.0 ], [ -92.936580016896926, 43.221785698826267, 86400.0 ], [ -92.946941625035535, 43.261134151272181, 86400.0 ], [ -92.956984016672763, 43.300489677539097, 86400.0 ], [ -92.957042195583412, 43.301388508540001, 86400.0 ], [ -92.963640037315869, 43.341732614350761, 86400.0 ], [ -92.962794546414997, 43.381369016589446, 86400.0 ], [ -92.964673682375974, 43.421834871046045, 86400.0 ], [ -92.961776375834461, 43.461524083272117, 86400.0 ], [ -92.956675908011434, 43.48776536321428, 86400.0 ], [ -92.954676516566138, 43.501321800400795, 86400.0 ], [ -92.957799828306364, 43.518079197642081, 86400.0 ], [ -92.996850417804396, 43.539836843557637, 86400.0 ], [ -92.999610564952775, 43.541565011024574, 86400.0 ], [ -93.036934703950166, 43.566323579718038, 86400.0 ], [ -93.06244654068675, 43.581039469092282, 86400.0 ], [ -93.077802996485914, 43.590717667936765, 86400.0 ], [ -93.117473590143419, 43.615265832376224, 86400.0 ], [ -93.140086949232455, 43.621147287555907, 86400.0 ], [ -93.157638678421051, 43.624967827296402, 86400.0 ], [ -93.197822084403413, 43.634770405281522, 86400.0 ], [ -93.236893589411181, 43.646709607447541, 86400.0 ], [ -93.269403046369447, 43.661101958067242, 86400.0 ], [ -93.277525840760461, 43.664249231127052, 86400.0 ], [ -93.31676912558909, 43.678664560566496, 86400.0 ], [ -93.357606135578635, 43.67683862726264, 86400.0 ], [ -93.397299094590423, 43.676765561782439, 86400.0 ], [ -93.437001184756696, 43.676855295421952, 86400.0 ], [ -93.476779287779451, 43.678259166796636, 86400.0 ], [ -93.517856275578438, 43.680629086577802, 86400.0 ], [ -93.557713427550951, 43.683297210359861, 86400.0 ], [ -93.59748034173235, 43.684399249470324, 86400.0 ], [ -93.637337172449321, 43.686964514968366, 86400.0 ], [ -93.677294867654879, 43.691123856124712, 86400.0 ], [ -93.717269332469797, 43.695465619446054, 86400.0 ], [ -93.757249073517173, 43.699800067233902, 86400.0 ], [ -93.768502095304811, 43.701141695510891, 86400.0 ], [ -93.797207315961188, 43.703703833322479, 86400.0 ], [ -93.837203305879427, 43.708117905957302, 86400.0 ], [ -93.877318614607162, 43.714289465315375, 86400.0 ], [ -93.917382335576704, 43.719544289539222, 86400.0 ], [ -93.957544481460715, 43.726185837822044, 86400.0 ], [ -93.997796763340347, 43.734046773413006, 86400.0 ], [ -94.026829439170754, 43.741109213587563, 86400.0 ], [ -94.036964094892596, 43.744081560770873, 86400.0 ], [ -94.077726933669823, 43.759118074132992, 86400.0 ], [ -94.117303393442825, 43.77466971627203, 86400.0 ], [ -94.132670472486836, 43.781292057751124, 86400.0 ], [ -94.157073753575133, 43.79271363700888, 86400.0 ], [ -94.197048866301159, 43.813328309708389, 86400.0 ], [ -94.212509939403688, 43.821014125418174, 86400.0 ], [ -94.236979728750725, 43.83292184526924, 86400.0 ], [ -94.276823214282658, 43.85645981897855, 86400.0 ], [ -94.286281318046633, 43.86136570449662, 86400.0 ], [ -94.317204643536414, 43.876022258372991, 86400.0 ], [ -94.357547752397792, 43.900121023744809, 86400.0 ], [ -94.358533698894718, 43.901078231163396, 86400.0 ], [ -94.397163554434485, 43.922100712190407, 86400.0 ], [ -94.424090443722292, 43.941099331866596, 86400.0 ], [ -94.437119242384057, 43.948734357951004, 86400.0 ], [ -94.47703213612769, 43.973905765950235, 86400.0 ], [ -94.48693596622148, 43.981405107444992, 86400.0 ], [ -94.517170888503429, 44.004730008196759, 86400.0 ], [ -94.536428861996185, 44.021069224251598, 86400.0 ], [ -94.556997598819621, 44.037352746023636, 86400.0 ], [ -94.583809547628391, 44.061483402629662, 86400.0 ], [ -94.596752829716777, 44.073564977112206, 86400.0 ], [ -94.627657136466027, 44.101120815009644, 86400.0 ], [ -94.637040939221706, 44.109741401159106, 86400.0 ], [ -94.672726571075685, 44.141591149130072, 86400.0 ], [ -94.67679338786057, 44.146825483749986, 86400.0 ], [ -94.707271867142765, 44.18129302440002, 86400.0 ], [ -94.716971155429576, 44.197380564820435, 86400.0 ], [ -94.728841396512721, 44.221193579745396, 86400.0 ], [ -94.751224029119427, 44.261002803992575, 86400.0 ], [ -94.756894329282332, 44.269160471229647, 86400.0 ], [ -94.773091500859508, 44.301265103132536, 86400.0 ], [ -94.792845571223026, 44.341843998195102, 86400.0 ], [ -94.797151830130986, 44.352464865350349, 86400.0 ], [ -94.809657311648067, 44.381643369585596, 86400.0 ], [ -94.825945706689566, 44.421462292543936, 86400.0 ], [ -94.836816244752015, 44.450706880787422, 86400.0 ], [ -94.841259718651457, 44.461320162168597, 86400.0 ], [ -94.860287275449991, 44.501017508875975, 86400.0 ], [ -94.871915243506834, 44.541028191293826, 86400.0 ], [ -94.876759382028524, 44.557924004209355, 86400.0 ], [ -94.88287825482395, 44.581066082836728, 86400.0 ], [ -94.892247660008337, 44.621171260394483, 86400.0 ], [ -94.895071893880754, 44.661556978199116, 86400.0 ], [ -94.893345442397276, 44.70123793661746, 86400.0 ], [ -94.888693655746536, 44.74104435861743, 86400.0 ], [ -94.883036925099802, 44.781793744135811, 86400.0 ], [ -94.876533518427308, 44.816277974504253, 86400.0 ], [ -94.875712416073299, 44.821714008741324, 86400.0 ], [ -94.868864056775365, 44.861613378389656, 86400.0 ], [ -94.860452393357676, 44.901578962026434, 86400.0 ], [ -94.85058453718392, 44.941605849695705, 86400.0 ], [ -94.839698084170706, 44.981675071125629, 86400.0 ], [ -94.836681061774044, 44.991240964749537, 86400.0 ], [ -94.826566270453469, 45.021801966238463, 86400.0 ], [ -94.810818203934858, 45.061005108443993, 86400.0 ], [ -94.796173434529834, 45.090632069422846, 86400.0 ], [ -94.790603931200678, 45.10166800320539, 86400.0 ], [ -94.770854172822581, 45.141202431409447, 86400.0 ], [ -94.756434475722628, 45.162508320371543, 86400.0 ], [ -94.743394361932488, 45.181054531214812, 86400.0 ], [ -94.716735523069104, 45.213881851470404, 86400.0 ], [ -94.709455317236817, 45.221167825004159, 86400.0 ], [ -94.676227847855088, 45.255840881216038, 86400.0 ], [ -94.670933852848975, 45.261033500461977, 86400.0 ], [ -94.635844753975277, 45.297096265966864, 86400.0 ], [ -94.630865078086373, 45.301166729766962, 86400.0 ], [ -94.596606186637061, 45.332890239417992, 86400.0 ], [ -94.587290896403942, 45.341366636392493, 86400.0 ], [ -94.556337736965077, 45.36511121440288, 86400.0 ], [ -94.536892555782686, 45.381188875904897, 86400.0 ], [ -94.516057318853669, 45.396418142694607, 86400.0 ], [ -94.482165627648627, 45.421042157752403, 86400.0 ], [ -94.476734488772678, 45.424072603320738, 86400.0 ], [ -94.436138824232188, 45.453515608386169, 86400.0 ], [ -94.423188093920274, 45.461267215930675, 86400.0 ], [ -94.396332253511517, 45.484359781211985, 86400.0 ], [ -94.365958665511641, 45.50127780699691, 86400.0 ], [ -94.35584475522694, 45.506942826601815, 86400.0 ], [ -94.31661886189157, 45.529691446378528, 86400.0 ], [ -94.298638588587991, 45.541640204951918, 86400.0 ], [ -94.276607474221592, 45.551469674614125, 86400.0 ], [ -94.236598011621837, 45.572614418060958, 86400.0 ], [ -94.220571197846525, 45.581089189124199, 86400.0 ], [ -94.195898400936969, 45.594035064816332, 86400.0 ], [ -94.156107415066344, 45.608130877720228, 86400.0 ], [ -94.126085073519263, 45.621167322694617, 86400.0 ], [ -94.116705689783117, 45.625761676339238, 86400.0 ], [ -94.075959304309848, 45.637541798698166, 86400.0 ], [ -94.035639163015247, 45.647879348121172, 86400.0 ], [ -93.99632060675215, 45.654464014799139, 86400.0 ], [ -93.963417260238586, 45.661126784029022, 86400.0 ], [ -93.956040645734177, 45.662950671421591, 86400.0 ], [ -93.916619158675118, 45.671170537185937, 86400.0 ], [ -93.876113304274313, 45.679590887993847, 86400.0 ], [ -93.835616825689371, 45.688324643335925, 86400.0 ], [ -93.796288722110177, 45.695528259567439, 86400.0 ], [ -93.759531916726914, 45.701099018516267, 86400.0 ], [ -93.75558346163028, 45.701503007772551, 86400.0 ], [ -93.716197461669935, 45.708126542627845, 86400.0 ], [ -93.676147777400331, 45.724353113070173, 86400.0 ], [ -93.643827316364622, 45.741172927054883, 86400.0 ], [ -93.636593110696438, 45.744686956207339, 86400.0 ], [ -93.596467050282627, 45.764384650617188, 86400.0 ], [ -93.567006236552814, 45.781085985724168, 86400.0 ], [ -93.556584500985011, 45.784400408803059, 86400.0 ], [ -93.51660167221182, 45.803271668221512, 86400.0 ], [ -93.476630224432839, 45.818077393903501, 86400.0 ], [ -93.468812828101633, 45.821265565545943, 86400.0 ], [ -93.435881742677566, 45.830073048932178, 86400.0 ], [ -93.396561293213097, 45.839868653988859, 86400.0 ], [ -93.355863162121111, 45.848403890841531, 86400.0 ], [ -93.316532144306734, 45.858471784308293, 86400.0 ], [ -93.302794205337563, 45.861042465344561, 86400.0 ], [ -93.275750935115852, 45.866030245953532, 86400.0 ], [ -93.236268102614972, 45.87394518086117, 86400.0 ], [ -93.195475429548637, 45.881688191703837, 86400.0 ], [ -93.155919516806478, 45.888708155254065, 86400.0 ], [ -93.116358162263808, 45.895807782953426, 86400.0 ], [ -93.085936546519591, 45.901312430108035, 86400.0 ], [ -93.07661713577744, 45.902463995935094, 86400.0 ], [ -93.03584613852891, 45.908728481324324, 86400.0 ], [ -92.996605465411122, 45.915392533426861, 86400.0 ], [ -92.956440541539621, 45.91889903421032, 86400.0 ], [ -92.916644397850888, 45.922410581131579, 86400.0 ], [ -92.876659076076479, 45.922361355285048, 86400.0 ], [ -92.836722112114302, 45.923257936017073, 86400.0 ], [ -92.796718164180945, 45.922847274205772, 86400.0 ], [ -92.756645475358809, 45.921036870809658, 86400.0 ], [ -92.716598974258545, 45.919708260915343, 86400.0 ], [ -92.676494822643434, 45.917140711092969, 86400.0 ], [ -92.636370117638336, 45.914060193738344, 86400.0 ], [ -92.596152662606514, 45.908895277466058, 86400.0 ], [ -92.555953102906741, 45.903955962527611, 86400.0 ], [ -92.530030685385938, 45.900966456821408, 86400.0 ], [ -92.51588863369436, 45.898195175645895, 86400.0 ], [ -92.476567007215976, 45.89365452387284, 86400.0 ], [ -92.43654067674872, 45.885802667200508, 86400.0 ], [ -92.396372279271617, 45.880864846380426, 86400.0 ], [ -92.356173488027324, 45.875038421881534, 86400.0 ], [ -92.315912376876156, 45.867508262370272, 86400.0 ], [ -92.292443478459845, 45.860788965438353, 86400.0 ], [ -92.275554444446669, 45.857337231898221, 86400.0 ], [ -92.236568853392015, 45.848899422307099, 86400.0 ], [ -92.196292790352842, 45.840093043939795, 86400.0 ], [ -92.174010230737636, 45.861113578249423, 86400.0 ], [ -92.168387973081991, 45.901721340738753, 86400.0 ], [ -92.161956245486962, 45.941443880763202, 86400.0 ], [ -92.156729767235419, 45.971242988183938, 86400.0 ], [ -92.152432569083203, 45.981224111445194, 86400.0 ], [ -92.141368428854861, 46.021032177479825, 86400.0 ], [ -92.125712067431849, 46.06182444244746, 86400.0 ], [ -92.115911519023086, 46.097093089008304, 86400.0 ], [ -92.114931520094345, 46.10162413807749, 86400.0 ], [ -92.101281719602795, 46.141475356309236, 86400.0 ], [ -92.087095138730888, 46.18133447912642, 86400.0 ], [ -92.076743273923782, 46.200422569979381, 86400.0 ], [ -92.061830241944904, 46.221391984039904, 86400.0 ], [ -92.036491859776206, 46.259031930242735, 86400.0 ], [ -92.033660396120482, 46.261495329057233, 86400.0 ], [ -91.999105577857847, 46.301438196341401, 86400.0 ], [ -91.996603615552871, 46.304058245774577, 86400.0 ], [ -91.9607305189339, 46.341066080878456, 86400.0 ], [ -91.956495702231592, 46.344730120826888, 86400.0 ], [ -91.91613661201076, 46.376020352889228, 86400.0 ], [ -91.910977996976769, 46.381139457671146, 86400.0 ], [ -91.876106802895279, 46.409982192168769, 86400.0 ], [ -91.862571565955363, 46.421002779802407, 86400.0 ], [ -91.836326243822498, 46.443025812518222, 86400.0 ], [ -91.806980280714129, 46.46120000586162, 86400.0 ], [ -91.795599419155181, 46.471563768959911, 86400.0 ], [ -91.756115994146143, 46.499499108239725, 86400.0 ], [ -91.75394980532856, 46.501014674714341, 86400.0 ], [ -91.716564311212892, 46.525879883704448, 86400.0 ], [ -91.693544058560548, 46.54105208148755, 86400.0 ], [ -91.675721438109036, 46.554383085877355, 86400.0 ], [ -91.636470116196335, 46.574749548085208, 86400.0 ], [ -91.627469948338771, 46.581177343858641, 86400.0 ], [ -91.596123840829748, 46.599287121275374, 86400.0 ], [ -91.556437374477312, 46.619962054646258, 86400.0 ], [ -91.553659681021685, 46.621120197108858, 86400.0 ], [ -91.516287214154602, 46.639322928083182, 86400.0 ], [ -91.476365927057472, 46.660842692100942, 86400.0 ], [ -91.475072303715834, 46.661341442525462, 86400.0 ], [ -91.436264129221499, 46.676738960606876, 86400.0 ], [ -91.395969933546738, 46.686076878810773, 86400.0 ], [ -91.356322521661852, 46.696301065174886, 86400.0 ], [ -91.339072327745924, 46.7010036948992, 86400.0 ], [ -91.316723377936583, 46.70783921741581, 86400.0 ], [ -91.27621740252782, 46.710042099641015, 86400.0 ], [ -91.235933584887661, 46.722117104153682, 86400.0 ], [ -91.195474956687463, 46.727091842814247, 86400.0 ], [ -91.156400542093877, 46.735935607373108, 86400.0 ], [ -91.133428461969402, 46.741020578395258, 86400.0 ], [ -91.116218263325337, 46.743889380142029, 86400.0 ], [ -91.075585436830139, 46.750577641571631, 86400.0 ], [ -91.03633276521974, 46.754702831252089, 86400.0 ], [ -90.995941448957993, 46.76563874121198, 86400.0 ], [ -90.956695549304541, 46.768203047779451, 86400.0 ], [ -90.933159970251452, 46.770536849625984, 86400.0 ], [ -90.932705427499656, 46.770728661254267, 86400.0 ] ] ] } },
{ "type": "Feature", "properties": { "cat": 1, "level": 86400.0 }, "geometry": { "type": "MultiLineString", "coordinates": [ [ [ -90.932705427499656, 46.770728661254267, 86400.0 ], [ -90.931858971796501, 46.771048737765902, 86400.0 ], [ -90.912168528563484, 46.768511245225881, 86400.0 ], [ -90.87148784864722, 46.763702113032714, 86400.0 ], [ -90.872798808720972, 46.763782555153142, 86400.0 ], [ -90.913480206085694, 46.768623578763709, 86400.0 ], [ -90.931858971796501, 46.771048737765902, 86400.0 ], [ -90.932705427499656, 46.770728661254267, 86400.0 ] ] ] } },
{ "type": "Feature", "properties": { "cat": 1, "level": 86400.0 }, "geometry": { "type": "MultiLineString", "coordinates": [ [ [ -87.306155023981276, 45.471220991347302, 86400.0 ], [ -87.307401776021351, 45.471906262706199, 86400.0 ], [ -87.327265903925948, 45.491408197065709, 86400.0 ], [ -87.338540888331792, 45.502472568615616, 86400.0 ], [ -87.371133875019936, 45.532013138041577, 86400.0 ], [ -87.378427280767767, 45.53669830502821, 86400.0 ], [ -87.418120230140161, 45.568769550639274, 86400.0 ], [ -87.420558642942353, 45.571494904961135, 86400.0 ], [ -87.458976865511275, 45.600606828603667, 86400.0 ], [ -87.475156807531221, 45.61153604737413, 86400.0 ], [ -87.49877894216813, 45.628332608805529, 86400.0 ], [ -87.531656009899947, 45.651721976722648, 86400.0 ], [ -87.538574088199297, 45.655471548409764, 86400.0 ], [ -87.578653324070757, 45.680216979131629, 86400.0 ], [ -87.594872758215018, 45.691289109839303, 86400.0 ], [ -87.618782996751946, 45.702915597117077, 86400.0 ], [ -87.658808148937268, 45.72460376535247, 86400.0 ], [ -87.671481100105737, 45.732063234542785, 86400.0 ], [ -87.699256302250433, 45.745454923325021, 86400.0 ], [ -87.738256889394577, 45.76660883605868, 86400.0 ], [ -87.747692621808312, 45.771393456319529, 86400.0 ], [ -87.778608475273501, 45.786877895460307, 86400.0 ], [ -87.818211351267053, 45.803363579103191, 86400.0 ], [ -87.844564434795075, 45.811453277469724, 86400.0 ], [ -87.858396988114919, 45.819424688630853, 86400.0 ], [ -87.898174517470665, 45.830063923194189, 86400.0 ], [ -87.938796660255107, 45.838904458163583, 86400.0 ], [ -87.978561062525216, 45.843407043435754, 86400.0 ], [ -87.998879012, 45.851453576444328, 86400.0 ], [ -88.018180601548082, 45.852012459774706, 86400.0 ], [ -88.058798261871999, 45.869302118104102, 86400.0 ], [ -88.098469149474582, 45.877300223558215, 86400.0 ], [ -88.138253781470652, 45.882233518046782, 86400.0 ], [ -88.179290294704685, 45.888514576208202, 86400.0 ], [ -88.212695366623279, 45.891868907948108, 86400.0 ], [ -88.219141135567341, 45.891849067012132, 86400.0 ], [ -88.258969689941836, 45.896048226798506, 86400.0 ], [ -88.286207179962403, 45.890655923810897, 86400.0 ], [ -88.292157149620706, 45.891535032591875, 86400.0 ], [ -88.298941012190483, 45.895769007459009, 86400.0 ], [ -88.338783038310581, 45.899810430918549, 86400.0 ], [ -88.378655283813387, 45.903011614614883, 86400.0 ], [ -88.418456512812597, 45.908873348427271, 86400.0 ], [ -88.458318017244437, 45.912860145588517, 86400.0 ], [ -88.498264516563168, 45.913907298519732, 86400.0 ], [ -88.538248057576553, 45.91360027632944, 86400.0 ], [ -88.578263564612385, 45.912023496238866, 86400.0 ], [ -88.61812526287369, 45.916550848955815, 86400.0 ], [ -88.658088990929883, 45.917114404154539, 86400.0 ], [ -88.698456808915452, 45.919386272458873, 86400.0 ], [ -88.739261788116366, 45.920301285084506, 86400.0 ], [ -88.779229395029489, 45.920864025549143, 86400.0 ], [ -88.818270032789925, 45.92608825351288, 86400.0 ], [ -88.826726134705851, 45.931380931223543, 86400.0 ], [ -88.858682326723184, 45.945618028400546, 86400.0 ], [ -88.898314941188346, 45.964063414455502, 86400.0 ], [ -88.917530409675038, 45.971500397527663, 86400.0 ], [ -88.938147896076316, 45.979464816895188, 86400.0 ], [ -88.979093530929234, 45.993168507128324, 86400.0 ], [ -89.018942413892958, 46.003547157592102, 86400.0 ], [ -89.054975516850078, 46.011289926931994, 86400.0 ], [ -89.056268693093187, 46.011208170429839, 86400.0 ], [ -89.057557828465789, 46.011364081074149, 86400.0 ], [ -89.058840423306364, 46.011905988328024, 86400.0 ], [ -89.09870483570397, 46.02307020097129, 86400.0 ], [ -89.138638255848932, 46.030822992857125, 86400.0 ], [ -89.178582975856202, 46.038565020297384, 86400.0 ], [ -89.21856966304918, 46.044120288299858, 86400.0 ], [ -89.258101979176189, 46.051288492403742, 86400.0 ], [ -89.298558290250469, 46.055921379674331, 86400.0 ], [ -89.336219347935966, 46.09136767428226, 86400.0 ], [ -89.338080166706959, 46.094978342936663, 86400.0 ], [ -89.350029723803857, 46.131945528098029, 86400.0 ], [ -89.362083002015453, 46.171611670469389, 86400.0 ], [ -89.378095032810251, 46.21129786561098, 86400.0 ], [ -89.406756533556219, 46.25194781584743, 86400.0 ], [ -89.41810913395642, 46.262805477430099, 86400.0 ], [ -89.446163543009504, 46.291735078348445, 86400.0 ], [ -89.458795166374102, 46.310702037169989, 86400.0 ], [ -89.479417210748153, 46.33149623982554, 86400.0 ], [ -89.498581389774671, 46.355879968043418, 86400.0 ], [ -89.515628725225838, 46.371252188140282, 86400.0 ], [ -89.538537260607043, 46.395644837601395, 86400.0 ], [ -89.551649405385163, 46.411664165044094, 86400.0 ], [ -89.578863560010348, 46.426095429858371, 86400.0 ], [ -89.619034802494028, 46.451449273866437, 86400.0 ], [ -89.658535914561384, 46.477958229318524, 86400.0 ], [ -89.657930133696709, 46.478458590528732, 86400.0 ], [ -89.658087917530835, 46.480656611606648, 86400.0 ], [ -89.669813885386901, 46.49148993211319, 86400.0 ], [ -89.698119936626597, 46.514028737576083, 86400.0 ], [ -89.721484169584969, 46.531223086969902, 86400.0 ], [ -89.738394955476792, 46.542758588612038, 86400.0 ], [ -89.778741269406893, 46.564392615225579, 86400.0 ], [ -89.792653948347706, 46.571869503264523, 86400.0 ], [ -89.819119130488801, 46.586178621625571, 86400.0 ], [ -89.858216711947321, 46.610540256182993, 86400.0 ], [ -89.860826051182102, 46.611544247797781, 86400.0 ], [ -89.898276391834742, 46.628705062894049, 86400.0 ], [ -89.932969613632139, 46.651227665871893, 86400.0 ], [ -89.93809693507626, 46.653930190862688, 86400.0 ], [ -89.978340324170674, 46.671413640751723, 86400.0 ], [ -89.997951174792846, 46.683608942720369, 86400.0 ], [ -89.998046437912649, 46.683642831268024, 86400.0 ] ] ] } },
{ "type": "Feature", "properties": { "cat": 1, "level": 86400.0 }, "geometry": { "type": "MultiLineString", "coordinates": [ [ [ -87.323152525993706, 45.022355961107927, 86400.0 ], [ -87.322530485503819, 45.02144123272393, 86400.0 ], [ -87.302138305684991, 45.017629938094743, 86400.0 ], [ -87.261960277104819, 45.00845072758279, 86400.0 ], [ -87.235998478319928, 45.000475343308061, 86400.0 ], [ -87.223149693918657, 44.997496174933396, 86400.0 ], [ -87.181971515593332, 44.983384730371995, 86400.0 ], [ -87.183223998064577, 44.983711266381839, 86400.0 ], [ -87.224417735997307, 44.997511810600749, 86400.0 ], [ -87.236949724966223, 45.000755038524424, 86400.0 ], [ -87.263223040958508, 45.008582422638817, 86400.0 ], [ -87.303383659031468, 45.01813854678786, 86400.0 ], [ -87.322530485503819, 45.02144123272393, 86400.0 ], [ -87.323152525993706, 45.022355961107927, 86400.0 ] ] ] } },
{ "type": "Feature", "properties": { "cat": 1, "level": 86400.0 }, "geometry": { "type": "MultiLineString", "coordinates": [ [ [ -87.323152525993706, 45.022355961107927, 86400.0 ], [ -87.323479586876076, 45.022688729466019, 86400.0 ], [ -87.323479586876076, 45.022688729466019, 86400.0 ], [ -87.323152525993706, 45.022355961107927, 86400.0 ] ] ] } },
{ "type": "Feature", "properties": { "cat": 1, "level": 86400.0 }, "geometry": { "type": "MultiLineString", "coordinates": [ [ [ -89.039976861397733, 41.000409483979006, 86400.0 ], [ -89.039722121941011, 41.0004443988745, 86400.0 ], [ -89.019466598581062, 41.003216940129846, 86400.0 ], [ -88.978945662764644, 41.009075446079812, 86400.0 ], [ -88.93959251827377, 41.015833634035758, 86400.0 ], [ -88.915728621314216, 41.020515853382172, 86400.0 ], [ -88.899030540797099, 41.023274193504385, 86400.0 ], [ -88.859653742254878, 41.030446103801147, 86400.0 ], [ -88.819064459490122, 41.038415198531119, 86400.0 ], [ -88.779693195766072, 41.044335247835633, 86400.0 ], [ -88.739060319491671, 41.053641183989313, 86400.0 ], [ -88.721073155315111, 41.060702934745535, 86400.0 ], [ -88.69946028787848, 41.070353465632358, 86400.0 ], [ -88.659877870620861, 41.08520991328389, 86400.0 ], [ -88.627414245545452, 41.100474383334358, 86400.0 ], [ -88.618984442106466, 41.104949479911795, 86400.0 ], [ -88.579524309382393, 41.126259381682196, 86400.0 ], [ -88.553891395166104, 41.14058505363694, 86400.0 ], [ -88.539492965898432, 41.149177197816975, 86400.0 ], [ -88.499598402575714, 41.170047465408523, 86400.0 ], [ -88.479091116916152, 41.180480814479004, 86400.0 ], [ -88.459783906016909, 41.190311629638799, 86400.0 ], [ -88.419909185840183, 41.212052951381843, 86400.0 ], [ -88.405386825612212, 41.220612467281079, 86400.0 ], [ -88.379932477674359, 41.236848505424611, 86400.0 ], [ -88.345918873382942, 41.260664632228327, 86400.0 ], [ -88.33982648528071, 41.265545313890485, 86400.0 ], [ -88.299574161519089, 41.29850941622491, 86400.0 ], [ -88.295939215136983, 41.300492654069302, 86400.0 ], [ -88.259325877316343, 41.329780046850267, 86400.0 ], [ -88.238632077589003, 41.340415576853417, 86400.0 ], [ -88.219272492812735, 41.352473681085705, 86400.0 ], [ -88.179164865179985, 41.376106998327494, 86400.0 ], [ -88.1718626298142, 41.380646543754487, 86400.0 ], [ -88.138940966755754, 41.406395152782203, 86400.0 ], [ -88.119614580515815, 41.420491146467533, 86400.0 ], [ -88.09968108665133, 41.436310491574567, 86400.0 ], [ -88.066655287032475, 41.461042441219433, 86400.0 ], [ -88.059267314109306, 41.466994008403752, 86400.0 ], [ -88.02132540038096, 41.500799685194067, 86400.0 ], [ -88.019878337229713, 41.502096716961901, 86400.0 ], [ -87.982085018422751, 41.540645589822901, 86400.0 ], [ -87.979749560733069, 41.543306421167905, 86400.0 ], [ -87.940298235920849, 41.580432001684059, 86400.0 ], [ -87.939487612372972, 41.581318080977915, 86400.0 ], [ -87.899387923101941, 41.597028789057305, 86400.0 ], [ -87.859587992409814, 41.60318204620836, 86400.0 ], [ -87.819830241499105, 41.607861120146858, 86400.0 ], [ -87.778890629212029, 41.61184219754999, 86400.0 ], [ -87.739104687632235, 41.617015026751183, 86400.0 ], [ -87.721436991708117, 41.620430130306971, 86400.0 ], [ -87.699232288231173, 41.624442798586813, 86400.0 ], [ -87.659278194559505, 41.633876785556147, 86400.0 ], [ -87.619317946396379, 41.643162808982176, 86400.0 ], [ -87.579139960553917, 41.657955538342534, 86400.0 ], [ -87.572151296055807, 41.660600187021032, 86400.0 ], [ -87.538852688365523, 41.676101822047933, 86400.0 ], [ -87.50086210311602, 41.694502308143058, 86400.0 ], [ -87.499745096607882, 41.695069606375547, 86400.0 ] ] ] } },
{ "type": "Feature", "properties": { "cat": 1, "level": 14400.0 }, "geometry": { "type": "MultiLineString", "coordinates": [ [ [ -90.72840167024718, 45.93077721476206, 14400.0 ], [ -90.729357834921657, 45.930745441321754, 14400.0 ], [ -90.746114985686134, 45.929872628572305, 14400.0 ], [ -90.750660006982613, 45.928833176681813, 14400.0 ], [ -90.786025206537701, 45.924462001743152, 14400.0 ], [ -90.825906370038382, 45.917614734376599, 14400.0 ], [ -90.86641073929988, 45.901914219496859, 14400.0 ], [ -90.888635515473325, 45.888687012311209, 14400.0 ], [ -90.906483511895587, 45.876566539737993, 14400.0 ], [ -90.93530033285451, 45.848270800279984, 14400.0 ], [ -90.946613697945054, 45.834677474798575, 14400.0 ], [ -90.95557706879444, 45.808613776075489, 14400.0 ], [ -90.964458328939116, 45.768827025017501, 14400.0 ], [ -90.960790271094652, 45.728356817647267, 14400.0 ], [ -90.947502920639891, 45.688866436928286, 14400.0 ], [ -90.945840861804086, 45.687080142115278, 14400.0 ], [ -90.906903708076499, 45.648694303019035, 14400.0 ], [ -90.905387290937426, 45.646906251771988, 14400.0 ], [ -90.865639269511888, 45.622013194797844, 14400.0 ], [ -90.835470426053291, 45.608865634324665, 14400.0 ], [ -90.825508616591137, 45.606109442169291, 14400.0 ], [ -90.785314228456713, 45.598962019916016, 14400.0 ], [ -90.745462704471791, 45.591362458559161, 14400.0 ], [ -90.705714856963539, 45.591176635847781, 14400.0 ], [ -90.664747623506301, 45.596280488213758, 14400.0 ], [ -90.625712457139429, 45.603778357895472, 14400.0 ], [ -90.607521078945652, 45.609276821215943, 14400.0 ], [ -90.585495738960432, 45.619936199963099, 14400.0 ], [ -90.545826292103243, 45.643789846804147, 14400.0 ], [ -90.537621699596201, 45.649228984323521, 14400.0 ], [ -90.505823460436147, 45.680875447953554, 14400.0 ], [ -90.499865149819243, 45.689001965437285, 14400.0 ], [ -90.487187723394655, 45.729558017455105, 14400.0 ], [ -90.481807712565995, 45.769181813203666, 14400.0 ], [ -90.490542636463559, 45.809645366398101, 14400.0 ], [ -90.506024256168772, 45.84377824088407, 14400.0 ], [ -90.510613648511011, 45.849041639949832, 14400.0 ], [ -90.54633874874763, 45.880492793520453, 14400.0 ], [ -90.558670185642271, 45.888960545783576, 14400.0 ], [ -90.585883632419353, 45.902811458611843, 14400.0 ], [ -90.626028541322071, 45.918622176616587, 14400.0 ], [ -90.66610368511806, 45.926695210171516, 14400.0 ], [ -90.691929198901917, 45.929040743303744, 14400.0 ], [ -90.706116184860406, 45.928914157840701, 14400.0 ], [ -90.711277129116979, 45.929028969659278, 14400.0 ], [ -90.715143743267788, 45.928795425614958, 14400.0 ], [ -90.718967834583097, 45.929036968298909, 14400.0 ], [ -90.728068472831879, 45.93078745249759, 14400.0 ], [ -90.72840167024718, 45.93077721476206, 14400.0 ] ] ] } },
{ "type": "Feature", "properties": { "cat": 1, "level": 14400.0 }, "geometry": { "type": "MultiLineString", "coordinates": [ [ [ -88.567724436281139, 45.076260617221863, 14400.0 ], [ -88.568656109942964, 45.076037948787395, 14400.0 ], [ -88.585242399278059, 45.07322936026317, 14400.0 ], [ -88.60820554797958, 45.069332018840477, 14400.0 ], [ -88.648996302486239, 45.063460230703569, 14400.0 ], [ -88.687939130847113, 45.071404328938044, 14400.0 ], [ -88.698308182435781, 45.073512362991323, 14400.0 ], [ -88.698962116624386, 45.073330712468596, 14400.0 ], [ -88.703386356239818, 45.073678092097474, 14400.0 ], [ -88.72871367390043, 45.077392412359252, 14400.0 ], [ -88.768143095154414, 45.075444414590258, 14400.0 ], [ -88.804579909433414, 45.072684980263311, 14400.0 ], [ -88.808872835980395, 45.071931008341707, 14400.0 ], [ -88.848436642172558, 45.062968097763843, 14400.0 ], [ -88.88813762058308, 45.046286838679727, 14400.0 ], [ -88.910492788621525, 45.033238678530502, 14400.0 ], [ -88.927963774181478, 45.021658844327533, 14400.0 ], [ -88.959459895953401, 44.993189164966381, 14400.0 ], [ -88.96805551326915, 44.980319557869578, 14400.0 ], [ -88.978685372526101, 44.953137704722714, 14400.0 ], [ -88.986039917498161, 44.91331518206669, 14400.0 ], [ -88.980294114223881, 44.872756985901539, 14400.0 ], [ -88.96834360081229, 44.833042500613146, 14400.0 ], [ -88.967397508462625, 44.832133783944734, 14400.0 ], [ -88.927145401471819, 44.793182274432503, 14400.0 ], [ -88.887144042460577, 44.769419413004293, 14400.0 ], [ -88.853346327147761, 44.753007482443664, 14400.0 ], [ -88.84748224235102, 44.750871199142068, 14400.0 ], [ -88.806758511026345, 44.745266689004097, 14400.0 ], [ -88.767749508468057, 44.738100143113662, 14400.0 ], [ -88.727318837104562, 44.738608044779951, 14400.0 ], [ -88.686772352931143, 44.744200274895697, 14400.0 ], [ -88.647551167869267, 44.746801437551362, 14400.0 ], [ -88.607314254135318, 44.738945317858871, 14400.0 ], [ -88.567003405168421, 44.734523306301618, 14400.0 ], [ -88.526540858549609, 44.736316552895488, 14400.0 ], [ -88.48719784969569, 44.743518740107731, 14400.0 ], [ -88.447770259830889, 44.75351427971605, 14400.0 ], [ -88.407643857290992, 44.772589857083524, 14400.0 ], [ -88.37509469215523, 44.793735383706519, 14400.0 ], [ -88.367184666333969, 44.800823890196952, 14400.0 ], [ -88.337763626957766, 44.833705495885944, 14400.0 ], [ -88.327239568229203, 44.858436825070612, 14400.0 ], [ -88.324048796712191, 44.874012233519622, 14400.0 ], [ -88.319610622527406, 44.913553816132932, 14400.0 ], [ -88.326553051659403, 44.954162493608592, 14400.0 ], [ -88.327967367570153, 44.959584089324629, 14400.0 ], [ -88.345744817254669, 44.99404847936264, 14400.0 ], [ -88.367823424931061, 45.014169292897897, 14400.0 ], [ -88.39196893399118, 45.033675658748074, 14400.0 ], [ -88.408238446633746, 45.042159770111724, 14400.0 ], [ -88.448135231631696, 45.060295815797794, 14400.0 ], [ -88.48873582077141, 45.071352735965554, 14400.0 ], [ -88.497395254990181, 45.073556514421647, 14400.0 ], [ -88.514096991239086, 45.073184855707062, 14400.0 ], [ -88.51662911953261, 45.073525665664611, 14400.0 ], [ -88.52804636015297, 45.07419117045697, 14400.0 ], [ -88.567378622107711, 45.076316091435729, 14400.0 ], [ -88.567724436281139, 45.076260617221863, 14400.0 ] ] ] } },
{ "type": "Feature", "properties": { "cat": 1, "level": 14400.0 }, "geometry": { "type": "MultiLineString", "coordinates": [ [ [ -92.170899655566885, 44.773856545486545, 14400.0 ], [ -92.17063926870685, 44.773665247044839, 14400.0 ], [ -92.17065858343571, 44.774180609257137, 14400.0 ], [ -92.170899655566885, 44.773856545486545, 14400.0 ] ] ] } },
{ "type": "Feature", "properties": { "cat": 1, "level": 14400.0 }, "geometry": { "type": "MultiLineString", "coordinates": [ [ [ -91.977328529845011, 44.57753260237584, 14400.0 ], [ -91.976892903497088, 44.577245611052021, 14400.0 ], [ -91.976905344499897, 44.577612647370174, 14400.0 ], [ -91.977328529845011, 44.57753260237584, 14400.0 ] ] ] } },
{ "type": "Feature", "properties": { "cat": 1, "level": 14400.0 }, "geometry": { "type": "MultiLineString", "coordinates": [ [ [ -91.980895218412542, 44.539662334542122, 14400.0 ], [ -91.980639899508631, 44.539203600313449, 14400.0 ], [ -91.980683077743961, 44.540476704512074, 14400.0 ], [ -91.980895218412542, 44.539662334542122, 14400.0 ] ] ] } },
{ "type": "Feature", "properties": { "cat": 1, "level": 14400.0 }, "geometry": { "type": "MultiLineString", "coordinates": [ [ [ -92.394131132172589, 44.512839694658453, 14400.0 ], [ -92.394047298826919, 44.51194125001647, 14400.0 ], [ -92.393704228087813, 44.512914182300321, 14400.0 ], [ -92.394131132172589, 44.512839694658453, 14400.0 ] ] ] } },
{ "type": "Feature", "properties": { "cat": 1, "level": 14400.0 }, "geometry": { "type": "MultiLineString", "coordinates": [ [ [ -91.774229327532552, 44.36211711223909, 14400.0 ], [ -91.774143705471303, 44.361218211684324, 14400.0 ], [ -91.773874586769026, 44.362500149267028, 14400.0 ], [ -91.774229327532552, 44.36211711223909, 14400.0 ] ] ] } },
{ "type": "Feature", "properties": { "cat": 1, "level": 14400.0 }, "geometry": { "type": "MultiLineString", "coordinates": [ [ [ -91.837102233094555, 44.256695335055667, 14400.0 ], [ -91.837084944747716, 44.25668472860356, 14400.0 ], [ -91.837085603181464, 44.256705869536717, 14400.0 ], [ -91.837102233094555, 44.256695335055667, 14400.0 ] ] ] } },
{ "type": "Feature", "properties": { "cat": 1, "level": 14400.0 }, "geometry": { "type": "MultiLineString", "coordinates": [ [ [ -91.840061553706846, 44.255747444139416, 14400.0 ], [ -91.840286785205024, 44.254843569502292, 14400.0 ], [ -91.83956643781535, 44.255915239992703, 14400.0 ], [ -91.840061553706846, 44.255747444139416, 14400.0 ] ] ] } },
{ "type": "Feature", "properties": { "cat": 1, "level": 14400.0 }, "geometry": { "type": "MultiLineString", "coordinates": [ [ [ -91.84699808190156, 44.252934727777983, 14400.0 ], [ -91.846987806910931, 44.252881022628777, 14400.0 ], [ -91.84698975449561, 44.252943228221433, 14400.0 ], [ -91.84699808190156, 44.252934727777983, 14400.0 ] ] ] } },
{ "type": "Feature", "properties": { "cat": 1, "level": 14400.0 }, "geometry": { "type": "MultiLineString", "coordinates": [ [ [ -91.98738798144349, 44.19116134628775, 14400.0 ], [ -91.98655920989998, 44.190275514608466, 14400.0 ], [ -91.986489992200035, 44.192009458691956, 14400.0 ], [ -91.98738798144349, 44.19116134628775, 14400.0 ] ] ] } },
{ "type": "Feature", "properties": { "cat": 1, "level": 14400.0 }, "geometry": { "type": "MultiLineString", "coordinates": [ [ [ -92.014805941361701, 44.184379121622769, 14400.0 ], [ -92.013751293231778, 44.184117165251678, 14400.0 ], [ -92.01376503854371, 44.184520773284639, 14400.0 ], [ -92.014805941361701, 44.184379121622769, 14400.0 ] ] ] } },
{ "type": "Feature", "properties": { "cat": 1, "level": 14400.0 }, "geometry": { "type": "MultiLineString", "coordinates": [ [ [ -91.575621850102948, 43.794256269952335, 14400.0 ], [ -91.575488841301294, 43.794229707604813, 14400.0 ], [ -91.575490400300168, 43.794289034180643, 14400.0 ], [ -91.575621850102948, 43.794256269952335, 14400.0 ] ] ] } },
{ "type": "Feature", "properties": { "cat": 1, "level": 14400.0 }, "geometry": { "type": "MultiLineString", "coordinates": [ [ [ -91.031372948106323, 43.798663929406558, 14400.0 ], [ -91.03110981748695, 43.798630403698766, 14400.0 ], [ -91.031125378484262, 43.799535172662587, 14400.0 ], [ -91.031372948106323, 43.798663929406558, 14400.0 ] ] ] } },
{ "type": "Feature", "properties": { "cat": 1, "level": 14400.0 }, "geometry": { "type": "MultiLineString", "coordinates": [ [ [ -90.490386707693389, 43.778857150755506, 14400.0 ], [ -90.490177384389881, 43.77867039195651, 14400.0 ], [ -90.490179047024441, 43.77887390711394, 14400.0 ], [ -90.490386707693389, 43.778857150755506, 14400.0 ] ] ] } },
{ "type": "Feature", "properties": { "cat": 1, "level": 14400.0 }, "geometry": { "type": "MultiLineString", "coordinates": [ [ [ -91.559226129417382, 43.724256107287694, 14400.0 ], [ -91.558743292817709, 43.723832609371883, 14400.0 ], [ -91.558761133997734, 43.724520524475579, 14400.0 ], [ -91.559226129417382, 43.724256107287694, 14400.0 ] ] ] } },
{ "type": "Feature", "properties": { "cat": 1, "level": 14400.0 }, "geometry": { "type": "MultiLineString", "coordinates": [ [ [ -88.09044853321987, 43.662218398880043, 14400.0 ], [ -88.091701189845125, 43.661538763919616, 14400.0 ], [ -88.111678484780555, 43.657306427374706, 14400.0 ], [ -88.117148502130831, 43.656359152539061, 14400.0 ], [ -88.152863905382802, 43.648866941291651, 14400.0 ], [ -88.150699556977585, 43.638579416751554, 14400.0 ], [ -88.111013097213572, 43.638973683172821, 14400.0 ], [ -88.071301188292097, 43.640148386947622, 14400.0 ], [ -88.07196547540731, 43.655605743586904, 14400.0 ], [ -88.074969072099123, 43.65655671023498, 14400.0 ], [ -88.090439141315514, 43.662225098825466, 14400.0 ], [ -88.09044853321987, 43.662218398880043, 14400.0 ] ] ] } },
{ "type": "Feature", "properties": { "cat": 1, "level": 14400.0 }, "geometry": { "type": "MultiLineString", "coordinates": [ [ [ -91.420816385055858, 43.612618283128604, 14400.0 ], [ -91.420781871810249, 43.61251754594845, 14400.0 ], [ -91.420784380307722, 43.612624080840526, 14400.0 ], [ -91.420816385055858, 43.612618283128604, 14400.0 ] ] ] } },
{ "type": "Feature", "properties": { "cat": 1, "level": 14400.0 }, "geometry": { "type": "MultiLineString", "coordinates": [ [ [ -91.424089804735615, 43.592769907042566, 14400.0 ], [ -91.424033170929064, 43.59274361762872, 14400.0 ], [ -91.424034452226337, 43.592797947254063, 14400.0 ], [ -91.424089804735615, 43.592769907042566, 14400.0 ] ] ] } },
{ "type": "Feature", "properties": { "cat": 1, "level": 14400.0 }, "geometry": { "type": "MultiLineString", "coordinates": [ [ [ -90.3109729857281, 43.454456785939058, 14400.0 ], [ -90.310791132181151, 43.454373931198603, 14400.0 ], [ -90.310793906351719, 43.454915631013655, 14400.0 ], [ -90.3109729857281, 43.454456785939058, 14400.0 ] ] ] } },
{ "type": "Feature", "properties": { "cat": 1, "level": 14400.0 }, "geometry": { "type": "MultiLineString", "coordinates": [ [ [ -90.26261050542513, 43.45007615616786, 14400.0 ], [ -90.262565222084703, 43.450008627972288, 14400.0 ], [ -90.26256625844708, 43.450248201913631, 14400.0 ], [ -90.26261050542513, 43.45007615616786, 14400.0 ] ] ] } },
{ "type": "Feature", "properties": { "cat": 1, "level": 14400.0 }, "geometry": { "type": "MultiLineString", "coordinates": [ [ [ -90.088909442247513, 43.37110868224498, 14400.0 ], [ -90.089410108438742, 43.370773576822117, 14400.0 ], [ -90.08817703040171, 43.371671759750967, 14400.0 ], [ -90.088909442247513, 43.37110868224498, 14400.0 ] ] ] } },
{ "type": "Feature", "properties": { "cat": 1, "level": 14400.0 }, "geometry": { "type": "MultiLineString", "coordinates": [ [ [ -89.335866233452009, 43.337701028192619, 14400.0 ], [ -89.336806293157565, 43.337108962754058, 14400.0 ], [ -89.335563701683867, 43.337925108538272, 14400.0 ], [ -89.335866233452009, 43.337701028192619, 14400.0 ] ] ] } },
{ "type": "Feature", "properties": { "cat": 1, "level": 14400.0 }, "geometry": { "type": "MultiLineString", "coordinates": [ [ [ -90.539501394549802, 43.025008873557859, 14400.0 ], [ -90.54059490251322, 43.024420589490212, 14400.0 ], [ -90.552163730901185, 43.02314758449031, 14400.0 ], [ -90.592712255530401, 43.004935756546097, 14400.0 ], [ -90.616936075426054, 42.993101859045858, 14400.0 ], [ -90.632259854992455, 42.986305712138389, 14400.0 ], [ -90.672713465368631, 42.983926523094759, 14400.0 ], [ -90.672044332353948, 42.970280176891208, 14400.0 ], [ -90.651532788194643, 42.952821912245739, 14400.0 ], [ -90.632026804230051, 42.938992052494314, 14400.0 ], [ -90.614157786945015, 42.912975853271085, 14400.0 ], [ -90.600744754297878, 42.872525891781081, 14400.0 ], [ -90.591558754573356, 42.835065160737287, 14400.0 ], [ -90.59184280130836, 42.832951310766511, 14400.0 ], [ -90.558751242559424, 42.83401805454087, 14400.0 ], [ -90.552100871597872, 42.872770799428189, 14400.0 ], [ -90.551753089730951, 42.873672949295234, 14400.0 ], [ -90.536807542636097, 42.913364692516396, 14400.0 ], [ -90.512095467589191, 42.934188617219327, 14400.0 ], [ -90.488099639248588, 42.953203168809743, 14400.0 ], [ -90.471396607224463, 42.962277781691014, 14400.0 ], [ -90.431038641812364, 42.979179476108044, 14400.0 ], [ -90.432354395823296, 42.991914579193846, 14400.0 ], [ -90.436047119705492, 42.993671417925867, 14400.0 ], [ -90.440354097568999, 42.993016985834409, 14400.0 ], [ -90.443409010463029, 42.993820820261043, 14400.0 ], [ -90.472941302049264, 43.005420568889534, 14400.0 ], [ -90.512338589922265, 43.021318626236109, 14400.0 ], [ -90.539372956127906, 43.025045071498383, 14400.0 ], [ -90.539501394549802, 43.025008873557859, 14400.0 ] ] ] } },
{ "type": "Feature", "properties": { "cat": 1, "level": 14400.0 }, "geometry": { "type": "MultiLineString", "coordinates": [ [ [ -90.406413784628853, 42.985938879829362, 14400.0 ], [ -90.405324658086229, 42.985699375589519, 14400.0 ], [ -90.405327449127626, 42.986124189294202, 14400.0 ], [ -90.406413784628853, 42.985938879829362, 14400.0 ] ] ] } },
{ "type": "Feature", "properties": { "cat": 1, "level": 14400.0 }, "geometry": { "type": "MultiLineString", "coordinates": [ [ [ -90.246160771982005, 42.982793870320627, 14400.0 ], [ -90.245848349212153, 42.982585153853861, 14400.0 ], [ -90.245849607396167, 42.982900919730653, 14400.0 ], [ -90.246160771982005, 42.982793870320627, 14400.0 ] ] ] } },
{ "type": "Feature", "properties": { "cat": 1, "level": 14400.0 }, "geometry": { "type": "MultiLineString", "coordinates": [ [ [ -88.551862622148136, 42.896458792058013, 14400.0 ], [ -88.551523361459843, 42.896029328864429, 14400.0 ], [ -88.547085685506332, 42.881090569035422, 14400.0 ], [ -88.539598942715401, 42.840474770930648, 14400.0 ], [ -88.541484610496028, 42.800878479536266, 14400.0 ], [ -88.53081706527098, 42.787865261567646, 14400.0 ], [ -88.506878791839583, 42.801332858501993, 14400.0 ], [ -88.517684434831665, 42.841994025130631, 14400.0 ], [ -88.51851211335601, 42.881624772533719, 14400.0 ], [ -88.531975416268025, 42.89394431870037, 14400.0 ], [ -88.551506285474787, 42.896758766726236, 14400.0 ], [ -88.551862622148136, 42.896458792058013, 14400.0 ] ] ] } },
{ "type": "Feature", "properties": { "cat": 1, "level": 14400.0 }, "geometry": { "type": "MultiLineString", "coordinates": [ [ [ -90.560840764990274, 42.812396294447488, 14400.0 ], [ -90.561720478144963, 42.811491499593771, 14400.0 ], [ -90.560764102645223, 42.812588105122067, 14400.0 ], [ -90.560840764990274, 42.812396294447488, 14400.0 ] ] ] } },
{ "type": "Feature", "properties": { "cat": 1, "level": 14400.0 }, "geometry": { "type": "MultiLineString", "coordinates": [ [ [ -90.497650777954021, 42.709131832168353, 14400.0 ], [ -90.498014747918887, 42.708229750543545, 14400.0 ], [ -90.477796044454379, 42.67859930135748, 14400.0 ], [ -90.474109549450731, 42.675913104265533, 14400.0 ], [ -90.437359140578337, 42.639138474015326, 14400.0 ], [ -90.396965128949674, 42.638561156670967, 14400.0 ], [ -90.370438214923496, 42.635772361595841, 14400.0 ], [ -90.357909146373359, 42.634675987499634, 14400.0 ], [ -90.317607443373149, 42.624710188208226, 14400.0 ], [ -90.291486422299599, 42.636900957975328, 14400.0 ], [ -90.318979356566999, 42.65454952698704, 14400.0 ], [ -90.358029196606878, 42.655614896119175, 14400.0 ], [ -90.398285244743875, 42.660893218612323, 14400.0 ], [ -90.438665693390959, 42.670904398199809, 14400.0 ], [ -90.448024156900729, 42.676018098829587, 14400.0 ], [ -90.478199676769037, 42.692105170142554, 14400.0 ], [ -90.497552774335986, 42.709280685721026, 14400.0 ], [ -90.497650777954021, 42.709131832168353, 14400.0 ] ] ] } },
{ "type": "Feature", "properties": { "cat": 1, "level": 14400.0 }, "geometry": { "type": "MultiLineString", "coordinates": [ [ [ -90.285937110117388, 42.614402077794985, 14400.0 ], [ -90.285852052722092, 42.614325293607301, 14400.0 ], [ -90.285853069247636, 42.614547564983098, 14400.0 ], [ -90.285937110117388, 42.614402077794985, 14400.0 ] ] ] } },
{ "type": "Feature", "properties": { "cat": 1, "level": 14400.0 }, "geometry": { "type": "MultiLineString", "coordinates": [ [ [ -89.643039928114121, 45.238604321580752, 14400.0 ], [ -89.643790056831079, 45.23842437728073, 14400.0 ], [ -89.655265890725772, 45.237021434025223, 14400.0 ], [ -89.694761936959864, 45.232453541565405, 14400.0 ], [ -89.734316027703159, 45.225265069682308, 14400.0 ], [ -89.774514347122249, 45.207435888581763, 14400.0 ], [ -89.790466240101665, 45.197888000342068, 14400.0 ], [ -89.814650812977774, 45.178704569908128, 14400.0 ], [ -89.838378683605967, 45.158038002154605, 14400.0 ], [ -89.854278136731949, 45.139227148991424, 14400.0 ], [ -89.853863474590597, 45.137356180002257, 14400.0 ], [ -89.854121363977541, 45.13645639123532, 14400.0 ], [ -89.860688549310666, 45.118395149773399, 14400.0 ], [ -89.873316486183455, 45.077971291068827, 14400.0 ], [ -89.867522348579641, 45.038358956929024, 14400.0 ], [ -89.853830258255911, 45.008637752626441, 14400.0 ], [ -89.850830185381483, 44.997969230341532, 14400.0 ], [ -89.814547694706732, 44.958172726988792, 14400.0 ], [ -89.813268654808411, 44.957270496079303, 14400.0 ], [ -89.773711595458366, 44.927090412023325, 14400.0 ], [ -89.756006847875071, 44.918413683580631, 14400.0 ], [ -89.733224509386375, 44.913075924729128, 14400.0 ], [ -89.696454903618303, 44.918458936878039, 14400.0 ], [ -89.693912680981057, 44.919985627026342, 14400.0 ], [ -89.693225845335888, 44.918304684645683, 14400.0 ], [ -89.653487190789804, 44.899775145368366, 14400.0 ], [ -89.612956059841608, 44.899535509131965, 14400.0 ], [ -89.573616962261553, 44.909434839112983, 14400.0 ], [ -89.533011639395511, 44.917559844180673, 14400.0 ], [ -89.52615854425791, 44.918633864281141, 14400.0 ], [ -89.493599728433878, 44.932780932905239, 14400.0 ], [ -89.455681395065966, 44.958826436392528, 14400.0 ], [ -89.452946616065844, 44.960613661774879, 14400.0 ], [ -89.420693212297536, 44.999011622064629, 14400.0 ], [ -89.413667245124884, 45.02252850578892, 14400.0 ], [ -89.408556894111769, 45.038704588712655, 14400.0 ], [ -89.405617963618511, 45.079195216939588, 14400.0 ], [ -89.414107619571382, 45.117944443879715, 14400.0 ], [ -89.414396500456476, 45.11878870637932, 14400.0 ], [ -89.437736927081289, 45.158568547740273, 14400.0 ], [ -89.454265042764831, 45.174850772839264, 14400.0 ], [ -89.487424937173003, 45.198888294085606, 14400.0 ], [ -89.494787466912442, 45.202040530708523, 14400.0 ], [ -89.53436404115736, 45.219946739253828, 14400.0 ], [ -89.575048982323892, 45.229967753082256, 14400.0 ], [ -89.614493248263102, 45.237146161338032, 14400.0 ], [ -89.62467763755825, 45.238449914207727, 14400.0 ], [ -89.642513728010101, 45.238771832941254, 14400.0 ], [ -89.643039928114121, 45.238604321580752, 14400.0 ] ] ] } },
{ "type": "Feature", "properties": { "cat": 1, "level": 14400.0 }, "geometry": { "type": "MultiLineString", "coordinates": [ [ [ -91.316511989321214, 45.135261906287411, 14400.0 ], [ -91.316916014510667, 45.135231545601457, 14400.0 ], [ -91.323264938139957, 45.134784915611377, 14400.0 ], [ -91.362563473229187, 45.129388025739772, 14400.0 ], [ -91.403096204791211, 45.12276737249919, 14400.0 ], [ -91.443331913324201, 45.106725669832734, 14400.0 ], [ -91.462215114941927, 45.097514455454814, 14400.0 ], [ -91.482718620742062, 45.082817744613827, 14400.0 ], [ -91.510727017293192, 45.057400890513506, 14400.0 ], [ -91.523109732307645, 45.045404247912352, 14400.0 ], [ -91.53155304850543, 45.017363630765324, 14400.0 ], [ -91.54034603604093, 44.977876641052141, 14400.0 ], [ -91.534587324078529, 44.937210165499671, 14400.0 ], [ -91.527012063682335, 44.897705049453421, 14400.0 ], [ -91.522171551360572, 44.888768129672918, 14400.0 ], [ -91.495966034958329, 44.857608936547173, 14400.0 ], [ -91.482398843036833, 44.845504073250368, 14400.0 ], [ -91.441927208152791, 44.82229761496729, 14400.0 ], [ -91.43509891851258, 44.817882808457135, 14400.0 ], [ -91.401783769603753, 44.808744850501235, 14400.0 ], [ -91.362423567892279, 44.802118415261916, 14400.0 ], [ -91.321888578279854, 44.799019355773254, 14400.0 ], [ -91.281441488739773, 44.799695152931868, 14400.0 ], [ -91.242367454111459, 44.803939402284385, 14400.0 ], [ -91.20205552723364, 44.812919179196761, 14400.0 ], [ -91.186055483769138, 44.818040710398868, 14400.0 ], [ -91.161926154932729, 44.829967385030784, 14400.0 ], [ -91.121937352273591, 44.855470034649812, 14400.0 ], [ -91.116929158827517, 44.858289316271751, 14400.0 ], [ -91.086670859430342, 44.898243931135582, 14400.0 ], [ -91.082537303299631, 44.907284738863936, 14400.0 ], [ -91.071116141740376, 44.937997596538985, 14400.0 ], [ -91.069921763632266, 44.97851537439206, 14400.0 ], [ -91.078742853412848, 45.01803855100362, 14400.0 ], [ -91.082695379116515, 45.029702915378273, 14400.0 ], [ -91.097570392794793, 45.058365173572909, 14400.0 ], [ -91.123470736349688, 45.078816271539736, 14400.0 ], [ -91.15048821953657, 45.098350048815142, 14400.0 ], [ -91.163112856646805, 45.103622905537833, 14400.0 ], [ -91.203107664376077, 45.123011231814417, 14400.0 ], [ -91.243058185831643, 45.131067386422188, 14400.0 ], [ -91.283795708337053, 45.132906167848617, 14400.0 ], [ -91.31564646319903, 45.135331537663987, 14400.0 ], [ -91.316511989321214, 45.135261906287411, 14400.0 ] ] ] } },
{ "type": "Feature", "properties": { "cat": 1, "level": 14400.0 }, "geometry": { "type": "MultiLineString", "coordinates": [ [ [ -93.458815206722051, 44.871709232114107, 14400.0 ], [ -93.459335640533737, 44.871680182652945, 14400.0 ], [ -93.463083156504766, 44.870838389604764, 14400.0 ], [ -93.503265534127266, 44.865410743311472, 14400.0 ], [ -93.543215202825039, 44.856316602765531, 14400.0 ], [ -93.58350146747415, 44.839055184672297, 14400.0 ], [ -93.589893835333967, 44.833531606480065, 14400.0 ], [ -93.622727559217935, 44.810811323231931, 14400.0 ], [ -93.641773007139363, 44.793501903489663, 14400.0 ], [ -93.662746355317239, 44.765328251700844, 14400.0 ], [ -93.669184148604884, 44.753516337266582, 14400.0 ], [ -93.681238515500652, 44.713520685078429, 14400.0 ], [ -93.678718638492853, 44.673094453219029, 14400.0 ], [ -93.662475720350685, 44.636710182375367, 14400.0 ], [ -93.661051794186108, 44.633155205232526, 14400.0 ], [ -93.627111692746837, 44.593731684002307, 14400.0 ], [ -93.622261591070725, 44.589384925868472, 14400.0 ], [ -93.582265161233764, 44.562742508749359, 14400.0 ], [ -93.562551552160642, 44.553683514991491, 14400.0 ], [ -93.541901978321306, 44.545378909383174, 14400.0 ], [ -93.502443453767413, 44.538172024696756, 14400.0 ], [ -93.461953983304269, 44.534637923689125, 14400.0 ], [ -93.421741463559172, 44.53574448442766, 14400.0 ], [ -93.381936831095942, 44.538251306485677, 14400.0 ], [ -93.341803198911435, 44.546539268749818, 14400.0 ], [ -93.318586403018955, 44.554514672239897, 14400.0 ], [ -93.302433063193817, 44.562712428259786, 14400.0 ], [ -93.262298263564546, 44.588114055871884, 14400.0 ], [ -93.252553325071929, 44.594091121050823, 14400.0 ], [ -93.221951912731171, 44.625698522171163, 14400.0 ], [ -93.216401979066433, 44.633956730289654, 14400.0 ], [ -93.20513933422319, 44.673881453736819, 14400.0 ], [ -93.20116022597206, 44.714500918751796, 14400.0 ], [ -93.213529523905336, 44.754367984920641, 14400.0 ], [ -93.223366146729035, 44.772200098627252, 14400.0 ], [ -93.222434852812668, 44.775113324100779, 14400.0 ], [ -93.223264454932746, 44.775990051632228, 14400.0 ], [ -93.234136673887591, 44.794585764082889, 14400.0 ], [ -93.262802887792859, 44.821595507362474, 14400.0 ], [ -93.281240677429963, 44.834430669799616, 14400.0 ], [ -93.303389804598297, 44.845631863488563, 14400.0 ], [ -93.342947431397533, 44.860761231355298, 14400.0 ], [ -93.383179962563517, 44.868364307298364, 14400.0 ], [ -93.423080577437474, 44.871887041457441, 14400.0 ], [ -93.458074031830023, 44.871753753598419, 14400.0 ], [ -93.458815206722051, 44.871709232114107, 14400.0 ] ] ] } },
{ "type": "Feature", "properties": { "cat": 1, "level": 14400.0 }, "geometry": { "type": "MultiLineString", "coordinates": [ [ [ -90.254174530939267, 43.007989139069807, 14400.0 ], [ -90.254538529264934, 43.007811242255187, 14400.0 ], [ -90.258923619674817, 43.003476219635431, 14400.0 ], [ -90.274128478560002, 42.99804525132889, 14400.0 ], [ -90.272860559549656, 42.988772058862033, 14400.0 ], [ -90.232425226264851, 43.000979466451462, 14400.0 ], [ -90.231477429099229, 43.004435472744554, 14400.0 ], [ -90.233672996288504, 43.006473116583699, 14400.0 ], [ -90.253313170982779, 43.008231665446353, 14400.0 ], [ -90.254174530939267, 43.007989139069807, 14400.0 ] ] ] } },
{ "type": "Feature", "properties": { "cat": 1, "level": 14400.0 }, "geometry": { "type": "MultiLineString", "coordinates": [ [ [ -89.754897473123279, 42.85583007182057, 14400.0 ], [ -89.755717538840869, 42.855371017512141, 14400.0 ], [ -89.767972287617312, 42.851600679808151, 14400.0 ], [ -89.807153698250886, 42.847178016652585, 14400.0 ], [ -89.847577723456752, 42.832835074643498, 14400.0 ], [ -89.848951064342444, 42.829878829744587, 14400.0 ], [ -89.847109808332718, 42.82807541964516, 14400.0 ], [ -89.847232151854143, 42.826274615933485, 14400.0 ], [ -89.880459340220341, 42.790294661599106, 14400.0 ], [ -89.887736928375631, 42.787600558202271, 14400.0 ], [ -89.886864883408521, 42.760773760682611, 14400.0 ], [ -89.877108660252219, 42.749954853842468, 14400.0 ], [ -89.846576461748953, 42.742862533187939, 14400.0 ], [ -89.806286129519108, 42.733014795181248, 14400.0 ], [ -89.767099331246399, 42.724384146330344, 14400.0 ], [ -89.73797064970843, 42.709927478767355, 14400.0 ], [ -89.727004502899888, 42.70429893343362, 14400.0 ], [ -89.686777751089181, 42.690523227286583, 14400.0 ], [ -89.646495383343932, 42.689693077253445, 14400.0 ], [ -89.606245361244703, 42.683913772640523, 14400.0 ], [ -89.568499390223479, 42.670123506034813, 14400.0 ], [ -89.566803419505419, 42.668871086590805, 14400.0 ], [ -89.526522980897241, 42.64439795935418, 14400.0 ], [ -89.487049873663878, 42.631365624903189, 14400.0 ], [ -89.482181601722075, 42.630114303070727, 14400.0 ], [ -89.44693236874852, 42.616533432319599, 14400.0 ], [ -89.413036104037175, 42.590321278045003, 14400.0 ], [ -89.407045624256284, 42.587109529212853, 14400.0 ], [ -89.372750892208657, 42.550005599376775, 14400.0 ], [ -89.366352162798336, 42.536462538470431, 14400.0 ], [ -89.359432736505426, 42.510308793280082, 14400.0 ], [ -89.326770498583144, 42.491210447486957, 14400.0 ], [ -89.324919465933561, 42.510567836263071, 14400.0 ], [ -89.299233008817467, 42.550480102743961, 14400.0 ], [ -89.297923349382671, 42.590995412053957, 14400.0 ], [ -89.300847205141068, 42.630635827116535, 14400.0 ], [ -89.28699794837209, 42.669272222181881, 14400.0 ], [ -89.286578178815915, 42.670536375880879, 14400.0 ], [ -89.287621613147309, 42.686031805579667, 14400.0 ], [ -89.31542896987763, 42.710556749729868, 14400.0 ], [ -89.327450327698415, 42.728218013903081, 14400.0 ], [ -89.334940700297551, 42.750605359903638, 14400.0 ], [ -89.342525009657109, 42.791171107746237, 14400.0 ], [ -89.368272612805342, 42.798193798036102, 14400.0 ], [ -89.407281078180034, 42.811323237297792, 14400.0 ], [ -89.447468593378929, 42.794427010121595, 14400.0 ], [ -89.461285020321782, 42.790169239949527, 14400.0 ], [ -89.488194841945401, 42.784710918899783, 14400.0 ], [ -89.527361206505915, 42.784077994406054, 14400.0 ], [ -89.567696610526326, 42.785836403245057, 14400.0 ], [ -89.599954909286495, 42.790558797605826, 14400.0 ], [ -89.608000589296623, 42.792939342131042, 14400.0 ], [ -89.647953206968182, 42.802422747791752, 14400.0 ], [ -89.687315751188734, 42.826474733369388, 14400.0 ], [ -89.696665247976199, 42.8304771601981, 14400.0 ], [ -89.727445492673255, 42.854867536707232, 14400.0 ], [ -89.754491004746228, 42.85599473618786, 14400.0 ], [ -89.754897473123279, 42.85583007182057, 14400.0 ] ] ] } },
{ "type": "Feature", "properties": { "cat": 1, "level": 14400.0 }, "geometry": { "type": "MultiLineString", "coordinates": [ [ [ -92.800865565239292, 45.069786994351738, 14400.0 ], [ -92.801769878158197, 45.069612074170273, 14400.0 ], [ -92.836860831794581, 45.059913098864158, 14400.0 ], [ -92.877061645920278, 45.051047343032877, 14400.0 ], [ -92.916845206789048, 45.034219976047105, 14400.0 ], [ -92.941491865612448, 45.019677185606753, 14400.0 ], [ -92.956589320701241, 45.007349741346353, 14400.0 ], [ -92.985069687843065, 44.979604030832569, 14400.0 ], [ -92.996679840834574, 44.963997285956616, 14400.0 ], [ -93.005841369757434, 44.939573502836765, 14400.0 ], [ -93.016057905247152, 44.899576288294519, 14400.0 ], [ -93.008942771566311, 44.859257271076665, 14400.0 ], [ -92.996113794306396, 44.821788256707968, 14400.0 ], [ -92.994922832066891, 44.819119044312977, 14400.0 ], [ -92.955975530809241, 44.782844265229109, 14400.0 ], [ -92.952030612106455, 44.779850496026882, 14400.0 ], [ -92.915802095704308, 44.762657688070199, 14400.0 ], [ -92.910634395191352, 44.739385247848098, 14400.0 ], [ -92.916462115989461, 44.726152942057517, 14400.0 ], [ -92.925205392862409, 44.699405087008543, 14400.0 ], [ -92.919936752250649, 44.659932261879575, 14400.0 ], [ -92.916394019508246, 44.64941204624845, 14400.0 ], [ -92.899948389824146, 44.619933822394181, 14400.0 ], [ -92.875575107098115, 44.585443354837835, 14400.0 ], [ -92.869063634479062, 44.579305928811074, 14400.0 ], [ -92.836312017268668, 44.558881318591006, 14400.0 ], [ -92.814812784254656, 44.539248125737366, 14400.0 ], [ -92.796269417326897, 44.501895718320931, 14400.0 ], [ -92.795599344669341, 44.49921153640593, 14400.0 ], [ -92.759870987329037, 44.459572022501099, 14400.0 ], [ -92.756273388768321, 44.457858551658617, 14400.0 ], [ -92.716117767678568, 44.438327221331136, 14400.0 ], [ -92.676322005176701, 44.422852797093071, 14400.0 ], [ -92.666273672196311, 44.419946543048582, 14400.0 ], [ -92.663766999406135, 44.420073255002492, 14400.0 ], [ -92.659986208054178, 44.419805736899995, 14400.0 ], [ -92.657485998507468, 44.420075207097184, 14400.0 ], [ -92.656223242354443, 44.41993090139546, 14400.0 ], [ -92.652462514633982, 44.420105891815261, 14400.0 ], [ -92.649302762590921, 44.419882297270384, 14400.0 ], [ -92.636020061164757, 44.417623611561091, 14400.0 ], [ -92.59582120226662, 44.417588859235622, 14400.0 ], [ -92.567042995641614, 44.420183937049529, 14400.0 ], [ -92.555805857000294, 44.421763589785364, 14400.0 ], [ -92.51588033429752, 44.428164356164743, 14400.0 ], [ -92.476234640050251, 44.441393581364075, 14400.0 ], [ -92.450633367204063, 44.460253460160736, 14400.0 ], [ -92.435742224509781, 44.464913757877177, 14400.0 ], [ -92.437149210527707, 44.468511888124361, 14400.0 ], [ -92.43596689571433, 44.47031277863001, 14400.0 ], [ -92.407645596985418, 44.459443282561686, 14400.0 ], [ -92.400653436513878, 44.41908098743238, 14400.0 ], [ -92.395957952427324, 44.404776179559754, 14400.0 ], [ -92.383811513428356, 44.379824342181408, 14400.0 ], [ -92.356384783179223, 44.345285058029468, 14400.0 ], [ -92.347051824312743, 44.339175732270533, 14400.0 ], [ -92.336949780337306, 44.299772891923951, 14400.0 ], [ -92.3157872045646, 44.260640953796305, 14400.0 ], [ -92.315604452833938, 44.259697264011294, 14400.0 ], [ -92.275701800879077, 44.228294746292342, 14400.0 ], [ -92.260352058749177, 44.219828458027429, 14400.0 ], [ -92.236042334527838, 44.206025413791366, 14400.0 ], [ -92.195958460642402, 44.190041622207687, 14400.0 ], [ -92.172493498147119, 44.17975573206472, 14400.0 ], [ -92.15599028427367, 44.17320444600788, 14400.0 ], [ -92.116387186412226, 44.167237358572173, 14400.0 ], [ -92.075743701851422, 44.167944244737662, 14400.0 ], [ -92.036036160510093, 44.177240512193599, 14400.0 ], [ -92.019884043320246, 44.180508661350395, 14400.0 ], [ -91.99521319306389, 44.190931306092871, 14400.0 ], [ -91.956233447664999, 44.201602057727392, 14400.0 ], [ -91.915469476246443, 44.2015027255229, 14400.0 ], [ -91.917542496044717, 44.188244961966575, 14400.0 ], [ -91.922921031555575, 44.179661527159098, 14400.0 ], [ -91.928832297834234, 44.139050253791801, 14400.0 ], [ -91.924674518562838, 44.099754372007908, 14400.0 ], [ -91.916203011319809, 44.069569582223544, 14400.0 ], [ -91.909644501376732, 44.059788352250933, 14400.0 ], [ -91.891360197395102, 44.019941174404785, 14400.0 ], [ -91.875912558030336, 43.980027310573099, 14400.0 ], [ -91.875378331522995, 43.979692064347276, 14400.0 ], [ -91.837635950269686, 43.939792569705951, 14400.0 ], [ -91.835971934258254, 43.938276713943473, 14400.0 ], [ -91.795337760931474, 43.912985210650639, 14400.0 ], [ -91.7563787435667, 43.901144847763788, 14400.0 ], [ -91.751497313685547, 43.899732236454064, 14400.0 ], [ -91.716392438786045, 43.896344158155337, 14400.0 ], [ -91.676376727877013, 43.890266952145744, 14400.0 ], [ -91.666241333906299, 43.859593638523215, 14400.0 ], [ -91.636226198818335, 43.833473756085517, 14400.0 ], [ -91.625900449574871, 43.819666517076925, 14400.0 ], [ -91.596054025628789, 43.798474270556383, 14400.0 ], [ -91.576352290713587, 43.779841121914885, 14400.0 ], [ -91.566610326118763, 43.739848701831967, 14400.0 ], [ -91.555856530350155, 43.708239510292302, 14400.0 ], [ -91.549427633826781, 43.699599849432204, 14400.0 ], [ -91.526663709852343, 43.659871866368199, 14400.0 ], [ -91.51591821080703, 43.650322638393341, 14400.0 ], [ -91.475564949941017, 43.622911224270403, 14400.0 ], [ -91.469289918984984, 43.619729501678918, 14400.0 ], [ -91.43567922820813, 43.613603423625648, 14400.0 ], [ -91.419721441826084, 43.579319002873241, 14400.0 ], [ -91.43682308278683, 43.567400745296439, 14400.0 ], [ -91.477101771926925, 43.554282412704914, 14400.0 ], [ -91.517222346752575, 43.554280001266321, 14400.0 ], [ -91.556756549150151, 43.55232498162853, 14400.0 ], [ -91.596424513018945, 43.552920604855174, 14400.0 ], [ -91.637102489889031, 43.54634003360362, 14400.0 ], [ -91.661665381143877, 43.539217439996449, 14400.0 ], [ -91.677634717650164, 43.534824164056829, 14400.0 ], [ -91.7165083174866, 43.512222831453542, 14400.0 ], [ -91.735234770072267, 43.499335125974767, 14400.0 ], [ -91.757357892730468, 43.469285371550832, 14400.0 ], [ -91.765801501240958, 43.459923986777802, 14400.0 ], [ -91.785459513544154, 43.419330003092611, 14400.0 ], [ -91.786655266883244, 43.379695122004406, 14400.0 ], [ -91.778356286666877, 43.33988957897391, 14400.0 ], [ -91.759985679403357, 43.299074802728583, 14400.0 ], [ -91.756015892137697, 43.292443344179688, 14400.0 ], [ -91.716405145001644, 43.270924885439499, 14400.0 ], [ -91.695447047014696, 43.259532456331726, 14400.0 ], [ -91.675899916497769, 43.248031311352364, 14400.0 ], [ -91.636145758608734, 43.235537352852162, 14400.0 ], [ -91.595348526077643, 43.229637870584334, 14400.0 ], [ -91.555921953692305, 43.228905262127959, 14400.0 ], [ -91.515423687415549, 43.234584055773695, 14400.0 ], [ -91.47623878920794, 43.243957083655644, 14400.0 ], [ -91.44089417071784, 43.259960867298183, 14400.0 ], [ -91.436151466942164, 43.263982925534066, 14400.0 ], [ -91.396002079193934, 43.274384407161357, 14400.0 ], [ -91.3708297424796, 43.25938212429066, 14400.0 ], [ -91.379616118549919, 43.219896965106884, 14400.0 ], [ -91.393308178589933, 43.179874874848302, 14400.0 ], [ -91.396903349291833, 43.171727327413826, 14400.0 ], [ -91.418063442845835, 43.139052079596411, 14400.0 ], [ -91.427673437350336, 43.099314125467743, 14400.0 ], [ -91.426516694929873, 43.059709866857801, 14400.0 ], [ -91.406582573818824, 43.019437255225725, 14400.0 ], [ -91.395870685033429, 42.999758834518055, 14400.0 ], [ -91.390698695690531, 42.979111706464224, 14400.0 ], [ -91.384262520721805, 42.939570215153672, 14400.0 ], [ -91.396581225228473, 42.903402601952941, 14400.0 ], [ -91.403493492935723, 42.899716247976336, 14400.0 ], [ -91.43685160955944, 42.877165655609076, 14400.0 ], [ -91.45904991502978, 42.859401603113888, 14400.0 ], [ -91.476457822148305, 42.843558976210304, 14400.0 ], [ -91.487533082142136, 42.819414845220578, 14400.0 ], [ -91.495310733452826, 42.779693104825213, 14400.0 ], [ -91.48619998945118, 42.739354924402818, 14400.0 ], [ -91.475871522451726, 42.707907504098529, 14400.0 ], [ -91.467959916763206, 42.699904882849673, 14400.0 ], [ -91.436106250835437, 42.662488462531165, 14400.0 ], [ -91.433801279270597, 42.659815881720256, 14400.0 ], [ -91.396034753417666, 42.637770201577368, 14400.0 ], [ -91.362620297818211, 42.619287121585742, 14400.0 ], [ -91.355554961133706, 42.614843568318108, 14400.0 ], [ -91.316402607028792, 42.594588727026022, 14400.0 ], [ -91.27527891425494, 42.581849201971288, 14400.0 ], [ -91.270364160565592, 42.579876288990825, 14400.0 ], [ -91.23612317352304, 42.57384360524042, 14400.0 ], [ -91.196130112869454, 42.56258892278418, 14400.0 ], [ -91.180644482901755, 42.539627271395467, 14400.0 ], [ -91.196471572113353, 42.509455122677771, 14400.0 ], [ -91.199527477809511, 42.499517485699847, 14400.0 ], [ -91.204826420238817, 42.459838983899772, 14400.0 ], [ -91.198015483545618, 42.419386670703005, 14400.0 ], [ -91.196203373696605, 42.414002413867244, 14400.0 ], [ -91.18505244826811, 42.379897959880267, 14400.0 ], [ -91.155395481084554, 42.355886152718931, 14400.0 ], [ -91.138706540486695, 42.339843364969191, 14400.0 ], [ -91.116166686454079, 42.323855193644228, 14400.0 ], [ -91.075559508441472, 42.305901388740075, 14400.0 ], [ -91.045125967117016, 42.299858508530995, 14400.0 ], [ -91.036256438605534, 42.297588726573039, 14400.0 ], [ -90.995264665366577, 42.292307164216531, 14400.0 ], [ -90.955210628325091, 42.290836829824237, 14400.0 ], [ -90.91541655925343, 42.295915407948357, 14400.0 ], [ -90.895903094678033, 42.300174589675848, 14400.0 ], [ -90.875309456988745, 42.302443837751774, 14400.0 ], [ -90.835425890804302, 42.314151434505121, 14400.0 ], [ -90.798862800204176, 42.340013282466693, 14400.0 ], [ -90.796129414026794, 42.341833398862569, 14400.0 ], [ -90.776280906612755, 42.339940081275586, 14400.0 ], [ -90.755531952476204, 42.330681904214131, 14400.0 ], [ -90.715409002443721, 42.324808139149305, 14400.0 ], [ -90.675298079726559, 42.319363442958711, 14400.0 ], [ -90.637735165694082, 42.299597007812714, 14400.0 ], [ -90.636394535418646, 42.296902770031323, 14400.0 ], [ -90.595849691364577, 42.259611066327508, 14400.0 ], [ -90.55556104771847, 42.228029422342907, 14400.0 ], [ -90.54271487794901, 42.219935404266771, 14400.0 ], [ -90.515410002949167, 42.208421526603559, 14400.0 ], [ -90.477638889387833, 42.179890868991741, 14400.0 ], [ -90.476052890849999, 42.178804771476528, 14400.0 ], [ -90.443449661661489, 42.139415123398777, 14400.0 ], [ -90.436122275023266, 42.129747970834622, 14400.0 ], [ -90.400982859451943, 42.099839804650202, 14400.0 ], [ -90.39626497822519, 42.097154404042584, 14400.0 ], [ -90.355994436080692, 42.081806515896972, 14400.0 ], [ -90.316050240574754, 42.072843073887221, 14400.0 ], [ -90.276139683451419, 42.069050489337307, 14400.0 ], [ -90.236267061192649, 42.074210498745515, 14400.0 ], [ -90.196377294990825, 42.075908479993124, 14400.0 ], [ -90.155291852980127, 42.083949272425372, 14400.0 ], [ -90.129962348165947, 42.100466783823997, 14400.0 ], [ -90.1154417338645, 42.11207490591277, 14400.0 ], [ -90.089508606567634, 42.140131652710352, 14400.0 ], [ -90.076374910821954, 42.158152958570561, 14400.0 ], [ -90.065253204229634, 42.180674508596951, 14400.0 ], [ -90.057823770547486, 42.220304125583176, 14400.0 ], [ -90.053728241176586, 42.260832047452872, 14400.0 ], [ -90.071330058057711, 42.300447526344861, 14400.0 ], [ -90.076499836873154, 42.306748158053196, 14400.0 ], [ -90.076184884372296, 42.310350629647687, 14400.0 ], [ -90.07650818943803, 42.311250979529085, 14400.0 ], [ -90.076252860039091, 42.312151714578341, 14400.0 ], [ -90.076692544665605, 42.317554808288101, 14400.0 ], [ -90.106683035274031, 42.340044884554807, 14400.0 ], [ -90.116673931004996, 42.355344660443635, 14400.0 ], [ -90.157226669364732, 42.377039638117665, 14400.0 ], [ -90.166952754518746, 42.380148077027272, 14400.0 ], [ -90.197360051757983, 42.392126898145079, 14400.0 ], [ -90.196213542772242, 42.414118440575159, 14400.0 ], [ -90.193606610126977, 42.420080353957339, 14400.0 ], [ -90.178555449986163, 42.460629282443371, 14400.0 ], [ -90.181160029585769, 42.500248869843453, 14400.0 ], [ -90.156339764973126, 42.509034474119716, 14400.0 ], [ -90.116157194722803, 42.502446325682236, 14400.0 ], [ -90.075989535227436, 42.501208321706009, 14400.0 ], [ -90.06873941442754, 42.499470898579382, 14400.0 ], [ -90.035803794837491, 42.465495102945248, 14400.0 ], [ -90.030512142071274, 42.459863754122516, 14400.0 ], [ -89.995663115448636, 42.438594769162499, 14400.0 ], [ -89.955546648360354, 42.426010122609448, 14400.0 ], [ -89.931239752686096, 42.419934127548743, 14400.0 ], [ -89.916061143448061, 42.417511468276096, 14400.0 ], [ -89.875332800333638, 42.415504519009069, 14400.0 ], [ -89.836038635195536, 42.395811751169305, 14400.0 ], [ -89.804011698541984, 42.379551527155911, 14400.0 ], [ -89.795245715635645, 42.374245988897655, 14400.0 ], [ -89.756300731710027, 42.358747270144249, 14400.0 ], [ -89.730594115481594, 42.339778027989389, 14400.0 ], [ -89.715899727165706, 42.332538080473498, 14400.0 ], [ -89.675302566673878, 42.3140592173851, 14400.0 ], [ -89.635293534097357, 42.307640458711717, 14400.0 ], [ -89.624599973960528, 42.299855276261631, 14400.0 ], [ -89.612888790903327, 42.259290775381061, 14400.0 ], [ -89.596329034796938, 42.24032166213447, 14400.0 ], [ -89.571927586150281, 42.219519952729705, 14400.0 ], [ -89.555895550200333, 42.209952469057271, 14400.0 ], [ -89.516106747644898, 42.184869377681132, 14400.0 ], [ -89.516860471382969, 42.180576313440589, 14400.0 ], [ -89.51729353876388, 42.179677553857708, 14400.0 ], [ -89.540087805864346, 42.139244823841182, 14400.0 ], [ -89.552809105314097, 42.09966903861843, 14400.0 ], [ -89.549976184849129, 42.059131018751962, 14400.0 ], [ -89.556001914768757, 42.01952786258903, 14400.0 ], [ -89.556418017695052, 42.017728254604101, 14400.0 ], [ -89.55640371144446, 41.997914777889569, 14400.0 ], [ -89.551980952027662, 41.979885342525755, 14400.0 ], [ -89.538473123419976, 41.93973973075714, 14400.0 ], [ -89.516131651650937, 41.911292777336108, 14400.0 ], [ -89.500313188833616, 41.899516903082478, 14400.0 ], [ -89.476201883847324, 41.883358679790945, 14400.0 ], [ -89.435426081720479, 41.860019806862894, 14400.0 ], [ -89.434222455819096, 41.859876286383255, 14400.0 ], [ -89.39576600389934, 41.84925710549912, 14400.0 ], [ -89.35637226260755, 41.842961397974982, 14400.0 ], [ -89.316346730792503, 41.840796970457717, 14400.0 ], [ -89.27533046437587, 41.846323441019941, 14400.0 ], [ -89.235468104781077, 41.855527716449188, 14400.0 ], [ -89.222790927659062, 41.860147721538901, 14400.0 ], [ -89.195952267529577, 41.872571713634706, 14400.0 ], [ -89.155599132266161, 41.899300735010677, 14400.0 ], [ -89.154637400613453, 41.900194278002203, 14400.0 ], [ -89.122500648243985, 41.940480874296142, 14400.0 ], [ -89.116306096435579, 41.955743744758308, 14400.0 ], [ -89.109668375461624, 41.980008862930667, 14400.0 ], [ -89.075409426949392, 42.010116791974028, 14400.0 ], [ -89.035499167779278, 42.013815277347256, 14400.0 ], [ -89.001584915113128, 42.019984098376824, 14400.0 ], [ -88.995526937715994, 42.021160223416175, 14400.0 ], [ -88.955799632689192, 42.039052328669577, 14400.0 ], [ -88.926104646845928, 42.060392462991651, 14400.0 ], [ -88.916200202722791, 42.068969445037588, 14400.0 ], [ -88.881802708219965, 42.100495603566181, 14400.0 ], [ -88.876217117212192, 42.113049147310598, 14400.0 ], [ -88.867614219404246, 42.139981852008049, 14400.0 ], [ -88.86303080951798, 42.180462217041921, 14400.0 ], [ -88.863436417831679, 42.220091096124094, 14400.0 ], [ -88.862570165559418, 42.260607659059438, 14400.0 ], [ -88.86694501012181, 42.300275296966518, 14400.0 ], [ -88.876483490376629, 42.331888328631067, 14400.0 ], [ -88.879740535652658, 42.340025103253623, 14400.0 ], [ -88.876177244448357, 42.349784259278813, 14400.0 ], [ -88.843133136198333, 42.380185873257595, 14400.0 ], [ -88.836100368562171, 42.386418440038298, 14400.0 ], [ -88.795429815356272, 42.381787878857779, 14400.0 ], [ -88.786967143085974, 42.379662595799878, 14400.0 ], [ -88.755471279708544, 42.375216860350136, 14400.0 ], [ -88.71545710314075, 42.371787183403612, 14400.0 ], [ -88.675261284666732, 42.377209838865568, 14400.0 ], [ -88.650904644452538, 42.380131696447584, 14400.0 ], [ -88.636281856465644, 42.382241867290773, 14400.0 ], [ -88.595828296229925, 42.398625054759393, 14400.0 ], [ -88.555314637617187, 42.416706274479218, 14400.0 ], [ -88.515539142496891, 42.414233657246363, 14400.0 ], [ -88.476242555091545, 42.419481619110265, 14400.0 ], [ -88.472913326329035, 42.419977274464372, 14400.0 ], [ -88.466049912179201, 42.419885619004624, 14400.0 ], [ -88.436209626684118, 42.416306672802072, 14400.0 ], [ -88.399651804359991, 42.42001901512846, 14400.0 ], [ -88.395988014314867, 42.420695148458428, 14400.0 ], [ -88.35571232546981, 42.426939968033892, 14400.0 ], [ -88.315220992061327, 42.440936645417075, 14400.0 ], [ -88.275216497404955, 42.436535358528602, 14400.0 ], [ -88.236402331307644, 42.433242458309479, 14400.0 ], [ -88.196255539351952, 42.43417044853399, 14400.0 ], [ -88.156042939272453, 42.437304708471771, 14400.0 ], [ -88.115587802589076, 42.448398242018747, 14400.0 ], [ -88.090322148987283, 42.460166097541673, 14400.0 ], [ -88.076050877270944, 42.468756769840255, 14400.0 ], [ -88.036172018007292, 42.500673381378746, 14400.0 ], [ -88.00627402192913, 42.540678758019908, 14400.0 ], [ -87.996317724807852, 42.572021789012013, 14400.0 ], [ -87.994649783670567, 42.580096881219561, 14400.0 ], [ -87.993265272278634, 42.62059389040833, 14400.0 ], [ -87.985400155053682, 42.619555333652201, 14400.0 ], [ -87.95637775532262, 42.594946348024607, 14400.0 ], [ -87.931650890677972, 42.579876999450327, 14400.0 ], [ -87.916359870592103, 42.571495588413057, 14400.0 ], [ -87.875907740719953, 42.559751820473522, 14400.0 ], [ -87.836000207684606, 42.551278119435565, 14400.0 ], [ -87.8372180501175, 42.5512835300541, 14400.0 ], [ -87.876913761809988, 42.559965520926909, 14400.0 ], [ -87.916927959895091, 42.571726385035639, 14400.0 ], [ -87.932479050614717, 42.580458208447254, 14400.0 ], [ -87.957580939573674, 42.59542707593944, 14400.0 ], [ -87.986035038424248, 42.620239736376512, 14400.0 ], [ -87.99312861608243, 42.619691026100483, 14400.0 ], [ -87.994904699074638, 42.57920086877207, 14400.0 ], [ -87.996840699523545, 42.571130459925406, 14400.0 ], [ -88.006616173514573, 42.539784231275078, 14400.0 ], [ -88.036886870181078, 42.499785144590909, 14400.0 ], [ -88.077140090567468, 42.468050095126507, 14400.0 ], [ -88.090920018236076, 42.459813670923495, 14400.0 ], [ -88.116809771526391, 42.44820070966859, 14400.0 ], [ -88.157264432906061, 42.437111733649743, 14400.0 ], [ -88.197118686379198, 42.433980647255481, 14400.0 ], [ -88.237614335838174, 42.433376602545934, 14400.0 ], [ -88.276425654418787, 42.436778796551913, 14400.0 ], [ -88.316450694338513, 42.440421879192606, 14400.0 ], [ -88.356932244236077, 42.426776511448125, 14400.0 ], [ -88.397207958226687, 42.42052190558551, 14400.0 ], [ -88.400248144186023, 42.419886535319279, 14400.0 ], [ -88.437432810047412, 42.415995155753031, 14400.0 ], [ -88.466504209152262, 42.420066620435392, 14400.0 ], [ -88.473804771823865, 42.41976034545867, 14400.0 ], [ -88.477464263398602, 42.419225523388818, 14400.0 ], [ -88.516483140701069, 42.414023616614145, 14400.0 ], [ -88.556523151131799, 42.417009170343299, 14400.0 ], [ -88.597002565073041, 42.398149826262653, 14400.0 ], [ -88.637501698235653, 42.382008728891456, 14400.0 ], [ -88.652078429366526, 42.379899610072044, 14400.0 ], [ -88.676479957245121, 42.377020923307562, 14400.0 ], [ -88.716672861998333, 42.371730370767658, 14400.0 ], [ -88.756683719621691, 42.375329900009717, 14400.0 ], [ -88.788174940776088, 42.380024470362514, 14400.0 ], [ -88.796634822411363, 42.382300552723848, 14400.0 ], [ -88.836656804538478, 42.38591397808657, 14400.0 ], [ -88.84406666921349, 42.379341434445735, 14400.0 ], [ -88.877404419393258, 42.349054320443358, 14400.0 ], [ -88.879419977672924, 42.339121426239792, 14400.0 ], [ -88.876213081366288, 42.330985133000219, 14400.0 ], [ -88.866652484008483, 42.29937185598876, 14400.0 ], [ -88.862545252717283, 42.259706856065158, 14400.0 ], [ -88.863437119330513, 42.219190541017838, 14400.0 ], [ -88.862940191907995, 42.179560750784972, 14400.0 ], [ -88.867799360185799, 42.139648075554398, 14400.0 ], [ -88.876559232536763, 42.112151918988914, 14400.0 ], [ -88.882226781974353, 42.099599154808189, 14400.0 ], [ -88.916645531400917, 42.068408840464635, 14400.0 ], [ -88.927102923927791, 42.059501212226465, 14400.0 ], [ -88.956587197288755, 42.038678246491237, 14400.0 ], [ -88.996738466392927, 42.02093038034473, 14400.0 ], [ -89.002797637908287, 42.019675017478853, 14400.0 ], [ -89.036708539600184, 42.013709647972853, 14400.0 ], [ -89.076620737644248, 42.009867791190409, 14400.0 ], [ -89.109699524875097, 41.979108498792939, 14400.0 ], [ -89.116553698730272, 41.954845040746235, 14400.0 ], [ -89.122944470709726, 41.939583653421735, 14400.0 ], [ -89.155372161849641, 41.899523464151706, 14400.0 ], [ -89.156472106739812, 41.898406531808639, 14400.0 ], [ -89.196705908211882, 41.872192429870893, 14400.0 ], [ -89.223367405758438, 41.859882446519471, 14400.0 ], [ -89.236679320162011, 41.854988313437516, 14400.0 ], [ -89.276537434145141, 41.846115745902033, 14400.0 ], [ -89.317552936221986, 41.840639037004451, 14400.0 ], [ -89.357279644917767, 41.842898672447362, 14400.0 ], [ -89.396971098711006, 41.849213800540291, 14400.0 ], [ -89.435426081720479, 41.860019806862894, 14400.0 ], [ -89.436453512592081, 41.860494253935194, 14400.0 ], [ -89.477405004472004, 41.883629853631547, 14400.0 ], [ -89.50138118321243, 41.900416273011324, 14400.0 ], [ -89.516764226171489, 41.912196065680448, 14400.0 ], [ -89.538772141285619, 41.940205872870436, 14400.0 ], [ -89.552154231569432, 41.980786632938724, 14400.0 ], [ -89.556598600851189, 41.998816142378075, 14400.0 ], [ -89.556247164677671, 42.018628202670541, 14400.0 ], [ -89.555730663863358, 42.020427421203948, 14400.0 ], [ -89.550185555188378, 42.060032441409348, 14400.0 ], [ -89.552587886037443, 42.100568771887673, 14400.0 ], [ -89.539489233514701, 42.140143012182264, 14400.0 ], [ -89.516860471382969, 42.180576313440589, 14400.0 ], [ -89.516133282841281, 42.181389424281711, 14400.0 ], [ -89.516468622681401, 42.185077573319973, 14400.0 ], [ -89.556917116414695, 42.210457177138416, 14400.0 ], [ -89.572788151168524, 42.220147292721165, 14400.0 ], [ -89.596891518645165, 42.240734551484444, 14400.0 ], [ -89.613430200540336, 42.260193172718566, 14400.0 ], [ -89.624782293194741, 42.300756437941963, 14400.0 ], [ -89.636506735577171, 42.307673981598683, 14400.0 ], [ -89.676514593972456, 42.314350332580062, 14400.0 ], [ -89.716478125709614, 42.332785144259908, 14400.0 ], [ -89.731013669346837, 42.340059535445143, 14400.0 ], [ -89.756435527447522, 42.358850335032955, 14400.0 ], [ -89.796458718664567, 42.374764482939668, 14400.0 ], [ -89.804944984695311, 42.380110866476571, 14400.0 ], [ -89.836488349712397, 42.395983112846601, 14400.0 ], [ -89.876548326628068, 42.415477667588704, 14400.0 ], [ -89.916656045560657, 42.417664997377059, 14400.0 ], [ -89.93245518383462, 42.420053587809953, 14400.0 ], [ -89.956762220183336, 42.426162864111923, 14400.0 ], [ -89.996879009316928, 42.439122274896079, 14400.0 ], [ -90.030935637747561, 42.460629971482632, 14400.0 ], [ -90.037020621489205, 42.466150560424417, 14400.0 ], [ -90.069902748797418, 42.500199007318244, 14400.0 ], [ -90.077206528033884, 42.501094844579278, 14400.0 ], [ -90.117374613405261, 42.502586598829978, 14400.0 ], [ -90.157171804700596, 42.509289620315656, 14400.0 ], [ -90.180969165609241, 42.499348636376247, 14400.0 ], [ -90.179011361872043, 42.459728030075034, 14400.0 ], [ -90.193664610974466, 42.419179708413274, 14400.0 ], [ -90.196731151074317, 42.413771198515612, 14400.0 ], [ -90.196143882595436, 42.391758486981772, 14400.0 ], [ -90.166238695269556, 42.379598521631586, 14400.0 ], [ -90.156012515297391, 42.377272882577209, 14400.0 ], [ -90.11588466326883, 42.354662235061326, 14400.0 ], [ -90.106144334896214, 42.339254475484829, 14400.0 ], [ -90.076029133515917, 42.316654685921954, 14400.0 ], [ -90.07650818943803, 42.311250979529085, 14400.0 ], [ -90.076184884372296, 42.310350629647687, 14400.0 ], [ -90.076697667226568, 42.309449722565112, 14400.0 ], [ -90.075754617705698, 42.306242001293654, 14400.0 ], [ -90.070922585937495, 42.299547212228696, 14400.0 ], [ -90.053608780044428, 42.259931530241815, 14400.0 ], [ -90.057518070321436, 42.219403699786554, 14400.0 ], [ -90.065529537591232, 42.179773765369042, 14400.0 ], [ -90.076787193829588, 42.157258892138294, 14400.0 ], [ -90.089620728012434, 42.139230973134545, 14400.0 ], [ -90.116650077541436, 42.111357374043706, 14400.0 ], [ -90.131141864973884, 42.099732325296472, 14400.0 ], [ -90.156454933026168, 42.083322334683288, 14400.0 ], [ -90.19730287278928, 42.076054568291148, 14400.0 ], [ -90.236547345023851, 42.074179186075042, 14400.0 ], [ -90.277349158429615, 42.069196146898157, 14400.0 ], [ -90.317152341482071, 42.073084139381649, 14400.0 ], [ -90.356640909787998, 42.081974220553576, 14400.0 ], [ -90.397202754860956, 42.097763483385812, 14400.0 ], [ -90.402056257128208, 42.100290716315044, 14400.0 ], [ -90.436550680511047, 42.130330182472818, 14400.0 ], [ -90.444017716202993, 42.140208021226492, 14400.0 ], [ -90.476422327067084, 42.179142839669083, 14400.0 ], [ -90.478853201827093, 42.180336904816059, 14400.0 ], [ -90.516626809109866, 42.209073791737794, 14400.0 ], [ -90.543377488290716, 42.220460895673277, 14400.0 ], [ -90.556765892087341, 42.228873809401364, 14400.0 ], [ -90.597026684070073, 42.260191297274979, 14400.0 ], [ -90.636993996543779, 42.297800003721704, 14400.0 ], [ -90.637778903285778, 42.300497326104725, 14400.0 ], [ -90.676512767635316, 42.319463709137864, 14400.0 ], [ -90.716623911576946, 42.324913131805275, 14400.0 ], [ -90.756744255987215, 42.330554613827282, 14400.0 ], [ -90.776866660326974, 42.340164427755575, 14400.0 ], [ -90.796933092406604, 42.341054417793821, 14400.0 ], [ -90.799343506170487, 42.339661668153347, 14400.0 ], [ -90.836632722509947, 42.313647284689196, 14400.0 ], [ -90.876519786450231, 42.302230893213505, 14400.0 ], [ -90.896630404059835, 42.299666064667001, 14400.0 ], [ -90.916469604580072, 42.296137287055657, 14400.0 ], [ -90.956419790321249, 42.290579335547555, 14400.0 ], [ -90.996471646967606, 42.291920020468986, 14400.0 ], [ -91.036597244989125, 42.297656166546332, 14400.0 ], [ -91.046288699645004, 42.30019928381347, 14400.0 ], [ -91.076775868095723, 42.306078400619342, 14400.0 ], [ -91.117142455257124, 42.324522122264831, 14400.0 ], [ -91.13927577106891, 42.340410287101733, 14400.0 ], [ -91.156474126111434, 42.35677581768222, 14400.0 ], [ -91.185571805527275, 42.380793126028379, 14400.0 ], [ -91.196433504381574, 42.414900542771683, 14400.0 ], [ -91.198241394206889, 42.420284839178521, 14400.0 ], [ -91.205019251931375, 42.460737480167452, 14400.0 ], [ -91.199372328572736, 42.500019714721091, 14400.0 ], [ -91.196014330940912, 42.510360412397191, 14400.0 ], [ -91.180351003583922, 42.540239805382406, 14400.0 ], [ -91.196921746904565, 42.56292571573438, 14400.0 ], [ -91.23642691883957, 42.573867719975347, 14400.0 ], [ -91.271591714096473, 42.580315108111321, 14400.0 ], [ -91.276501685907704, 42.582050053219383, 14400.0 ], [ -91.316985810850369, 42.594770100774042, 14400.0 ], [ -91.356441499519349, 42.615519203053317, 14400.0 ], [ -91.363294358174343, 42.620154692112145, 14400.0 ], [ -91.397190276991125, 42.638369383834572, 14400.0 ], [ -91.434281649712304, 42.660055216630802, 14400.0 ], [ -91.436797306851631, 42.663323587548625, 14400.0 ], [ -91.468168473749643, 42.700053941635247, 14400.0 ], [ -91.47691867686855, 42.708632376484822, 14400.0 ], [ -91.486840008163639, 42.740182734379552, 14400.0 ], [ -91.495313430000891, 42.780593536490599, 14400.0 ], [ -91.487261635893091, 42.820318833217627, 14400.0 ], [ -91.476315828689522, 42.843872463469324, 14400.0 ], [ -91.458499124397704, 42.860309078366015, 14400.0 ], [ -91.436063110059422, 42.877701393568522, 14400.0 ], [ -91.403094282262245, 42.900449035616283, 14400.0 ], [ -91.395819290308182, 42.903754423144008, 14400.0 ], [ -91.38433708415424, 42.94046975988983, 14400.0 ], [ -91.390679347955185, 42.98001238209897, 14400.0 ], [ -91.3964760433593, 43.000651886159808, 14400.0 ], [ -91.407043073951698, 43.020080700385655, 14400.0 ], [ -91.426827341697191, 43.060606421039139, 14400.0 ], [ -91.427758063475096, 43.100213491095595, 14400.0 ], [ -91.417810240939431, 43.139955633978438, 14400.0 ], [ -91.39607582150947, 43.172637841529976, 14400.0 ], [ -91.39341443271222, 43.18077399119985, 14400.0 ], [ -91.379140706176486, 43.220564920210698, 14400.0 ], [ -91.37189971656602, 43.26013899394637, 14400.0 ], [ -91.39688872976879, 43.275273977564922, 14400.0 ], [ -91.437012939139109, 43.26307170748381, 14400.0 ], [ -91.442001260145432, 43.259407332554645, 14400.0 ], [ -91.476795786333142, 43.243656575848668, 14400.0 ], [ -91.516646621280088, 43.234234688629684, 14400.0 ], [ -91.55715581555512, 43.228998655034033, 14400.0 ], [ -91.596581206321986, 43.229683186269853, 14400.0 ], [ -91.637382888688677, 43.235743303364927, 14400.0 ], [ -91.677132177317148, 43.248045740297961, 14400.0 ], [ -91.695947655043085, 43.260205960899292, 14400.0 ], [ -91.717207875905672, 43.271387337926214, 14400.0 ], [ -91.756727698488334, 43.292822213992828, 14400.0 ], [ -91.760080007951444, 43.299973734083309, 14400.0 ], [ -91.778530756276027, 43.340205337530605, 14400.0 ], [ -91.78693533094318, 43.379986910178253, 14400.0 ], [ -91.784896414490575, 43.420239161382824, 14400.0 ], [ -91.765546423500666, 43.460155600061462, 14400.0 ], [ -91.756353572214522, 43.470201165675313, 14400.0 ], [ -91.734806927888741, 43.499964331999784, 14400.0 ], [ -91.71553031328601, 43.513137867512214, 14400.0 ], [ -91.676402545710815, 43.535023393093752, 14400.0 ], [ -91.660959899887445, 43.540054076819224, 14400.0 ], [ -91.636063841286713, 43.546715591635774, 14400.0 ], [ -91.595185593913016, 43.552888255370014, 14400.0 ], [ -91.555571751525775, 43.55305372534847, 14400.0 ], [ -91.515975830166042, 43.553944157209557, 14400.0 ], [ -91.476376140651709, 43.554729585552984, 14400.0 ], [ -91.435842818544472, 43.568313415062207, 14400.0 ], [ -91.418781821249283, 43.580153159785048, 14400.0 ], [ -91.436926806784001, 43.613950399442572, 14400.0 ], [ -91.470536304154521, 43.6200143884802, 14400.0 ], [ -91.476818780823749, 43.62349630293614, 14400.0 ], [ -91.516841851054409, 43.650999271111885, 14400.0 ], [ -91.527338116536953, 43.660551512792011, 14400.0 ], [ -91.549192923365354, 43.700083694133831, 14400.0 ], [ -91.557107374933338, 43.708609601658722, 14400.0 ], [ -91.565497520295537, 43.740376220261538, 14400.0 ], [ -91.575426884416842, 43.780754202767184, 14400.0 ], [ -91.596755452133451, 43.799295294107516, 14400.0 ], [ -91.626343587857804, 43.820554977897835, 14400.0 ], [ -91.637473599711186, 43.833603427649187, 14400.0 ], [ -91.666418351108788, 43.860491361485202, 14400.0 ], [ -91.677625461921295, 43.890398674066226, 14400.0 ], [ -91.717635217774031, 43.896261301897454, 14400.0 ], [ -91.752619660771956, 43.900350776506535, 14400.0 ], [ -91.757625641164466, 43.901200479390774, 14400.0 ], [ -91.796586212245131, 43.913083065392456, 14400.0 ], [ -91.836518532763279, 43.938910249959221, 14400.0 ], [ -91.83853144249646, 43.940464620275982, 14400.0 ], [ -91.875912558030336, 43.980027310573099, 14400.0 ], [ -91.876746786091516, 43.980569871960085, 14400.0 ], [ -91.891422659267008, 44.020840417705855, 14400.0 ], [ -91.909875886771474, 44.06014542388121, 14400.0 ], [ -91.91654287838854, 44.069936723300749, 14400.0 ], [ -91.924851018195639, 44.100406114517568, 14400.0 ], [ -91.928650318539127, 44.139953587398644, 14400.0 ], [ -91.923072284396127, 44.180559234832742, 14400.0 ], [ -91.916337233098616, 44.188774738316994, 14400.0 ], [ -91.916733644550888, 44.201891074850579, 14400.0 ], [ -91.956754953863836, 44.201007169266312, 14400.0 ], [ -91.996450265260449, 44.190508610399043, 14400.0 ], [ -92.021112981239384, 44.179859437348739, 14400.0 ], [ -92.037283501991254, 44.177132672089407, 14400.0 ], [ -92.076991602499334, 44.167859993116835, 14400.0 ], [ -92.117000572767466, 44.167345060253368, 14400.0 ], [ -92.157248341190794, 44.173398823743796, 14400.0 ], [ -92.173757913447702, 44.180117801089509, 14400.0 ], [ -92.196663351795863, 44.190491767386554, 14400.0 ], [ -92.236616846863726, 44.206357144729822, 14400.0 ], [ -92.2612128224076, 44.220276611939738, 14400.0 ], [ -92.276973814493914, 44.228810170968885, 14400.0 ], [ -92.315741355524452, 44.260594724542486, 14400.0 ], [ -92.316763330376006, 44.261474228481802, 14400.0 ], [ -92.337346263846598, 44.300665007008242, 14400.0 ], [ -92.347446776404425, 44.340067838136093, 14400.0 ], [ -92.356769096010154, 44.345573035216567, 14400.0 ], [ -92.384101783080936, 44.380718500856929, 14400.0 ], [ -92.396850462107835, 44.405447900326124, 14400.0 ], [ -92.400897379337707, 44.419976072061822, 14400.0 ], [ -92.407498458997878, 44.460346595417363, 14400.0 ], [ -92.436853979605274, 44.469625995426092, 14400.0 ], [ -92.43618320959844, 44.467839896815001, 14400.0 ], [ -92.437002610571824, 44.464990640477495, 14400.0 ], [ -92.451871178778632, 44.459793212626806, 14400.0 ], [ -92.47750431099324, 44.441700806496307, 14400.0 ], [ -92.517130012109064, 44.428007950898532, 14400.0 ], [ -92.55704970314612, 44.421479058735883, 14400.0 ], [ -92.56817564921252, 44.419936034453819, 14400.0 ], [ -92.597077764170336, 44.417597799117367, 14400.0 ], [ -92.637287845085055, 44.417881903343194, 14400.0 ], [ -92.649949325727334, 44.420089269223624, 14400.0 ], [ -92.653706670520364, 44.41983939587427, 14400.0 ], [ -92.657485998507468, 44.420075207097184, 14400.0 ], [ -92.658736520955259, 44.41994961835568, 14400.0 ], [ -92.661252466000477, 44.420027042951681, 14400.0 ], [ -92.665011429399556, 44.419813941491917, 14400.0 ], [ -92.667539696353003, 44.420162124070586, 14400.0 ], [ -92.676485665042563, 44.423500876001796, 14400.0 ], [ -92.717366307276123, 44.438153251763097, 14400.0 ], [ -92.757261633893563, 44.458135160948416, 14400.0 ], [ -92.760912928356703, 44.460447026596405, 14400.0 ], [ -92.795639641307204, 44.50011074867291, 14400.0 ], [ -92.797092592123462, 44.50248871730458, 14400.0 ], [ -92.815136657973596, 44.540140331300627, 14400.0 ], [ -92.837593853012123, 44.559346576450942, 14400.0 ], [ -92.869783905405754, 44.580188006791914, 14400.0 ], [ -92.876490728517439, 44.586320466850097, 14400.0 ], [ -92.899801821252041, 44.620163181864093, 14400.0 ], [ -92.916735728685552, 44.650112153047104, 14400.0 ], [ -92.920127029764274, 44.660827571544388, 14400.0 ], [ -92.924883137918172, 44.700313521688329, 14400.0 ], [ -92.916287447147596, 44.726638528759629, 14400.0 ], [ -92.909793581303703, 44.740306861277006, 14400.0 ], [ -92.91706052879816, 44.763143271992234, 14400.0 ], [ -92.95293154168381, 44.780606347205442, 14400.0 ], [ -92.956575685581981, 44.783212475059969, 14400.0 ], [ -92.99547504219484, 44.82000470837059, 14400.0 ], [ -92.996697516467165, 44.822673087066022, 14400.0 ], [ -93.009254048145607, 44.860149216988347, 14400.0 ], [ -93.016000741909167, 44.900477949649833, 14400.0 ], [ -93.006060673697831, 44.940346774072722, 14400.0 ], [ -92.995939411671202, 44.964916872611383, 14400.0 ], [ -92.984716827736833, 44.98051340275611, 14400.0 ], [ -92.956108837338249, 45.00774453676032, 14400.0 ], [ -92.94059426075259, 45.020364990334372, 14400.0 ], [ -92.916356842750048, 45.034489061130728, 14400.0 ], [ -92.875805048889006, 45.051314249194419, 14400.0 ], [ -92.835600085804188, 45.060103817073724, 14400.0 ], [ -92.801769878158197, 45.069612074170273, 14400.0 ], [ -92.800865565239292, 45.069786994351738, 14400.0 ] ] ] } },
{ "type": "Feature", "properties": { "cat": 1, "level": 14400.0 }, "geometry": { "type": "MultiLineString", "coordinates": [ [ [ -92.800865565239292, 45.069786994351738, 14400.0 ], [ -92.800511379179383, 45.069855501917161, 14400.0 ], [ -92.780110907794295, 45.068329129190282, 14400.0 ], [ -92.740513076911441, 45.063802789952348, 14400.0 ], [ -92.700731679750476, 45.055246491276456, 14400.0 ], [ -92.66082685169313, 45.043771981780203, 14400.0 ], [ -92.637496717798385, 45.033477041791102, 14400.0 ], [ -92.620506221119484, 45.022839055690781, 14400.0 ], [ -92.591002547893837, 44.993732466291007, 14400.0 ], [ -92.580674355041353, 44.983874404374518, 14400.0 ], [ -92.565349888984116, 44.953805554261152, 14400.0 ], [ -92.553022012060822, 44.913575351990637, 14400.0 ], [ -92.561524070636793, 44.873778136895972, 14400.0 ], [ -92.570612367507394, 44.833066704370886, 14400.0 ], [ -92.540280175548901, 44.815872466435046, 14400.0 ], [ -92.509194943023601, 44.793026007889154, 14400.0 ], [ -92.500608903601602, 44.784212784457857, 14400.0 ], [ -92.461047443432065, 44.753566774723851, 14400.0 ], [ -92.460459932601367, 44.753149387986447, 14400.0 ], [ -92.420337919508654, 44.730261501427194, 14400.0 ], [ -92.39914185481156, 44.713476790437511, 14400.0 ], [ -92.380581199362041, 44.692261132767889, 14400.0 ], [ -92.36410654840671, 44.714007642292906, 14400.0 ], [ -92.340708243051594, 44.728650549767075, 14400.0 ], [ -92.305859243301299, 44.754106837823272, 14400.0 ], [ -92.300171800494596, 44.757370612437391, 14400.0 ], [ -92.26017443290057, 44.765822621030246, 14400.0 ], [ -92.21989950279297, 44.77285428720883, 14400.0 ], [ -92.180780975688364, 44.774479695239542, 14400.0 ], [ -92.140140412937029, 44.769179851399763, 14400.0 ], [ -92.100498504261907, 44.756363851959044, 14400.0 ], [ -92.077660607815744, 44.753718177200597, 14400.0 ], [ -92.059802742917839, 44.748944706889972, 14400.0 ], [ -92.019668051539185, 44.7210632827789, 14400.0 ], [ -92.008103396238454, 44.713824116243039, 14400.0 ], [ -91.980695814222216, 44.689113405784994, 14400.0 ], [ -91.970067600483375, 44.673426031755476, 14400.0 ], [ -91.958659428534105, 44.633666474421929, 14400.0 ], [ -91.972990590387681, 44.593811200501669, 14400.0 ], [ -91.981160000321609, 44.554533077716549, 14400.0 ], [ -91.983652273099153, 44.553768782199924, 14400.0 ], [ -91.980690028404155, 44.540681635850582, 14400.0 ], [ -91.940786227620336, 44.539450989674926, 14400.0 ], [ -91.900080198422941, 44.539297581103206, 14400.0 ], [ -91.860628242615931, 44.525821155447119, 14400.0 ], [ -91.851438217774756, 44.51381178838313, 14400.0 ], [ -91.820829870917734, 44.499117287212201, 14400.0 ], [ -91.789574069396181, 44.47350527537418, 14400.0 ], [ -91.780199776534815, 44.446952811407549, 14400.0 ], [ -91.775261985980407, 44.433218894112819, 14400.0 ], [ -91.766455066917317, 44.393745642400653, 14400.0 ], [ -91.772350003782321, 44.353560569127509, 14400.0 ], [ -91.781152367372755, 44.329600944728014, 14400.0 ], [ -91.780373262487998, 44.328446616988586, 14400.0 ], [ -91.78132814553453, 44.318556695660128, 14400.0 ], [ -91.786192295250629, 44.313544340474969, 14400.0 ], [ -91.821619242307634, 44.283230267550366, 14400.0 ], [ -91.823816590066244, 44.273236258037997, 14400.0 ], [ -91.819879547422204, 44.267478137793439, 14400.0 ], [ -91.788550102238801, 44.27457072265036, 14400.0 ], [ -91.780067383713131, 44.276853506406887, 14400.0 ], [ -91.740115530730506, 44.281926737671903, 14400.0 ], [ -91.700533708142061, 44.300059183797273, 14400.0 ], [ -91.660598993716732, 44.306541103272544, 14400.0 ], [ -91.620536025643503, 44.308683060895291, 14400.0 ], [ -91.58049351205635, 44.31169632326192, 14400.0 ], [ -91.575542430072545, 44.314110347570448, 14400.0 ], [ -91.571084732974427, 44.313779212073236, 14400.0 ], [ -91.563863481162798, 44.31387832733752, 14400.0 ], [ -91.540459010064765, 44.315173071264446, 14400.0 ], [ -91.534821331339629, 44.313372091586011, 14400.0 ], [ -91.500092690095414, 44.305813933325098, 14400.0 ], [ -91.460834424349926, 44.290066741588028, 14400.0 ], [ -91.447896532478381, 44.273652677194633, 14400.0 ], [ -91.443131403097254, 44.274056534070553, 14400.0 ], [ -91.420530996931646, 44.282075369915908, 14400.0 ], [ -91.380483262426381, 44.28453590090789, 14400.0 ], [ -91.340401777036305, 44.285660285125964, 14400.0 ], [ -91.30034438684369, 44.287946779960407, 14400.0 ], [ -91.260130469446182, 44.283059357840344, 14400.0 ], [ -91.23327189795468, 44.273814661246789, 14400.0 ], [ -91.220372632547665, 44.26495071329915, 14400.0 ], [ -91.180331985521761, 44.241117301867114, 14400.0 ], [ -91.16640057992791, 44.233286360584806, 14400.0 ], [ -91.140752565267817, 44.202075072886714, 14400.0 ], [ -91.133476027939039, 44.193825552107796, 14400.0 ], [ -91.113753428091428, 44.153507601785797, 14400.0 ], [ -91.112313488486578, 44.154018054267425, 14400.0 ], [ -91.111058618849611, 44.153789552047627, 14400.0 ], [ -91.109809246447909, 44.153853825102765, 14400.0 ], [ -91.109375996709886, 44.153550197980643, 14400.0 ], [ -91.10057261526886, 44.127884746720149, 14400.0 ], [ -91.087275644815335, 44.113250447976867, 14400.0 ], [ -91.071655508218967, 44.07378580329727, 14400.0 ], [ -91.086347684588191, 44.033718188739833, 14400.0 ], [ -91.090606120475613, 43.99369837157225, 14400.0 ], [ -91.060102168474856, 43.9616208346891, 14400.0 ], [ -91.040493296715496, 43.953434902750516, 14400.0 ], [ -91.020183955064894, 43.931110498054217, 14400.0 ], [ -91.009020513457983, 43.913203523038625, 14400.0 ], [ -91.01606713696124, 43.873527459134444, 14400.0 ], [ -91.021045418069576, 43.864583453346476, 14400.0 ], [ -91.020592539480717, 43.859982426285242, 14400.0 ], [ -91.020911218785045, 43.856720136335085, 14400.0 ], [ -91.020565609711866, 43.836454656238622, 14400.0 ], [ -91.018026987689538, 43.83346898272297, 14400.0 ], [ -91.02108042039491, 43.815862487135583, 14400.0 ], [ -91.026050272044287, 43.793548414812555, 14400.0 ], [ -91.045967059725911, 43.753514927514132, 14400.0 ], [ -91.020065526386645, 43.733990786362561, 14400.0 ], [ -90.980356962416053, 43.735782546945281, 14400.0 ], [ -90.94052700931222, 43.729971779420417, 14400.0 ], [ -90.9067508892836, 43.713428233092209, 14400.0 ], [ -90.900476749188712, 43.708938691172939, 14400.0 ], [ -90.860477008684725, 43.689473177724807, 14400.0 ], [ -90.847844241528094, 43.673578877336432, 14400.0 ], [ -90.820056647212539, 43.637200491411711, 14400.0 ], [ -90.78052374539746, 43.648102677635549, 14400.0 ], [ -90.740858439300325, 43.649398714779423, 14400.0 ], [ -90.699998369477228, 43.654745725967437, 14400.0 ], [ -90.660290186918999, 43.652688863426768, 14400.0 ], [ -90.62060552751268, 43.652654571745877, 14400.0 ], [ -90.580811491750879, 43.641266880898932, 14400.0 ], [ -90.573298457199087, 43.633522882952533, 14400.0 ], [ -90.539703316627509, 43.619874792074654, 14400.0 ], [ -90.500010086227363, 43.603248058449168, 14400.0 ], [ -90.486414750921412, 43.593402749650195, 14400.0 ], [ -90.459965810431896, 43.565806491648139, 14400.0 ], [ -90.453683095157132, 43.553686291002002, 14400.0 ], [ -90.441242473471064, 43.513453305247239, 14400.0 ], [ -90.437011067593303, 43.473824263699107, 14400.0 ], [ -90.43762209015452, 43.473850630028323, 14400.0 ], [ -90.439479249410866, 43.473166890634666, 14400.0 ], [ -90.452477522115657, 43.433275565235917, 14400.0 ], [ -90.461320154671114, 43.418534112037293, 14400.0 ], [ -90.460050263186901, 43.413971272757806, 14400.0 ], [ -90.420543365260613, 43.417040443838744, 14400.0 ], [ -90.394712884213533, 43.434153356164366, 14400.0 ], [ -90.379930301966766, 43.439842311895404, 14400.0 ], [ -90.34041997412919, 43.44777508138089, 14400.0 ], [ -90.30051678062506, 43.456285510706749, 14400.0 ], [ -90.298527194086375, 43.474056208588181, 14400.0 ], [ -90.301013344221488, 43.476714164415981, 14400.0 ], [ -90.327998748132529, 43.513834242072029, 14400.0 ], [ -90.340919667191429, 43.536673169565354, 14400.0 ], [ -90.358352093326843, 43.554203088205306, 14400.0 ], [ -90.381947065249108, 43.565408128711596, 14400.0 ], [ -90.420949031039697, 43.579256744197757, 14400.0 ], [ -90.444589936524167, 43.59447341378749, 14400.0 ], [ -90.460906125413274, 43.616917779540898, 14400.0 ], [ -90.472742542435796, 43.633976211064336, 14400.0 ], [ -90.494132632730057, 43.674401568219366, 14400.0 ], [ -90.496378136200974, 43.714007025857171, 14400.0 ], [ -90.487926410761276, 43.75455866751355, 14400.0 ], [ -90.491545430602514, 43.793964117500678, 14400.0 ], [ -90.488059996103701, 43.834687416881067, 14400.0 ], [ -90.49310827662832, 43.874279826404795, 14400.0 ], [ -90.489732111471199, 43.913908152198978, 14400.0 ], [ -90.482367150176501, 43.95445331841438, 14400.0 ], [ -90.462275972043031, 43.994149624641388, 14400.0 ], [ -90.460780662640644, 43.995919378086398, 14400.0 ], [ -90.460870900067533, 44.023865065195324, 14400.0 ], [ -90.4703785971748, 44.034629831263153, 14400.0 ], [ -90.493835423594362, 44.074143553617269, 14400.0 ], [ -90.50095878218437, 44.104722166443906, 14400.0 ], [ -90.502940390753622, 44.114194063578601, 14400.0 ], [ -90.50076675911626, 44.152768180149437, 14400.0 ], [ -90.500179423821194, 44.1542408047032, 14400.0 ], [ -90.48830615007418, 44.193904044436579, 14400.0 ], [ -90.460189826342244, 44.230031325551877, 14400.0 ], [ -90.456374159745209, 44.234147519931952, 14400.0 ], [ -90.42025811879104, 44.262269695011454, 14400.0 ], [ -90.399040084132793, 44.274234430222897, 14400.0 ], [ -90.380296369900009, 44.282500532125191, 14400.0 ], [ -90.343412137974184, 44.314165769384509, 14400.0 ], [ -90.340392394362283, 44.317469036984825, 14400.0 ], [ -90.300778500077939, 44.352996531949493, 14400.0 ], [ -90.299571973495304, 44.353899944743787, 14400.0 ], [ -90.260393031038532, 44.376268505310591, 14400.0 ], [ -90.22027687945301, 44.39060732099076, 14400.0 ], [ -90.198942924003902, 44.394008405194185, 14400.0 ], [ -90.180118691055071, 44.397627977184996, 14400.0 ], [ -90.139945281650839, 44.402292602456882, 14400.0 ], [ -90.0997543606844, 44.400410251269442, 14400.0 ], [ -90.068843840793321, 44.434393031558422, 14400.0 ], [ -90.060373512190424, 44.443400111989696, 14400.0 ], [ -90.024050900346793, 44.474021212721368, 14400.0 ], [ -90.020719204805843, 44.476722535165308, 14400.0 ], [ -89.980417956492076, 44.499034169652262, 14400.0 ], [ -89.940149984575228, 44.512575871475804, 14400.0 ], [ -89.932599036828719, 44.513923427828665, 14400.0 ], [ -89.899875291551027, 44.519149407244427, 14400.0 ], [ -89.860857493993507, 44.522598192511175, 14400.0 ], [ -89.820510203162328, 44.547655514217531, 14400.0 ], [ -89.812799572917342, 44.553989648418735, 14400.0 ], [ -89.780117666482738, 44.575520274843342, 14400.0 ], [ -89.751067611235271, 44.594154909750998, 14400.0 ], [ -89.740086464145449, 44.605159095570727, 14400.0 ], [ -89.700487449645678, 44.631167925560469, 14400.0 ], [ -89.69507543198425, 44.633854198825127, 14400.0 ], [ -89.660025309918993, 44.64951649185749, 14400.0 ], [ -89.619808820477772, 44.655233153342699, 14400.0 ], [ -89.580483684143729, 44.661545138242602, 14400.0 ], [ -89.540111809262555, 44.662239055662852, 14400.0 ], [ -89.499794618667053, 44.656461558464585, 14400.0 ], [ -89.460763238550172, 44.648893432284765, 14400.0 ], [ -89.422247321473094, 44.633700103278322, 14400.0 ], [ -89.42056473184158, 44.632911646541835, 14400.0 ], [ -89.380478292171489, 44.608460683397745, 14400.0 ], [ -89.365233872477035, 44.593788632085889, 14400.0 ], [ -89.340595173094158, 44.568986967736031, 14400.0 ], [ -89.321882300422345, 44.553594653234555, 14400.0 ], [ -89.300617036660171, 44.519594060648046, 14400.0 ], [ -89.298498414803632, 44.5132795595201, 14400.0 ], [ -89.287121742707583, 44.473599481635247, 14400.0 ], [ -89.261192742111049, 44.473946375832092, 14400.0 ], [ -89.259932442669751, 44.474175779299635, 14400.0 ], [ -89.219616955210284, 44.480067957759992, 14400.0 ], [ -89.180602478640793, 44.482283442249418, 14400.0 ], [ -89.14046173331765, 44.506798226158075, 14400.0 ], [ -89.13425977600032, 44.51395310708196, 14400.0 ], [ -89.100688425938031, 44.536199020729654, 14400.0 ], [ -89.070608764630023, 44.553962399117104, 14400.0 ], [ -89.05990193679925, 44.558855143881786, 14400.0 ], [ -89.020735400897706, 44.566635369732673, 14400.0 ], [ -88.980317357139398, 44.573356418215674, 14400.0 ], [ -88.939965581123531, 44.575917683180165, 14400.0 ], [ -88.899752571790287, 44.570933264972773, 14400.0 ], [ -88.86032580273627, 44.561959769468679, 14400.0 ], [ -88.831514817765182, 44.553566746414297, 14400.0 ], [ -88.820788275676378, 44.551962589632545, 14400.0 ], [ -88.780471727435852, 44.553212983850784, 14400.0 ], [ -88.776681196034232, 44.553844089400762, 14400.0 ], [ -88.775425024727042, 44.553703673300745, 14400.0 ], [ -88.77331032366358, 44.553856566533831, 14400.0 ], [ -88.768703360234156, 44.553806986215832, 14400.0 ], [ -88.766607860496293, 44.55386324632844, 14400.0 ], [ -88.764432259283026, 44.553760854387271, 14400.0 ], [ -88.761568197587422, 44.554013923240475, 14400.0 ], [ -88.742689457001376, 44.553639771243205, 14400.0 ], [ -88.740173589373782, 44.553530595266338, 14400.0 ], [ -88.700486058938395, 44.550350449438632, 14400.0 ], [ -88.660706192844557, 44.542689171671533, 14400.0 ], [ -88.620129222147824, 44.526002299318044, 14400.0 ], [ -88.60136909989069, 44.513585611458247, 14400.0 ], [ -88.580320527772642, 44.499515020946973, 14400.0 ], [ -88.55328230303347, 44.473772630849396, 14400.0 ], [ -88.540661859399293, 44.458398482425309, 14400.0 ], [ -88.532915131901404, 44.433514361934577, 14400.0 ], [ -88.522954820031501, 44.393354657832205, 14400.0 ], [ -88.528605573537547, 44.353817383528089, 14400.0 ], [ -88.509808092628006, 44.353848892348708, 14400.0 ], [ -88.500775565076651, 44.355255894957914, 14400.0 ], [ -88.460668460760857, 44.361548770463003, 14400.0 ], [ -88.420529117072121, 44.360798459224121, 14400.0 ], [ -88.380543349638572, 44.354511867085819, 14400.0 ], [ -88.375548780128412, 44.353615668924483, 14400.0 ], [ -88.340579118413132, 44.347765296728134, 14400.0 ], [ -88.299647793104867, 44.331392437077767, 14400.0 ], [ -88.260796192064973, 44.330279886015752, 14400.0 ], [ -88.220862588904367, 44.323518682008277, 14400.0 ], [ -88.180522184725845, 44.317293663643483, 14400.0 ], [ -88.171154170697591, 44.313543065876111, 14400.0 ], [ -88.140813221190243, 44.295948581481191, 14400.0 ], [ -88.108167996870478, 44.273806636515076, 14400.0 ], [ -88.100634784180727, 44.266479645825072, 14400.0 ], [ -88.060355045103336, 44.246579981176886, 14400.0 ], [ -88.020343141855818, 44.244523298964154, 14400.0 ], [ -87.980345530278314, 44.242131305013714, 14400.0 ], [ -87.940087200729351, 44.247301802680603, 14400.0 ], [ -87.900042614382727, 44.246269842215369, 14400.0 ], [ -87.860246689453078, 44.240622244145037, 14400.0 ], [ -87.825356070843, 44.233665529084021, 14400.0 ], [ -87.820398964235082, 44.232260296286832, 14400.0 ], [ -87.780754464140173, 44.213898078743327, 14400.0 ], [ -87.748352830092813, 44.193458306519879, 14400.0 ], [ -87.740727765697756, 44.187227340503057, 14400.0 ], [ -87.70776632019529, 44.153039761994357, 14400.0 ], [ -87.700614294870476, 44.140292425322343, 14400.0 ], [ -87.690488906380608, 44.113080425855557, 14400.0 ], [ -87.683189940963317, 44.073321155626807, 14400.0 ], [ -87.690740974967255, 44.032962192060218, 14400.0 ], [ -87.701423796846427, 44.007087344907532, 14400.0 ], [ -87.707804139345996, 43.993694064404067, 14400.0 ], [ -87.741866621149896, 43.960395982283586, 14400.0 ], [ -87.750654630268315, 43.95313335608148, 14400.0 ], [ -87.781189685396726, 43.935725026713641, 14400.0 ], [ -87.780758302603971, 43.920180049498128, 14400.0 ], [ -87.772282351191748, 43.913655369319763, 14400.0 ], [ -87.73997077935644, 43.913310036402748, 14400.0 ], [ -87.741164515367075, 43.913131046346592, 14400.0 ], [ -87.772749137753635, 43.913953931014028, 14400.0 ], [ -87.781054285013425, 43.920417576213652, 14400.0 ], [ -87.780169467132637, 43.936007292020413, 14400.0 ], [ -87.749677051177841, 43.954014378029441, 14400.0 ], [ -87.740598870798337, 43.960956858437726, 14400.0 ], [ -87.707470236533737, 43.994587635037874, 14400.0 ], [ -87.700733673653545, 44.007956283080127, 14400.0 ], [ -87.690471059629985, 44.033857000978117, 14400.0 ], [ -87.682695250591607, 44.074211379761771, 14400.0 ], [ -87.690884838656714, 44.113988689927723, 14400.0 ], [ -87.700900516334428, 44.141198442082079, 14400.0 ], [ -87.708007006491684, 44.153944845309439, 14400.0 ], [ -87.741368098782985, 44.187918870321049, 14400.0 ], [ -87.749104599512009, 44.194373375961618, 14400.0 ], [ -87.781013679443049, 44.214016748441139, 14400.0 ], [ -87.82164264278758, 44.23249172890376, 14400.0 ], [ -87.826581312561771, 44.234398983004944, 14400.0 ], [ -87.861410395223459, 44.240866468893898, 14400.0 ], [ -87.901293391055077, 44.246318818448195, 14400.0 ], [ -87.941346768107934, 44.247100449871112, 14400.0 ], [ -87.981587282338438, 44.241931349104561, 14400.0 ], [ -88.021588323901014, 44.244741090454738, 14400.0 ], [ -88.061599938218251, 44.246812405601126, 14400.0 ], [ -88.101034818850351, 44.266887658342391, 14400.0 ], [ -88.108325053630566, 44.273979316319547, 14400.0 ], [ -88.141456627668674, 44.296255438805943, 14400.0 ], [ -88.172238164030816, 44.314239967395615, 14400.0 ], [ -88.180911689921871, 44.317614095409347, 14400.0 ], [ -88.222106736256904, 44.323850413246596, 14400.0 ], [ -88.262048238984988, 44.330356645299709, 14400.0 ], [ -88.300893993385017, 44.331674239827514, 14400.0 ], [ -88.341173716759329, 44.347647664160462, 14400.0 ], [ -88.376794580288689, 44.353942140448709, 14400.0 ], [ -88.38180369859829, 44.354311492005834, 14400.0 ], [ -88.421783955865664, 44.360803282029906, 14400.0 ], [ -88.461929847469506, 44.361304135060095, 14400.0 ], [ -88.500989102055712, 44.355231120188535, 14400.0 ], [ -88.510714360531722, 44.353585468484731, 14400.0 ], [ -88.527729485042286, 44.354706327668879, 14400.0 ], [ -88.523007322894287, 44.394255566154726, 14400.0 ], [ -88.533299583940007, 44.433998176402802, 14400.0 ], [ -88.541080154058548, 44.458852350916203, 14400.0 ], [ -88.553396071514172, 44.473864226656303, 14400.0 ], [ -88.580997152331506, 44.500316797944159, 14400.0 ], [ -88.60261869116907, 44.513947766204623, 14400.0 ], [ -88.621192923798446, 44.526649804960137, 14400.0 ], [ -88.661095572127309, 44.542809035889789, 14400.0 ], [ -88.701209247098788, 44.550471795826546, 14400.0 ], [ -88.741431052488693, 44.553606964323848, 14400.0 ], [ -88.74394437560106, 44.553834679905137, 14400.0 ], [ -88.762083513207429, 44.553735417666182, 14400.0 ], [ -88.765346603972176, 44.553964434684183, 14400.0 ], [ -88.766860530813503, 44.553787101557724, 14400.0 ], [ -88.769124078083635, 44.553958867761978, 14400.0 ], [ -88.774165494329765, 44.553723536869391, 14400.0 ], [ -88.776681196034232, 44.553844089400762, 14400.0 ], [ -88.777945609579774, 44.553591010134525, 14400.0 ], [ -88.781731950576102, 44.553159291199613, 14400.0 ], [ -88.822048076479916, 44.551926669938126, 14400.0 ], [ -88.832080668041101, 44.553927028133145, 14400.0 ], [ -88.860882115389671, 44.562039384536099, 14400.0 ], [ -88.901007356222465, 44.571182905725564, 14400.0 ], [ -88.941225951542137, 44.575874900787419, 14400.0 ], [ -88.981581971944124, 44.573065608249017, 14400.0 ], [ -89.02199659722875, 44.566527824265464, 14400.0 ], [ -89.061165558660491, 44.558581830279856, 14400.0 ], [ -89.071321437336749, 44.553419692666026, 14400.0 ], [ -89.101817977491066, 44.535349706474861, 14400.0 ], [ -89.134868829868807, 44.51345485964152, 14400.0 ], [ -89.141266391327406, 44.506215024383565, 14400.0 ], [ -89.181856248469856, 44.482555956538356, 14400.0 ], [ -89.220876796763633, 44.47989436838845, 14400.0 ], [ -89.261192742111049, 44.473946375832092, 14400.0 ], [ -89.262452086952635, 44.473791975167735, 14400.0 ], [ -89.287591561656399, 44.474487419096789, 14400.0 ], [ -89.298706949492384, 44.514181056009434, 14400.0 ], [ -89.300878836140328, 44.520052195777829, 14400.0 ], [ -89.322442022357222, 44.553933690660003, 14400.0 ], [ -89.341085403222422, 44.569346316744301, 14400.0 ], [ -89.365510988735039, 44.594102916651309, 14400.0 ], [ -89.381734238260705, 44.60887105785482, 14400.0 ], [ -89.421819666412645, 44.633505275232181, 14400.0 ], [ -89.423075502504844, 44.634010490980707, 14400.0 ], [ -89.461653491303039, 44.649195989511298, 14400.0 ], [ -89.501055916652035, 44.656466374876935, 14400.0 ], [ -89.541372938056767, 44.662281656764968, 14400.0 ], [ -89.58174438378758, 44.661649461138495, 14400.0 ], [ -89.620893053097461, 44.654949957750389, 14400.0 ], [ -89.661187999915015, 44.649062040019011, 14400.0 ], [ -89.695421721333574, 44.633632605799235, 14400.0 ], [ -89.701741388205335, 44.630617805115889, 14400.0 ], [ -89.740942661298831, 44.604287603712933, 14400.0 ], [ -89.751608163265374, 44.593482090253403, 14400.0 ], [ -89.781315946485464, 44.574638513057749, 14400.0 ], [ -89.812936866302451, 44.553715609053441, 14400.0 ], [ -89.821272032719307, 44.546801531088484, 14400.0 ], [ -89.861809802878781, 44.522552001720101, 14400.0 ], [ -89.901133597709787, 44.519189449386637, 14400.0 ], [ -89.933857505615237, 44.513740099075534, 14400.0 ], [ -89.941408613051948, 44.512180583865543, 14400.0 ], [ -89.981676045000853, 44.498563756936761, 14400.0 ], [ -90.021921363490719, 44.475938238636438, 14400.0 ], [ -90.024435269365128, 44.473580483319381, 14400.0 ], [ -90.06086752029664, 44.442610211219268, 14400.0 ], [ -90.069570456330453, 44.43349236159532, 14400.0 ], [ -90.1010098970239, 44.400241850146877, 14400.0 ], [ -90.141201301075768, 44.402356263227965, 14400.0 ], [ -90.181373848302925, 44.397430759790275, 14400.0 ], [ -90.200197879251178, 44.393793172622971, 14400.0 ], [ -90.221531105633687, 44.390238802236532, 14400.0 ], [ -90.261645640163508, 44.375662023108447, 14400.0 ], [ -90.300444946809023, 44.353187605119899, 14400.0 ], [ -90.301695583150561, 44.35237275449397, 14400.0 ], [ -90.341038587669786, 44.316873624598379, 14400.0 ], [ -90.34399437124695, 44.31326376917594, 14400.0 ], [ -90.38154746872867, 44.282158749962733, 14400.0 ], [ -90.400289197189096, 44.273641918246568, 14400.0 ], [ -90.42150772865574, 44.261811896163692, 14400.0 ], [ -90.456720796207236, 44.233646291195051, 14400.0 ], [ -90.460905824739086, 44.229128177726061, 14400.0 ], [ -90.488596948700177, 44.193453319239246, 14400.0 ], [ -90.500116266623138, 44.153340808227931, 14400.0 ], [ -90.501111486945234, 44.152436174022554, 14400.0 ], [ -90.502680763353325, 44.113717402456665, 14400.0 ], [ -90.500850827430696, 44.103822359011502, 14400.0 ], [ -90.493567871952152, 44.073244424178931, 14400.0 ], [ -90.469810587510509, 44.033813638929438, 14400.0 ], [ -90.45978463744386, 44.022969147965455, 14400.0 ], [ -90.461657064414084, 43.995052425090293, 14400.0 ], [ -90.462492425396789, 43.993248450417035, 14400.0 ], [ -90.482107183017078, 43.953554111117533, 14400.0 ], [ -90.490038268218541, 43.913631085104811, 14400.0 ], [ -90.492718992115812, 43.873381188543853, 14400.0 ], [ -90.487955358499036, 43.833787540486782, 14400.0 ], [ -90.492785392819385, 43.793587865683705, 14400.0 ], [ -90.48766037264032, 43.753659467122517, 14400.0 ], [ -90.496535482354119, 43.713106000331628, 14400.0 ], [ -90.49341930779029, 43.673504301210173, 14400.0 ], [ -90.472212999833303, 43.633078044884641, 14400.0 ], [ -90.460350655922738, 43.616318261099607, 14400.0 ], [ -90.444071472406904, 43.593602743330663, 14400.0 ], [ -90.420430718306605, 43.579060624470856, 14400.0 ], [ -90.380708624759151, 43.565392963619445, 14400.0 ], [ -90.357110324786149, 43.553584485950061, 14400.0 ], [ -90.340717056776796, 43.536306366574536, 14400.0 ], [ -90.327486058996712, 43.512935337095612, 14400.0 ], [ -90.299820656209093, 43.476996125101387, 14400.0 ], [ -90.297869395614242, 43.473399701892625, 14400.0 ], [ -90.300913829966078, 43.456656319821334, 14400.0 ], [ -90.341654967395115, 43.447606376798198, 14400.0 ], [ -90.381154343503368, 43.439534761308074, 14400.0 ], [ -90.394561618125991, 43.433490060645497, 14400.0 ], [ -90.42095355346639, 43.417188972254287, 14400.0 ], [ -90.461284418934881, 43.413826570263346, 14400.0 ], [ -90.46008652000836, 43.418760237199557, 14400.0 ], [ -90.452252286654343, 43.434176842574438, 14400.0 ], [ -90.438480684874975, 43.473847340818708, 14400.0 ], [ -90.437011067593303, 43.473824263699107, 14400.0 ], [ -90.436603482546175, 43.47385452387342, 14400.0 ], [ -90.4413178445554, 43.51435338818213, 14400.0 ], [ -90.454208337430458, 43.553919212144045, 14400.0 ], [ -90.461207080182817, 43.566188854331024, 14400.0 ], [ -90.487073180861557, 43.594300307263438, 14400.0 ], [ -90.501095561401343, 43.604143665028268, 14400.0 ], [ -90.540941343279187, 43.619714813557565, 14400.0 ], [ -90.574544591456089, 43.63419392732191, 14400.0 ], [ -90.580911991984706, 43.641580887108702, 14400.0 ], [ -90.621132072508658, 43.65217364194605, 14400.0 ], [ -90.661524007132897, 43.652113643274433, 14400.0 ], [ -90.701236430710694, 43.654563980647524, 14400.0 ], [ -90.742093956240481, 43.649029283139392, 14400.0 ], [ -90.781757981785603, 43.647655343859469, 14400.0 ], [ -90.821056252129523, 43.636506860085028, 14400.0 ], [ -90.848568350104813, 43.674120557693868, 14400.0 ], [ -90.861722379955651, 43.689786209739076, 14400.0 ], [ -90.901696582712603, 43.709727466742613, 14400.0 ], [ -90.90551867337679, 43.714037000142866, 14400.0 ], [ -90.940868209428203, 43.730119475090333, 14400.0 ], [ -90.981599155816085, 43.735803964598368, 14400.0 ], [ -91.021319203656446, 43.734689245695201, 14400.0 ], [ -91.045249336890706, 43.753975680578421, 14400.0 ], [ -91.026725493747762, 43.794204157213088, 14400.0 ], [ -91.020229181486968, 43.816707075572971, 14400.0 ], [ -91.017046058331033, 43.833904863983541, 14400.0 ], [ -91.021807280199411, 43.836322292931541, 14400.0 ], [ -91.019728163729795, 43.85728919868567, 14400.0 ], [ -91.020973172010756, 43.86035064180065, 14400.0 ], [ -91.020185475133431, 43.864487632517211, 14400.0 ], [ -91.01498318176013, 43.874031594078936, 14400.0 ], [ -91.009266886762475, 43.914101653620477, 14400.0 ], [ -91.020947535027872, 43.931721018145538, 14400.0 ], [ -91.040762129893295, 43.954332754258616, 14400.0 ], [ -91.061358336091885, 43.962161670887099, 14400.0 ], [ -91.091856110169644, 43.993850001733406, 14400.0 ], [ -91.086851641617542, 44.034029735739047, 14400.0 ], [ -91.07127116032018, 44.074689689380023, 14400.0 ], [ -91.087631180989177, 44.11414733859197, 14400.0 ], [ -91.10182804190643, 44.128175002142299, 14400.0 ], [ -91.109809246447909, 44.153853825102765, 14400.0 ], [ -91.111058618849611, 44.153789552047627, 14400.0 ], [ -91.112313488486578, 44.154018054267425, 14400.0 ], [ -91.113301405116886, 44.153512008128956, 14400.0 ], [ -91.114455579405643, 44.154401022336422, 14400.0 ], [ -91.133935894725525, 44.19472125027152, 14400.0 ], [ -91.141901466416087, 44.202744252038514, 14400.0 ], [ -91.167666390722644, 44.233971614100156, 14400.0 ], [ -91.181583875596019, 44.241090562021455, 14400.0 ], [ -91.220911040316693, 44.265356172087536, 14400.0 ], [ -91.233621177566647, 44.273996607858841, 14400.0 ], [ -91.261388470614278, 44.283278307802739, 14400.0 ], [ -91.301595340269643, 44.287835153348198, 14400.0 ], [ -91.341645377738217, 44.285231158061379, 14400.0 ], [ -91.381736546395189, 44.284533286568283, 14400.0 ], [ -91.421162224288537, 44.281533995077027, 14400.0 ], [ -91.444138464839298, 44.273704562717583, 14400.0 ], [ -91.449082998164684, 44.27398117552945, 14400.0 ], [ -91.462101627808735, 44.290620535122045, 14400.0 ], [ -91.501353927665235, 44.306105806776344, 14400.0 ], [ -91.535413965026322, 44.314058712702185, 14400.0 ], [ -91.540955238905198, 44.315089971267014, 14400.0 ], [ -91.564246996155759, 44.313745885762863, 14400.0 ], [ -91.571781219477842, 44.314136788560802, 14400.0 ], [ -91.576539696686226, 44.313704037095057, 14400.0 ], [ -91.581089649431632, 44.310940414095143, 14400.0 ], [ -91.621787670247642, 44.308602779489064, 14400.0 ], [ -91.661836155689016, 44.307093218332547, 14400.0 ], [ -91.701765744982794, 44.299310425580387, 14400.0 ], [ -91.74137307944855, 44.282071069456357, 14400.0 ], [ -91.781321639124741, 44.276889243303913, 14400.0 ], [ -91.787493807525095, 44.273798905925382, 14400.0 ], [ -91.821115406575927, 44.266923958461454, 14400.0 ], [ -91.824379245596191, 44.274003939968104, 14400.0 ], [ -91.820427073402243, 44.283969674683114, 14400.0 ], [ -91.78745558474904, 44.313851710874346, 14400.0 ], [ -91.78019539359029, 44.318813033460906, 14400.0 ], [ -91.780999984699704, 44.328703086020319, 14400.0 ], [ -91.78042743067499, 44.330236694270198, 14400.0 ], [ -91.771602963929496, 44.3540558065027, 14400.0 ], [ -91.766530466118994, 44.394644702276537, 14400.0 ], [ -91.775760256532394, 44.434111366830805, 14400.0 ], [ -91.781469399180523, 44.447374221845571, 14400.0 ], [ -91.789640252268057, 44.474404452725246, 14400.0 ], [ -91.82161813254919, 44.500004924643434, 14400.0 ], [ -91.851602981387927, 44.513925954140177, 14400.0 ], [ -91.861901430551129, 44.52628192181183, 14400.0 ], [ -91.901339459208174, 44.539311868818459, 14400.0 ], [ -91.941619255114716, 44.539261759952375, 14400.0 ], [ -91.981255706860935, 44.541456486196012, 14400.0 ], [ -91.983248239109528, 44.554024724926215, 14400.0 ], [ -91.980660337019771, 44.554969852040941, 14400.0 ], [ -91.972537082166752, 44.594719232948115, 14400.0 ], [ -91.958703855124341, 44.634565902781411, 14400.0 ], [ -91.971038319479206, 44.673961876213269, 14400.0 ], [ -91.981708128248641, 44.689980471074897, 14400.0 ], [ -92.008406761718931, 44.714718958686007, 14400.0 ], [ -92.020950405547296, 44.721626643539004, 14400.0 ], [ -92.061086085367748, 44.749507267490159, 14400.0 ], [ -92.078434746828222, 44.753973400270311, 14400.0 ], [ -92.10095775266457, 44.756261624037236, 14400.0 ], [ -92.141415105265466, 44.769474980765217, 14400.0 ], [ -92.182035486434287, 44.774230538773658, 14400.0 ], [ -92.221157571711444, 44.772703226264539, 14400.0 ], [ -92.261322790956925, 44.765575982427691, 14400.0 ], [ -92.30141977925571, 44.756979211047714, 14400.0 ], [ -92.306326260392922, 44.75327104948952, 14400.0 ], [ -92.341959592593696, 44.728364556428275, 14400.0 ], [ -92.364260515339438, 44.713304449161704, 14400.0 ], [ -92.380876642461942, 44.691919860933432, 14400.0 ], [ -92.399452947790152, 44.713868397940203, 14400.0 ], [ -92.421619222606665, 44.730701530865552, 14400.0 ], [ -92.461047443432065, 44.753566774723851, 14400.0 ], [ -92.461759168153137, 44.753992284394293, 14400.0 ], [ -92.500981120306363, 44.784534777868188, 14400.0 ], [ -92.509994502470192, 44.793908592508863, 14400.0 ], [ -92.541568435056476, 44.816406171924655, 14400.0 ], [ -92.570873330004432, 44.833960986358392, 14400.0 ], [ -92.561157669712344, 44.874686514803692, 14400.0 ], [ -92.553490749206333, 44.914447476365531, 14400.0 ], [ -92.56538322689363, 44.953893320926888, 14400.0 ], [ -92.580880472163756, 44.984060268726338, 14400.0 ], [ -92.591288762294184, 44.994220277463889, 14400.0 ], [ -92.621808943841032, 45.023569537751115, 14400.0 ], [ -92.638198333163231, 45.034057548775408, 14400.0 ], [ -92.662104018711545, 45.043930235955074, 14400.0 ], [ -92.702034403540807, 45.055939229836852, 14400.0 ], [ -92.741793030358053, 45.064005288234092, 14400.0 ], [ -92.781368948078921, 45.068075148365985, 14400.0 ], [ -92.800511379179383, 45.069855501917161, 14400.0 ], [ -92.800865565239292, 45.069786994351738, 14400.0 ] ] ] } },
{ "type": "Feature", "properties": { "cat": 1, "level": 14400.0 }, "geometry": { "type": "MultiLineString", "coordinates": [ [ [ -87.885814878908917, 43.328188711919637, 14400.0 ], [ -87.886318377636542, 43.32810998611923, 14400.0 ], [ -87.908842938098502, 43.318721600973802, 14400.0 ], [ -87.912607303481209, 43.316837091686914, 14400.0 ], [ -87.94865630729474, 43.308365070361049, 14400.0 ], [ -87.947695460622185, 43.300276802325882, 14400.0 ], [ -87.907028175589843, 43.299737159193619, 14400.0 ], [ -87.908261036971027, 43.29973803130634, 14400.0 ], [ -87.948933925656121, 43.30011144140984, 14400.0 ], [ -87.947955355922645, 43.308612400724883, 14400.0 ], [ -87.912483475958396, 43.316973962488873, 14400.0 ], [ -87.907596870501834, 43.319094222337142, 14400.0 ], [ -87.886318377636542, 43.32810998611923, 14400.0 ], [ -87.885814878908917, 43.328188711919637, 14400.0 ] ] ] } },
{ "type": "Feature", "properties": { "cat": 1, "level": 14400.0 }, "geometry": { "type": "MultiLineString", "coordinates": [ [ [ -87.885814878908917, 43.328188711919637, 14400.0 ], [ -87.885077597775748, 43.328320729794868, 14400.0 ], [ -87.885814878908917, 43.328188711919637, 14400.0 ] ] ] } }
]
}
