{"type":"Topology","arcs":[[[12124,4851],[-69,25],[-86,70],[-69,67],[-86,101],[-68,99],[-69,123],[-51,116],[-51,155],[-45,208],[-41,311],[-3,122],[21,138],[34,104],[76,138],[55,70],[74,71],[68,51],[86,49],[86,34],[138,31],[137,4],[69,-7],[103,-25],[120,-50],[138,-94],[66,-64],[67,-87],[72,-138],[28,-87],[22,-138],[-5,-139],[-16,-86],[-56,-208],[-60,-190],[-81,-191],[-89,-153],[-69,-95],[-120,-132],[-137,-115],[-86,-56],[-103,-32]],[[9323,7037],[-120,-4],[-104,8],[-154,24],[-52,8],[-17,4],[-17,3],[-241,56],[-171,54],[-75,27],[-46,16],[-3,1],[-14,5],[-34,14],[-35,14],[-68,34],[-35,20],[-17,10],[-17,11],[-21,13],[-14,10],[-10,7],[-7,5],[-58,47],[-71,70],[-56,69],[-62,104],[-35,86],[-25,139],[9,138],[35,121],[63,121],[50,70],[28,34],[2,2],[14,16],[17,17],[35,34],[3,3],[16,15],[21,17],[21,17],[131,87],[34,18],[17,9],[16,7],[2,1],[137,54],[137,35],[52,8],[34,5],[16,1],[2,0],[17,2],[86,4],[240,-9],[241,-24],[137,-33],[86,-32],[120,-59],[138,-94],[73,-66],[34,-35],[13,-15],[2,-2],[15,-17],[53,-70],[79,-138],[46,-121],[21,-87],[14,-138],[-15,-156],[-37,-121],[-63,-121],[-51,-69],[-66,-70],[-67,-55],[-137,-81],[-120,-45],[-18,-5],[-15,-4],[-2,0],[-17,-5],[-51,-10],[-69,-9]],[[25818,11606],[-120,-4],[-155,14],[-86,18],[-120,40],[-137,68],[-69,46],[-80,67],[-66,69],[-52,69],[-68,121],[-38,104],[-20,87],[-12,138],[5,104],[31,156],[37,103],[80,156],[89,121],[65,70],[80,72],[138,96],[120,61],[86,34],[155,41],[103,14],[137,5],[155,-15],[155,-40],[120,-53],[137,-92],[94,-89],[57,-69],[83,-138],[47,-122],[27,-121],[9,-86],[-4,-139],[-14,-86],[-29,-104],[-52,-121],[-50,-87],[-91,-121],[-65,-69],[-149,-123],[-120,-73],[-172,-72],[-138,-35],[-103,-15]],[[14890,13841],[-103,-1],[-17,0],[-17,1],[-35,2],[-120,8],[-69,4],[-17,0],[-17,1],[-17,1],[-18,1],[-17,1],[-17,1],[-17,1],[-34,3],[-69,6],[-86,12],[-138,24],[-223,57],[-206,77],[-138,72],[-206,129],[-293,158],[-110,69],[-63,52],[-59,69],[-34,69],[-9,87],[14,69],[29,69],[92,139],[111,121],[219,205],[17,17],[3,3],[14,14],[37,38],[36,34],[99,82],[69,46],[103,56],[172,66],[172,37],[17,3],[17,2],[35,5],[34,4],[69,5],[68,3],[35,1],[17,0],[17,1],[138,-2],[68,-4],[17,-1],[18,-1],[34,-4],[17,-1],[17,-2],[11,-2],[7,0],[17,-2],[17,-3],[378,-57],[206,-52],[86,-31],[52,-21],[34,-15],[17,-8],[2,-1],[15,-7],[52,-26],[69,-36],[33,-17],[18,-10],[16,-8],[33,-17],[66,-35],[57,-30],[9,-4],[8,-5],[25,-13],[32,-17],[12,-7],[17,-10],[1,0],[28,-18],[89,-69],[60,-69],[34,-69],[19,-87],[2,-17],[0,-17],[1,-35],[-5,-69],[-20,-139],[-13,-69],[-3,-17],[-4,-17],[-10,-52],[-4,-18],[-9,-34],[-16,-52],[-57,-121],[-44,-70],[-13,-17],[-2,-1],[-12,-16],[-30,-35],[-70,-69],[-128,-94],[-69,-37],[-34,-17],[-17,-7],[-2,-1],[-16,-7],[-103,-39],[-154,-46],[-189,-37],[-155,-13]],[[5903,10269],[-85,-6],[-35,0],[-17,0],[-17,1],[-103,9],[-155,35],[-86,30],[-120,57],[-103,64],[-103,84],[-141,152],[-75,104],[-84,138],[-72,139],[-104,242],[-49,139],[-94,280],[-231,602],[-88,242],[-38,122],[-44,173],[-15,86],[-9,173],[8,121],[34,208],[33,121],[67,173],[102,208],[148,294],[157,346],[65,104],[69,80],[103,87],[275,168],[86,73],[51,77],[13,52],[1,69],[-14,69],[-52,138],[-68,137],[-45,71],[-41,46],[-69,46],[-137,56],[-138,69],[-137,95],[-77,69],[-79,86],[-96,139],[-66,138],[-38,121],[-16,87],[-7,138],[22,156],[82,260],[37,155],[16,104],[6,87],[-3,69],[1,17],[0,18],[2,34],[4,35],[3,17],[2,17],[1,18],[-1,17],[-1,17],[-3,18],[-4,17],[-25,69],[-38,69],[-34,52],[-13,18],[-1,2],[-12,15],[-14,17],[-9,12],[-5,6],[-14,17],[-31,35],[-33,34],[-3,3],[-15,14],[-18,18],[-16,17],[-27,35],[-11,17],[-9,17],[-25,69],[-10,70],[-1,17],[0,17],[1,35],[7,69],[6,35],[3,17],[4,17],[15,70],[42,173],[35,103],[76,139],[64,78],[8,8],[9,9],[17,17],[34,29],[69,47],[69,34],[137,36],[138,0],[137,-37],[69,-33],[266,-153],[107,-70],[80,-69],[71,-104],[22,-86],[-2,-69],[-17,-70],[-6,-17],[-6,-15],[0,-2],[-8,-18],[-8,-17],[-1,-2],[-7,-15],[-19,-35],[-32,-52],[-162,-225],[-80,-138],[-34,-121],[18,-104],[8,-17],[10,-18],[25,-34],[35,-35],[99,-69],[2,-1],[17,-11],[8,-6],[9,-5],[19,-12],[101,-63],[229,-144],[29,-18],[17,-10],[12,-7],[5,-3],[69,-39],[69,-43],[69,-52],[2,-2],[15,-13],[17,-16],[5,-5],[12,-12],[64,-75],[47,-69],[131,-225],[79,-121],[92,-84],[68,-35],[86,-26],[103,-17],[18,-2],[17,-2],[17,-2],[103,-12],[86,-10],[3,0],[14,-2],[17,-2],[35,-6],[68,-13],[138,-37],[103,-38],[120,-53],[86,-48],[120,-83],[103,-94],[114,-144],[68,-121],[65,-173],[42,-173],[24,-156],[9,-103],[3,-139],[-9,-208],[0,-138],[1,-35],[1,-17],[1,-17],[8,-78],[20,-164],[15,-312],[-5,-173],[-25,-156],[-46,-156],[-52,-121],[-68,-121],[-80,-111],[-86,-96],[-68,-65],[-69,-60],[-52,-43],[-27,-23],[-7,-6],[-13,-11],[-67,-69],[-14,-18],[-9,-12],[-4,-5],[-21,-35],[-26,-69],[-1,-4],[-1,-13],[0,-17],[6,-35],[24,-69],[83,-156],[95,-186],[10,-22],[7,-12],[2,-5],[27,-52],[53,-138],[9,-35],[3,-17],[6,-35],[8,-138],[-8,-87],[-23,-104],[-48,-121],[-85,-138],[-58,-69],[-71,-70],[-159,-126],[-69,-63],[-120,-132],[-275,-336],[-51,-64],[-17,-22],[-2,-1],[-14,-17],[-2,-3],[-120,-125],[-12,-11],[-5,-5],[-17,-14],[-35,-28],[-68,-49],[-121,-69],[-68,-32],[-18,-7],[-34,-12],[-69,-22],[-172,-32]],[[23275,14410],[-223,-8],[-138,9],[-137,29],[-17,6],[-17,6],[-18,6],[-17,7],[-17,8],[-17,7],[-120,62],[-69,44],[-69,52],[-34,29],[-52,49],[-72,81],[-27,34],[-12,18],[-24,34],[-21,35],[-36,69],[-8,17],[-7,18],[-14,34],[-18,52],[-5,17],[-9,35],[-7,35],[-7,34],[-2,18],[-2,17],[-2,17],[-2,15],[0,2],[-1,18],[-1,17],[-1,17],[0,18],[0,17],[1,17],[0,18],[1,17],[2,17],[4,35],[6,34],[3,18],[8,34],[19,70],[57,138],[49,87],[89,121],[58,69],[93,86],[125,87],[158,91],[172,105],[155,88],[324,166],[105,61],[155,67],[145,45],[14,35],[-15,34],[-75,115],[-138,238],[-61,132],[-70,190],[-30,104],[-70,311],[-14,122],[-2,69],[14,138],[14,69],[40,122],[69,138],[70,104],[178,207],[67,87],[84,121],[69,139],[11,69],[0,17],[0,18],[-2,34],[-7,52],[-29,156],[-13,156],[12,138],[45,173],[63,139],[95,138],[86,91],[137,105],[18,11],[17,10],[34,18],[69,33],[86,31],[68,19],[18,4],[17,3],[86,14],[137,6],[103,-8],[103,-19],[155,-50],[155,-70],[86,-47],[34,-20],[17,-11],[17,-10],[17,-12],[52,-35],[17,-12],[17,-13],[35,-26],[36,-29],[153,-139],[105,-104],[16,-17],[15,-17],[1,-2],[13,-16],[28,-34],[183,-279],[144,-206],[89,-138],[118,-208],[49,-104],[39,-104],[48,-173],[23,-138],[12,-173],[-10,-156],[-18,-86],[-45,-139],[-29,-156],[-15,-207],[8,-121],[15,-104],[68,-346],[8,-70],[1,-138],[-9,-121],[-24,-156],[-51,-190],[-32,-87],[-56,-121],[-72,-121],[-50,-69],[-5,-7],[-8,-11],[-27,-31],[-194,-228],[-61,-87],[-88,-155],[0,-1],[-8,-17],[-8,-17],[-31,-69],[-37,-69],[-60,-87],[-80,-87],[-137,-105],[-69,-37],[-34,-15],[-17,-7],[-18,-6],[-137,-32],[-137,0],[-104,25],[-120,50],[-86,26],[-137,27],[-86,-31],[-157,-137],[-62,-52],[-21,-17],[-18,-14],[-4,-3],[-22,-18],[-119,-86],[-106,-69],[-196,-119],[-171,-94],[-121,-54],[-154,-56],[-189,-45],[-138,-19]],[[6728,18284],[-120,0],[-69,8],[-137,35],[-86,37],[-120,73],[-15,11],[-3,2],[-17,14],[-41,36],[-64,69],[-108,156],[-137,225],[-71,138],[-33,87],[-5,17],[-5,17],[-5,18],[-7,34],[-3,18],[-2,17],[1,69],[11,70],[9,34],[5,17],[6,18],[46,121],[95,208],[56,86],[80,90],[69,58],[69,44],[137,55],[52,11],[34,4],[17,1],[18,0],[120,-12],[69,-22],[86,-44],[85,-54],[138,-106],[69,-64],[114,-134],[58,-87],[49,-86],[32,-69],[15,-35],[7,-17],[6,-17],[33,-104],[33,-156],[16,-208],[-1,-121],[-23,-138],[-63,-139],[-52,-69],[-87,-81],[-86,-55],[-86,-39],[-120,-32],[-69,-9]],[[26059,21942],[-155,20],[-17,4],[-17,5],[-35,11],[-68,28],[-138,85],[-95,91],[-53,69],[-74,139],[-33,104],[-15,86],[-3,139],[24,138],[29,87],[74,138],[53,69],[93,91],[69,49],[137,69],[155,38],[138,6],[85,-11],[121,-33],[137,-68],[69,-50],[17,-15],[7,-7],[10,-9],[42,-42],[29,-35],[49,-69],[66,-139],[32,-121],[10,-86],[-5,-139],[-17,-86],[-35,-104],[-77,-139],[-94,-110],[-68,-58],[-69,-46],[-138,-62],[-103,-26],[-137,-11]],[[21265,25584],[-103,-4],[-121,11],[-137,35],[-137,60],[-138,93],[-97,93],[-101,139],[-66,138],[-39,104],[-20,52],[-3,10],[-3,7],[-6,17],[-6,18],[-54,121],[-41,69],[-62,77],[-52,49],[-86,61],[-86,35],[-154,34],[-121,45],[-137,84],[-86,75],[-66,77],[-46,69],[-66,138],[-26,87],[-21,138],[-1,121],[24,156],[25,87],[61,138],[90,139],[59,69],[105,95],[137,91],[137,61],[86,26],[155,25],[137,-2],[138,-23],[120,-42],[138,-78],[100,-84],[243,-261],[35,-32],[86,-50],[68,-23],[138,-23],[137,0],[224,35],[68,5],[138,-6],[154,-32],[104,-38],[137,-76],[180,-122],[120,-87],[109,-86],[152,-138],[174,-174],[61,-69],[156,-207],[-15,-35],[-130,-121],[-146,-121],[-106,-70],[-297,-164],[-103,-84],[-69,-65],[-206,-209],[-69,-64],[-137,-110],[-86,-60],[-52,-32],[-17,-11],[-17,-10],[-17,-10],[-35,-19],[-137,-70],[-86,-33],[-120,-30],[-69,-9]],[[22657,28771],[-103,-1],[-86,10],[-121,33],[-86,38],[-120,79],[-63,57],[-60,69],[-82,139],[-33,86],[-20,87],[-10,87],[5,138],[18,86],[35,122],[68,173],[73,138],[109,156],[63,71],[103,96],[69,52],[103,64],[172,74],[137,32],[138,6],[69,-7],[103,-30],[103,-57],[69,-61],[77,-102],[38,-69],[47,-121],[25,-104],[12,-86],[5,-139],[-11,-138],[-16,-87],[-33,-121],[-54,-138],[-53,-104],[-72,-117],[-122,-160],[-67,-68],[-69,-54],[-85,-52],[-121,-48],[-154,-29]],[[26523,31266],[-172,6],[-155,38],[-71,31],[-102,69],[-59,69],[-30,69],[-4,18],[-5,34],[0,18],[0,17],[11,69],[25,69],[37,70],[49,69],[64,69],[102,84],[155,87],[172,55],[172,21],[120,-6],[155,-35],[103,-45],[99,-74],[52,-70],[26,-69],[3,-17],[2,-17],[0,-18],[0,-17],[-1,-17],[-6,-35],[-8,-35],[-19,-51],[-37,-70],[-49,-69],[-63,-69],[-105,-87],[-83,-51],[-121,-55],[-154,-42],[-103,-13]],[[34461,4423],[-51,-3],[-35,0],[-17,0],[-17,0],[-17,1],[-17,1],[-35,4],[-86,13],[-120,34],[-120,51],[-138,84],[-69,55],[-95,96],[-55,70],[-46,69],[-11,17],[-9,17],[-19,35],[-51,121],[-30,104],[-16,86],[-10,104],[0,18],[0,17],[0,17],[0,18],[9,103],[9,52],[4,18],[4,17],[18,69],[30,87],[56,121],[9,17],[10,17],[11,18],[33,52],[52,69],[12,14],[3,3],[14,17],[49,52],[105,93],[103,70],[69,38],[35,17],[17,7],[0,0],[17,8],[51,20],[104,31],[86,18],[17,3],[17,2],[17,2],[17,2],[35,2],[68,2],[155,-13],[86,-18],[103,-33],[137,-65],[138,-97],[92,-89],[57,-69],[68,-104],[35,-69],[47,-121],[35,-156],[11,-138],[-10,-156],[-19,-104],[-50,-156],[-67,-138],[-68,-104],[-13,-17],[-14,-17],[-1,-2],[-13,-16],[-15,-17],[-92,-95],[-138,-106],[-120,-68],[-69,-30],[-103,-36],[-17,-5],[-17,-4],[-17,-4],[-18,-4],[-120,-19]],[[34547,9129],[-137,-2],[-86,12],[-121,35],[-68,30],[-18,9],[-17,10],[-34,21],[-69,51],[-17,15],[-17,15],[-37,38],[-15,16],[0,1],[-15,17],[-50,69],[-69,139],[-36,138],[-10,121],[0,18],[1,17],[2,35],[14,104],[39,155],[32,87],[70,138],[97,139],[63,70],[137,120],[121,75],[171,71],[155,33],[137,5],[138,-20],[51,-14],[18,-6],[34,-13],[69,-33],[17,-10],[2,-1],[15,-10],[34,-23],[69,-59],[44,-47],[28,-34],[12,-18],[12,-17],[65,-121],[34,-104],[17,-87],[9,-103],[1,-18],[0,-17],[-1,-35],[0,-17],[-1,-17],[-3,-35],[-5,-34],[-16,-87],[-30,-104],[-19,-52],[-15,-34],[-8,-18],[-8,-17],[-9,-17],[-4,-8],[-5,-10],[-19,-34],[-44,-69],[-25,-35],[-10,-14],[-3,-3],[-13,-18],[-53,-60],[-68,-68],[-138,-106],[-120,-69],[-69,-31],[-120,-40],[-86,-15]],[[44513,9439],[-69,-1],[-17,0],[-17,1],[-34,4],[-52,8],[-120,33],[-138,68],[-68,50],[-77,72],[-55,69],[-42,70],[-32,69],[-28,86],[-12,70],[-4,34],[-2,35],[0,17],[0,17],[2,35],[10,69],[35,121],[74,139],[55,69],[76,73],[68,51],[121,63],[85,30],[138,25],[120,0],[69,-8],[103,-24],[120,-50],[69,-41],[17,-12],[4,-3],[13,-10],[35,-28],[34,-31],[74,-87],[44,-69],[57,-139],[24,-138],[-6,-138],[-35,-139],[-72,-138],[-52,-70],[-68,-68],[-35,-28],[-17,-13],[-16,-12],[-1,-1],[-86,-51],[-120,-48],[-86,-21],[-86,-10]],[[36746,10672],[-68,6],[-35,6],[-17,5],[-17,5],[-5,1],[-12,4],[-17,7],[-35,16],[-17,10],[-17,10],[-34,26],[-35,32],[-15,16],[-2,3],[-12,15],[-45,69],[-29,69],[-23,87],[-11,138],[1,17],[1,18],[3,34],[12,69],[12,52],[5,16],[0,2],[18,52],[67,138],[59,87],[114,120],[34,28],[17,13],[16,12],[2,0],[17,12],[7,5],[10,6],[17,11],[34,19],[35,17],[17,7],[17,8],[103,32],[138,15],[137,-22],[69,-29],[69,-46],[66,-70],[24,-35],[10,-17],[9,-17],[44,-121],[17,-156],[0,-17],[-1,-18],[-3,-34],[-10,-70],[-17,-69],[-37,-104],[-8,-17],[-8,-17],[-18,-35],[-67,-104],[-28,-34],[-25,-29],[-5,-6],[-12,-13],[-103,-90],[-120,-74],[-18,-8],[-17,-8],[-34,-14],[-52,-17],[-17,-4],[-17,-5],[-17,-3],[-35,-6],[-17,-2],[-17,-2],[-52,-2]],[[45080,11594],[-137,17],[-138,49],[-137,89],[-74,71],[-55,69],[-12,18],[-11,17],[-20,34],[0,1],[-9,17],[-17,34],[-18,35],[-42,81],[-17,33],[-4,7],[-9,17],[-17,35],[-58,121],[-14,35],[-8,17],[-7,17],[-6,18],[-32,86],[-16,52],[-15,52],[-3,14],[-1,3],[-4,18],[-37,190],[-9,69],[-1,10],[-1,8],[-2,17],[-5,52],[-5,34],[-15,104],[3,139],[22,69],[19,35],[13,17],[6,6],[10,11],[58,41],[103,33],[138,5],[137,-25],[17,-5],[18,-5],[17,-6],[69,-26],[86,-38],[34,-16],[17,-8],[4,-2],[13,-6],[17,-8],[18,-9],[34,-18],[69,-38],[137,-87],[52,-38],[17,-12],[11,-9],[6,-5],[17,-13],[104,-86],[40,-34],[20,-17],[25,-23],[15,-12],[2,-3],[69,-59],[35,-33],[9,-9],[8,-9],[7,-8],[29,-35],[67,-104],[51,-121],[22,-86],[3,-18],[3,-17],[4,-35],[3,-34],[0,-17],[1,-18],[-2,-52],[-17,-121],[-53,-156],[-48,-86],[-87,-112],[-69,-64],[-69,-49],[-137,-67],[-121,-30],[-120,-8]],[[31214,10909],[-121,-4],[-120,16],[-155,50],[-75,36],[-38,17],[-40,17],[-1,1],[-17,7],[-35,15],[-51,23],[-138,66],[-17,9],[-1,0],[-16,9],[-35,18],[-120,68],[-172,111],[-103,89],[-78,86],[-51,69],[-23,35],[-10,17],[-10,16],[-1,2],[-11,17],[-73,51],[-86,10],[-69,-8],[-172,-42],[-86,-19],[-17,-3],[-17,-3],[-52,-8],[-223,-18],[-138,-1],[-34,1],[-17,1],[-17,1],[-121,14],[-17,3],[-34,7],[-35,7],[-120,34],[-103,37],[-120,51],[-155,83],[-172,118],[-170,151],[-125,139],[-54,69],[-12,17],[-12,17],[-12,18],[-54,86],[-71,139],[-49,121],[-21,69],[-26,156],[-4,104],[10,138],[27,139],[63,173],[8,17],[4,7],[5,10],[19,35],[32,52],[116,146],[34,33],[12,11],[5,5],[18,15],[137,97],[17,10],[17,9],[5,3],[13,6],[68,35],[138,65],[86,46],[137,93],[127,101],[131,120],[137,109],[18,13],[0,0],[17,12],[17,12],[51,35],[86,50],[86,39],[172,51],[103,16],[138,3],[154,-19],[121,-33],[120,-50],[103,-60],[34,-24],[18,-13],[17,-13],[34,-28],[17,-14],[17,-16],[18,-15],[68,-66],[116,-127],[67,-86],[69,-104],[10,-17],[10,-18],[3,-5],[7,-12],[19,-35],[35,-69],[51,-121],[77,-248],[17,-51],[5,-12],[7,-18],[6,-15],[17,-40],[86,-156],[56,-83],[22,-35],[11,-17],[11,-17],[3,-5],[8,-12],[10,-18],[11,-17],[30,-52],[10,-16],[0,-1],[10,-18],[19,-34],[57,-104],[91,-138],[97,-104],[18,-17],[1,-1],[16,-14],[17,-15],[34,-28],[109,-81],[22,-17],[7,-6],[15,-12],[42,-34],[63,-55],[115,-118],[101,-139],[67,-121],[16,-35],[8,-17],[2,-6],[5,-11],[21,-52],[35,-104],[5,-17],[3,-12],[2,-5],[4,-18],[5,-17],[12,-87],[-6,-138],[-39,-139],[-79,-138],[-76,-86],[-115,-90],[-86,-47],[-86,-33],[-154,-32]],[[52056,20635],[-103,0],[-86,11],[-120,34],[-137,69],[-104,81],[-70,76],[-50,69],[-38,69],[-9,17],[-4,11],[-3,7],[-8,17],[-6,17],[-34,121],[-12,156],[13,121],[34,121],[69,139],[51,69],[67,72],[138,100],[120,54],[103,27],[86,11],[138,-5],[86,-16],[137,-50],[34,-18],[18,-10],[16,-9],[1,-1],[68,-49],[94,-89],[97,-138],[52,-121],[33,-156],[2,-121],[-22,-139],[-35,-103],[-65,-122],[-52,-69],[-86,-85],[-69,-51],[-138,-71],[-120,-35],[-86,-11]],[[29341,19323],[-172,52],[-86,42],[-120,78],[-69,58],[-69,71],[-68,87],[-72,122],[-51,121],[-33,121],[-36,69],[-79,69],[-176,106],[-206,143],[-172,127],[-107,92],[-130,138],[-62,87],[-175,294],[-47,138],[-16,104],[-2,17],[-2,18],[-2,34],[-3,69],[-1,18],[0,34],[-1,70],[0,34],[0,17],[0,18],[1,104],[9,294],[7,69],[3,17],[3,18],[39,155],[12,35],[6,17],[30,70],[80,138],[124,156],[96,93],[69,57],[120,83],[206,123],[138,71],[120,51],[172,65],[223,73],[103,30],[35,9],[17,4],[17,4],[189,36],[206,13],[155,-12],[103,-19],[120,-33],[172,-71],[17,-9],[18,-9],[17,-10],[69,-44],[113,-90],[84,-86],[90,-122],[79,-155],[35,-104],[26,-139],[6,-121],[-6,-86],[-27,-139],[-28,-86],[-57,-121],[-79,-122],[-109,-121],[-38,-34],[-40,-35],[-15,-12],[-6,-5],[-28,-24],[-18,-15],[-86,-77],[-51,-53],[-118,-143],[-71,-104],[-68,-138],[-59,-173],[-34,-87],[-67,-138],[-64,-106],[-200,-292],[-43,-69],[-29,-69],[5,-87],[37,-69],[94,-139],[65,-138],[32,-104],[22,-121],[7,-139],[-6,-69],[-19,-76],[-68,-18]],[[32605,20912],[-120,-5],[-137,12],[-121,25],[-120,40],[-137,67],[-138,95],[-97,88],[-32,35],[-15,17],[-10,13],[-4,5],[-94,138],[-44,87],[-34,86],[-36,156],[-8,138],[17,139],[25,86],[69,139],[53,69],[73,72],[68,52],[69,40],[35,17],[17,7],[17,8],[172,49],[137,14],[138,-6],[86,-14],[171,-38],[121,-12],[137,10],[35,8],[4,1],[13,3],[17,5],[34,12],[17,7],[18,8],[68,42],[60,61],[34,52],[113,208],[12,17],[12,17],[27,35],[86,88],[120,84],[121,54],[103,27],[86,11],[137,-4],[103,-21],[155,-56],[120,-55],[86,-48],[137,-95],[137,-124],[87,-103],[172,-253],[68,-87],[69,-64],[86,-35],[69,-5],[137,4],[189,-24],[125,-38],[79,-35],[118,-69],[23,-17],[16,-13],[7,-5],[39,-34],[52,-70],[4,-17],[-2,-17],[-49,-69],[-38,-35],[-13,-10],[-9,-7],[-49,-35],[-57,-35],[-5,-2],[-17,-9],[-11,-6],[-36,-17],[-41,-18],[-101,-33],[-155,-28],[-103,-5],[-155,14],[-86,18],[-154,44],[-69,0],[-69,-17],[-189,-87],[-51,-19],[-18,-6],[-17,-5],[-68,-17],[-121,-16],[-86,-2],[-137,10],[-155,30],[-258,38],[-137,1],[-69,-16],[-68,-30],[-125,-98],[-93,-122],[-92,-173],[-52,-69],[-85,-84],[-69,-51],[-137,-70],[-121,-35],[-86,-13]],[[27124,24467],[-103,5],[-137,27],[-86,29],[-121,59],[-137,100],[-77,78],[-100,138],[-58,121],[-29,87],[-26,138],[-5,121],[14,139],[51,173],[70,138],[107,139],[104,94],[138,87],[120,51],[86,24],[138,20],[137,-2],[138,-25],[103,-34],[137,-69],[138,-106],[70,-75],[53,-69],[77,-139],[44,-121],[28,-155],[4,-104],[-6,-87],[-23,-121],[-35,-104],[-70,-138],[-47,-69],[-95,-107],[-138,-107],[-137,-71],[-121,-39],[-120,-21],[-86,-5]],[[49296,11999],[-69,-4],[-120,8],[-17,3],[-17,3],[-52,12],[-103,36],[-69,34],[-103,67],[-77,69],[-87,104],[-43,69],[-52,121],[-23,87],[-11,138],[18,139],[55,138],[45,70],[61,69],[114,85],[69,34],[103,34],[10,2],[7,2],[17,4],[35,5],[17,2],[17,2],[35,2],[68,-1],[121,-18],[154,-52],[86,-47],[86,-62],[82,-79],[56,-69],[53,-87],[51,-121],[14,-52],[4,-17],[3,-17],[3,-18],[7,-69],[-1,-69],[-1,-17],[-2,-18],[-5,-34],[-17,-69],[-62,-139],[-24,-34],[-13,-18],[-10,-13],[-4,-4],[-65,-65],[-69,-51],[-120,-59],[-155,-36]],[[30515,11914],[-68,2],[-121,17],[-120,38],[-154,82],[-18,12],[-8,6],[-9,7],[-54,45],[-15,15],[-3,3],[-17,17],[-14,15],[-2,2],[-15,18],[0,0],[-14,17],[-13,17],[-8,11],[-5,7],[-11,17],[-22,34],[-9,18],[-9,17],[-30,69],[-6,18],[-6,17],[-6,17],[-14,35],[-22,52],[-52,104],[-82,130],[-52,63],[-13,14],[-4,4],[-17,17],[-35,37],[-88,115],[-83,156],[-54,173],[-16,121],[-1,35],[0,17],[0,17],[7,70],[3,17],[4,17],[5,20],[34,66],[35,27],[68,17],[35,0],[17,-2],[17,-2],[138,-37],[85,-39],[52,-29],[17,-10],[16,-11],[1,0],[35,-24],[103,-88],[74,-78],[20,-17],[9,-8],[12,-10],[5,-3],[19,-14],[33,-21],[22,-14],[12,-7],[17,-9],[1,-1],[51,-26],[16,-9],[1,0],[17,-8],[18,-9],[17,-7],[120,-52],[17,-7],[17,-7],[17,-6],[52,-19],[51,-16],[69,-18],[17,-5],[5,-1],[13,-4],[85,-32],[69,-35],[17,-10],[10,-6],[8,-4],[17,-11],[2,-2],[15,-10],[17,-13],[34,-27],[75,-71],[55,-69],[77,-139],[18,-52],[10,-34],[4,-18],[4,-17],[10,-138],[-1,-18],[-2,-17],[-5,-35],[-16,-69],[-66,-138],[-12,-18],[-13,-17],[-29,-35],[-34,-34],[-57,-47],[-7,-5],[-11,-7],[-17,-12],[-68,-37],[-69,-28],[-35,-11],[-17,-5],[-17,-4],[-86,-15],[-17,-1],[-17,-2],[-35,-1]],[[7216,13054],[-121,-3],[-137,9],[-155,25],[-51,13],[-17,4],[-35,10],[-120,44],[-138,67],[-137,87],[-241,190],[-191,181],[-33,35],[-15,17],[-15,17],[-58,69],[-79,104],[-79,139],[-34,86],[-24,87],[-21,155],[1,104],[27,173],[48,156],[37,87],[85,155],[71,104],[126,148],[103,97],[17,14],[1,1],[16,13],[69,49],[120,70],[69,31],[172,57],[120,27],[34,5],[18,3],[17,2],[137,12],[138,-1],[120,-11],[34,-4],[18,-3],[17,-3],[68,-15],[104,-32],[120,-54],[86,-51],[13,-9],[4,-2],[17,-13],[35,-26],[71,-63],[100,-111],[98,-131],[66,-104],[71,-138],[16,-35],[7,-17],[7,-17],[20,-52],[29,-87],[38,-155],[14,-87],[16,-190],[-1,-139],[-13,-138],[-44,-191],[-44,-121],[-79,-156],[-108,-155],[-75,-82],[-69,-61],[-138,-90],[-68,-32],[-18,-8],[-17,-6],[-17,-7],[-52,-16],[-17,-5],[-34,-8],[-120,-18]],[[14845,13898],[-17,-1],[-18,-2],[-17,-1],[-34,-2],[-17,0],[-17,0],[-104,7],[-34,5],[-17,2],[-17,4],[-35,7],[-154,51],[-138,74],[-69,49],[-6,5],[-11,9],[-17,14],[-34,31],[-78,85],[-52,69],[-69,121],[-16,35],[-7,17],[-7,17],[-18,52],[-23,87],[-21,155],[2,139],[17,121],[39,156],[37,104],[15,34],[8,18],[1,2],[7,15],[9,17],[1,3],[7,14],[19,35],[64,104],[116,144],[52,52],[17,16],[15,13],[2,2],[155,114],[86,49],[34,16],[17,8],[3,1],[15,6],[154,52],[103,20],[103,8],[138,-7],[154,-38],[69,-28],[120,-70],[18,-12],[17,-14],[34,-28],[69,-68],[64,-80],[83,-139],[8,-17],[8,-17],[15,-35],[20,-52],[6,-17],[2,-8],[3,-10],[10,-34],[4,-14],[1,-3],[5,-18],[7,-34],[20,-121],[1,-18],[1,-6],[1,-11],[2,-35],[0,-104],[-8,-103],[-22,-122],[-33,-121],[-72,-173],[-47,-86],[-82,-121],[-57,-70],[-78,-77],[-137,-103],[-137,-71],[-104,-36],[-154,-32]],[[23814,14666],[-103,9],[-137,25],[-18,4],[-17,3],[-17,4],[-17,4],[-17,4],[-35,8],[-154,61],[-103,67],[-62,55],[-60,69],[-82,138],[-37,104],[-17,87],[-4,138],[11,87],[28,103],[66,139],[48,69],[62,69],[29,28],[8,7],[10,8],[86,62],[137,67],[103,29],[155,16],[120,-11],[69,-15],[103,-37],[137,-82],[81,-72],[93,-121],[37,-69],[46,-138],[16,-122],[-8,-138],[-36,-138],[-57,-135],[-34,-74],[-8,-16],[-9,-18],[0,0],[-18,-32],[-51,-80],[-69,-75],[-69,-47],[-68,-28],[-138,-16]],[[17405,22776],[-52,17],[-103,89],[-68,91],[-69,127],[-38,99],[-30,121],[-14,121],[4,156],[24,139],[37,114],[34,76],[69,113],[51,59],[69,46],[34,4],[69,-27],[52,-42],[68,-78],[69,-105],[69,-157],[36,-142],[14,-138],[-1,-87],[-15,-121],[-31,-121],[-37,-98],[-69,-123],[-69,-83],[-69,-46],[-34,-4]],[[21185,25532],[-120,5],[-138,27],[-85,29],[-121,61],[-137,103],[-70,72],[-54,70],[-80,138],[-45,121],[-25,104],[-5,35],[-2,17],[-2,17],[-3,139],[15,121],[16,69],[42,121],[16,35],[8,17],[9,18],[41,69],[50,69],[72,80],[103,87],[137,81],[52,22],[17,7],[1,0],[16,6],[86,24],[34,8],[18,3],[34,5],[69,5],[34,1],[17,0],[17,-1],[69,-6],[86,-15],[17,-4],[17,-5],[52,-16],[137,-62],[35,-20],[17,-11],[17,-12],[69,-53],[75,-72],[57,-69],[5,-8],[8,-10],[11,-17],[23,-35],[38,-69],[49,-121],[23,-86],[19,-139],[2,-35],[0,-17],[0,-17],[0,-17],[-1,-18],[-1,-17],[-21,-138],[-24,-87],[-5,-17],[0,0],[-7,-18],[-21,-52],[-77,-138],[-52,-69],[-67,-72],[-17,-16],[-17,-15],[-69,-54],[-69,-44],[-137,-64],[-120,-34],[-138,-16]],[[32987,0],[-137,5],[-155,24],[-172,53],[-137,65],[-145,97],[-80,69],[-107,121],[-53,87],[-40,86],[-30,104],[-14,87],[-2,138],[15,104],[35,121],[37,86],[73,122],[119,138],[106,87],[120,75],[120,56],[86,31],[86,23],[17,4],[18,4],[34,6],[17,3],[17,3],[69,8],[103,5],[138,-7],[86,-12],[137,-32],[137,-52],[138,-81],[69,-53],[34,-31],[20,-20],[14,-15],[2,-2],[84,-104],[12,-17],[11,-17],[21,-35],[64,-138],[41,-156],[11,-104],[-8,-156],[-26,-121],[-46,-121],[-83,-139],[-57,-69],[-77,-73],[-69,-52],[-120,-70],[-86,-40],[-138,-48],[-189,-38],[-120,-9]],[[33881,4254],[-138,0],[-69,12],[-85,27],[-69,34],[-70,53],[-82,104],[-30,69],[-18,69],[-17,121],[-9,121],[0,35],[0,17],[0,18],[3,69],[21,156],[40,155],[5,18],[2,5],[4,12],[13,35],[14,34],[4,9],[3,8],[32,70],[68,122],[21,33],[13,21],[10,14],[7,11],[17,24],[18,24],[7,10],[10,13],[130,160],[76,75],[69,50],[137,63],[138,27],[137,-3],[69,-14],[34,-9],[17,-6],[18,-6],[17,-6],[137,-73],[69,-54],[77,-78],[94,-139],[52,-121],[35,-156],[3,-138],[-8,-69],[-30,-121],[-20,-52],[-7,-18],[-7,-14],[-2,-3],[-8,-17],[-18,-35],[-28,-52],[-73,-121],[-47,-69],[-12,-17],[-13,-18],[-27,-34],[-64,-75],[-86,-86],[-138,-111],[-17,-12],[-15,-11],[-2,-1],[-17,-11],[-17,-11],[-18,-11],[0,0],[-17,-10],[-120,-61],[-17,-7],[-17,-6],[-18,-6],[-51,-15],[-34,-8],[-18,-4],[-17,-3],[-17,-2],[-34,-4]],[[36956,10725],[-17,-2],[-17,-2],[-17,-2],[-69,-3],[-17,0],[-17,1],[-17,0],[-138,11],[-17,1],[-17,1],[-17,1],[-18,2],[-34,3],[-17,1],[-17,2],[-258,32],[-69,13],[-17,4],[-17,4],[-35,9],[-160,51],[-119,52],[-128,69],[-140,87],[-46,34],[-8,8],[-10,10],[-16,17],[-31,52],[-7,69],[9,35],[3,9],[4,8],[8,17],[28,52],[25,87],[9,86],[2,35],[2,52],[1,17],[1,17],[-1,18],[-3,17],[-4,17],[-40,70],[-14,17],[-16,17],[-36,35],[-34,39],[-52,72],[-17,26],[0,1],[-11,18],[-6,10],[-52,94],[-8,17],[-8,17],[-1,1],[-17,36],[-158,344],[-47,138],[-1,5],[-3,13],[-6,34],[-8,69],[-1,18],[-1,17],[0,17],[4,69],[10,70],[41,138],[51,104],[87,121],[63,69],[142,121],[136,84],[138,60],[154,43],[121,16],[137,2],[138,-18],[68,-16],[121,-42],[137,-75],[70,-54],[71,-69],[54,-69],[22,-35],[6,-10],[4,-7],[9,-17],[191,-467],[25,-52],[77,-104],[193,-185],[137,-149],[146,-168],[72,-104],[37,-69],[46,-121],[5,-18],[3,-14],[1,-3],[4,-17],[11,-52],[10,-87],[2,-69],[0,-34],[-1,-18],[-1,-17],[-11,-87],[-24,-103],[-30,-87],[-59,-121],[-44,-69],[-68,-87],[-82,-82],[-137,-101],[-69,-37],[-17,-8],[-17,-8],[-35,-14],[-103,-33],[-17,-4],[-17,-4],[-52,-9]],[[45101,11659],[-17,-1],[-17,0],[-35,0],[-17,1],[-17,2],[-34,4],[-86,19],[-121,49],[-137,93],[-69,61],[-17,15],[-7,6],[-10,9],[-69,63],[-137,142],[-80,97],[-50,69],[-11,18],[-12,17],[-22,35],[-77,138],[-64,139],[-7,17],[-15,35],[-29,69],[-29,86],[-17,87],[-2,138],[11,69],[10,35],[5,17],[6,18],[32,69],[47,69],[80,81],[8,6],[9,7],[35,23],[68,37],[104,35],[68,14],[138,5],[120,-18],[120,-37],[69,-32],[17,-9],[17,-10],[35,-21],[17,-11],[17,-11],[52,-36],[17,-12],[15,-11],[2,-1],[17,-13],[69,-52],[137,-121],[4,-3],[14,-14],[17,-17],[53,-56],[15,-17],[1,0],[14,-17],[30,-35],[55,-69],[39,-52],[26,-35],[7,-10],[5,-7],[13,-17],[0,0],[12,-18],[23,-34],[47,-87],[22,-52],[7,-17],[6,-17],[19,-70],[18,-121],[-2,-138],[-15,-87],[-4,-17],[-5,-17],[-11,-35],[-6,-17],[-7,-18],[-14,-34],[-85,-139],[-91,-92],[-69,-50],[-138,-63],[-137,-26]],[[41871,12193],[-86,-4],[-138,10],[-34,6],[-17,3],[-17,4],[-104,30],[-51,21],[-34,15],[-18,9],[-17,9],[-137,90],[-84,76],[-87,103],[-83,139],[-47,121],[-33,156],[-2,17],[-1,17],[-3,70],[15,155],[22,87],[39,104],[80,138],[55,69],[94,91],[103,73],[138,66],[120,35],[155,20],[103,-2],[120,-17],[120,-35],[138,-64],[69,-43],[126,-106],[113,-139],[75,-138],[21,-52],[6,-17],[5,-18],[6,-17],[17,-69],[3,-18],[3,-17],[9,-69],[2,-104],[-2,-35],[-2,-17],[-2,-17],[-11,-69],[-35,-122],[-66,-138],[-104,-138],[-113,-102],[-137,-84],[-121,-48],[-171,-35]],[[30186,12212],[-120,-7],[-17,0],[-17,1],[-35,4],[-68,12],[-18,4],[-17,5],[-17,5],[-17,6],[-17,6],[-17,7],[-35,15],[-3,1],[-14,7],[-17,9],[-35,20],[-17,11],[-7,5],[-10,7],[-69,56],[-137,132],[-17,19],[-11,11],[-6,8],[-35,39],[-46,57],[-61,86],[-70,122],[-55,121],[-29,86],[-36,156],[-12,138],[0,70],[6,69],[2,17],[3,17],[3,18],[32,121],[6,17],[7,18],[16,34],[53,87],[27,31],[3,3],[14,14],[17,16],[69,48],[120,48],[34,8],[35,6],[17,3],[17,2],[17,1],[35,2],[34,0],[17,0],[17,-1],[138,-17],[17,-3],[34,-9],[35,-9],[86,-29],[17,-6],[17,-7],[17,-8],[17,-7],[17,-8],[18,-9],[17,-8],[86,-50],[68,-46],[1,0],[17,-12],[17,-13],[34,-28],[77,-68],[17,-17],[17,-18],[9,-9],[8,-8],[10,-10],[6,-7],[16,-18],[29,-34],[15,-18],[14,-17],[27,-34],[97,-139],[69,-138],[17,-52],[2,-6],[3,-12],[4,-17],[4,-17],[3,-17],[3,-16],[0,-2],[3,-17],[2,-17],[1,-18],[3,-69],[-11,-121],[-15,-69],[-16,-52],[-14,-35],[-5,-12],[-2,-5],[-8,-17],[-8,-18],[-9,-17],[-9,-17],[-32,-52],[-53,-69],[-85,-85],[-3,-2],[-14,-12],[-17,-13],[-35,-24],[-137,-72],[-155,-42]],[[20976,14012],[-120,-5],[-137,19],[-86,27],[-138,71],[-104,85],[-74,87],[-77,138],[-38,122],[-16,138],[11,138],[38,139],[71,138],[82,104],[17,17],[4,5],[18,17],[34,29],[34,27],[14,9],[4,3],[17,11],[137,69],[103,31],[86,13],[138,0],[86,-13],[85,-25],[121,-56],[68,-47],[69,-60],[57,-64],[67,-104],[31,-70],[35,-121],[11,-69],[-1,-138],[-13,-87],[-31,-104],[-70,-138],[-81,-104],[-74,-69],[-137,-90],[-120,-48],[-121,-25]],[[16371,14587],[-137,2],[-34,4],[-18,2],[-17,3],[-110,27],[-27,9],[-17,6],[-7,2],[-11,4],[-17,8],[-14,5],[-3,2],[-17,8],[-16,8],[-107,69],[-38,52],[38,69],[44,35],[10,6],[16,11],[30,17],[70,35],[4,2],[18,7],[22,8],[29,10],[17,6],[6,1],[29,8],[17,5],[17,4],[86,14],[172,4],[121,-17],[162,-52],[70,-35],[95,-69],[22,-35],[-18,-52],[-86,-69],[-61,-34],[-130,-52],[-106,-26],[-104,-12]],[[37489,17542],[-86,-5],[-17,0],[-17,1],[-17,0],[-18,1],[-68,7],[-155,31],[-103,35],[-17,7],[0,0],[-17,7],[-35,15],[-86,45],[-154,104],[-102,88],[-67,69],[-3,4],[-12,14],[-15,17],[-29,35],[-52,69],[-79,138],[-36,104],[-18,87],[-5,155],[11,87],[3,17],[4,18],[4,17],[16,52],[54,121],[85,121],[86,84],[69,51],[137,71],[120,34],[121,14],[154,-13],[103,-27],[86,-31],[121,-54],[171,-95],[379,-182],[68,-32],[17,-8],[6,-2],[12,-6],[51,-22],[69,-25],[34,-10],[17,-4],[16,-3],[2,0],[17,-2],[103,-1],[17,-1],[17,-2],[35,-4],[51,-9],[17,-4],[18,-5],[34,-10],[34,-13],[17,-7],[18,-8],[108,-72],[61,-69],[37,-69],[20,-70],[1,-138],[-33,-121],[-74,-139],[-53,-69],[-68,-69],[-17,-15],[-2,-2],[-32,-26],[-69,-48],[-51,-31],[-35,-17],[-17,-8],[-17,-8],[-2,-1],[-15,-6],[-17,-7],[-17,-7],[-52,-17],[-137,-28],[-35,-3],[-12,-1],[-5,0],[-34,-2],[-103,3],[-86,-7],[-121,-20],[-240,-58],[-69,-10]],[[39413,26763],[-103,-3],[-68,6],[-121,24],[-103,36],[-154,82],[-98,73],[-73,69],[-109,139],[-65,121],[-46,138],[-10,139],[22,69],[69,65],[69,24],[69,11],[137,-2],[138,-27],[172,-68],[120,-73],[103,-86],[120,-138],[54,-87],[61,-138],[29,-139],[-1,-69],[-22,-69],[-27,-35],[-59,-37],[-104,-25]],[[29045,12265],[-155,-16],[-17,0],[-17,0],[-17,1],[-17,0],[-69,5],[-69,10],[-120,36],[-69,33],[-34,20],[-17,12],[-6,3],[-12,8],[-34,26],[-1,1],[-16,14],[-17,15],[-71,75],[-51,69],[-48,86],[-53,156],[-19,139],[3,138],[26,139],[43,121],[34,69],[10,17],[11,18],[11,17],[52,69],[35,39],[51,48],[17,15],[17,13],[35,24],[137,71],[17,6],[18,6],[34,10],[69,13],[17,2],[34,3],[69,0],[120,-18],[138,-54],[34,-19],[5,-3],[12,-8],[17,-11],[35,-26],[17,-14],[12,-10],[5,-5],[35,-34],[28,-31],[14,-17],[9,-12],[4,-5],[66,-104],[69,-173],[33,-121],[21,-139],[2,-138],[-1,-17],[-1,-18],[-5,-34],[-13,-70],[-48,-138],[-9,-17],[-9,-18],[-21,-34],[-71,-88],[-120,-89],[-69,-32],[-51,-17],[-17,-5],[-18,-4],[-34,-8]],[[40145,17646],[-17,-2],[-17,-2],[-35,-2],[-120,5],[-69,12],[-103,32],[-120,55],[-120,82],[-67,64],[-57,69],[-43,69],[-5,10],[-4,8],[-9,17],[-15,34],[-20,52],[-29,104],[-13,69],[-2,18],[-5,34],[-5,70],[0,34],[1,35],[1,17],[1,17],[23,139],[14,52],[5,17],[11,35],[6,17],[5,14],[2,3],[6,18],[87,190],[37,69],[9,17],[10,18],[10,17],[10,17],[1,2],[10,16],[32,52],[10,15],[1,2],[11,17],[22,33],[103,141],[15,17],[2,3],[18,19],[34,35],[17,16],[15,13],[2,3],[35,29],[69,50],[51,31],[17,10],[17,8],[35,17],[34,14],[52,19],[154,35],[138,5],[137,-18],[35,-9],[13,-4],[4,-1],[17,-5],[52,-18],[17,-7],[6,-3],[11,-5],[17,-8],[86,-46],[120,-89],[86,-85],[89,-113],[11,-18],[11,-17],[21,-34],[28,-52],[40,-87],[13,-35],[6,-17],[7,-17],[5,-17],[32,-122],[11,-69],[5,-86],[0,-35],[0,-17],[-1,-18],[-15,-121],[-25,-104],[-53,-138],[-79,-138],[-51,-70],[-72,-79],[-103,-92],[-52,-39],[-17,-12],[-17,-12],[-52,-33],[-15,-10],[-2,-1],[-17,-10],[-51,-28],[-138,-70],[-17,-8],[-9,-4],[-8,-4],[-17,-7],[-35,-15],[-86,-32],[-86,-25],[-120,-22]],[[7621,7257],[-137,-5],[-224,8],[-137,17],[-120,22],[-207,49],[-103,36],[-120,65],[-69,51],[-75,71],[-56,69],[-43,70],[-18,34],[-8,18],[-6,13],[-2,4],[-40,138],[-8,139],[25,138],[64,139],[51,69],[82,79],[86,58],[68,34],[104,35],[137,21],[275,8],[137,-4],[69,-6],[0,0],[17,-2],[18,-2],[51,-7],[34,-5],[155,-33],[135,-38],[54,-17],[52,-17],[1,0],[16,-5],[17,-6],[17,-6],[3,-1],[14,-4],[69,-27],[6,-3],[11,-5],[17,-9],[35,-19],[69,-46],[85,-77],[55,-69],[71,-139],[20,-69],[3,-17],[3,-17],[4,-35],[-3,-121],[-38,-139],[-78,-138],[-59,-69],[-98,-83],[-34,-23],[-17,-11],[-35,-19],[-34,-17],[-17,-7],[-17,-7],[-18,-7],[-154,-41],[-155,-13]],[[4790,17609],[-142,18],[-17,5],[-17,4],[-34,11],[-69,27],[-34,17],[-18,9],[-17,10],[-68,46],[-35,27],[-17,15],[-19,18],[-100,121],[-40,70],[-16,34],[-8,17],[-6,16],[-1,2],[-34,121],[-3,17],[-3,18],[-2,17],[-3,34],[-2,35],[0,17],[0,18],[6,69],[5,35],[3,13],[0,4],[36,121],[74,138],[85,104],[80,69],[120,74],[120,45],[86,19],[137,8],[86,-8],[86,-18],[121,-45],[137,-85],[66,-59],[86,-104],[3,-3],[9,-14],[10,-17],[20,-35],[56,-138],[25,-139],[-1,-121],[-26,-138],[-57,-139],[-97,-138],[-16,-17],[-9,-10],[-8,-8],[-27,-25],[-11,-9],[-6,-5],[-17,-14],[-103,-67],[-69,-33],[-120,-38],[-52,-9],[-17,-2],[-17,-2],[-34,-3],[-65,0]],[[834,25564],[-138,5],[-85,17],[-104,34],[-137,71],[-69,49],[-78,71],[-110,139],[-69,138],[-34,121],[-10,139],[24,138],[29,70],[43,69],[85,83],[69,43],[68,29],[121,27],[68,5],[138,-12],[86,-21],[120,-47],[120,-72],[104,-87],[76,-87],[77,-121],[38,-86],[32,-121],[9,-139],[-26,-138],[-30,-70],[-5,-8],[-5,-9],[-11,-17],[-25,-35],[-62,-62],[-51,-37],[-35,-20],[-17,-8],[-17,-8],[-69,-23],[-120,-20]],[[21436,26099],[-137,6],[-138,39],[-69,36],[-80,64],[-45,52],[-42,69],[-43,139],[-5,138],[21,121],[52,139],[19,34],[10,18],[10,17],[49,69],[28,35],[16,17],[10,11],[6,6],[18,18],[131,104],[86,48],[17,8],[17,8],[17,7],[104,33],[85,17],[138,4],[69,-9],[103,-29],[103,-55],[59,-50],[58,-69],[38,-69],[24,-69],[14,-70],[5,-69],[-14,-138],[-31,-104],[-68,-139],[-23,-34],[-12,-18],[-13,-17],[-78,-86],[-79,-69],[-138,-84],[-51,-23],[-18,-7],[-17,-7],[-51,-16],[-18,-4],[-17,-4],[-17,-4],[-51,-9],[-52,-5]],[[2930,26067],[-51,41],[-18,16],[-16,16],[-1,1],[-34,37],[-69,88],[-69,116],[-34,76],[-17,47],[-11,33],[-5,18],[-5,17],[-15,69],[-16,139],[0,34],[0,35],[0,10],[1,7],[16,139],[12,51],[4,18],[2,6],[17,55],[69,155],[68,101],[35,18],[68,-45],[69,-67],[69,-85],[17,-25],[6,-9],[11,-17],[1,-1],[10,-17],[6,-11],[18,-31],[5,-10],[9,-17],[3,-7],[17,-37],[50,-147],[24,-138],[5,-104],[-10,-138],[-35,-153],[-34,-93],[-7,-14],[-7,-17],[-3,-6],[-17,-34],[-69,-106],[-34,-26],[-35,12]],[[33137,887],[-68,1],[-69,14],[-69,28],[-68,46],[-81,88],[-42,70],[-47,121],[-19,86],[-8,69],[-1,18],[0,17],[-1,35],[11,121],[18,86],[16,52],[12,35],[4,10],[3,7],[70,139],[82,109],[68,68],[69,54],[69,42],[137,50],[86,10],[121,-16],[68,-29],[69,-47],[69,-73],[67,-116],[36,-104],[11,-52],[3,-18],[2,-17],[7,-69],[-5,-139],[-8,-51],[-3,-18],[-4,-17],[-4,-17],[-54,-156],[-45,-87],[-89,-123],[-69,-70],[-69,-54],[-137,-72],[-138,-31]],[[34392,4206],[-17,-2],[-35,-2],[-69,0],[-171,21],[-121,33],[-17,6],[-11,4],[-6,2],[-17,7],[-35,14],[-137,73],[-137,100],[-69,63],[-106,122],[-60,86],[-67,121],[-16,35],[-8,17],[-7,17],[-42,122],[-9,34],[-4,18],[-4,17],[-13,69],[-11,87],[-4,138],[15,156],[38,156],[31,86],[70,139],[111,152],[34,37],[17,17],[2,1],[16,15],[34,30],[69,53],[51,33],[13,8],[4,2],[18,10],[137,60],[138,36],[34,5],[17,2],[17,2],[69,4],[120,-4],[155,-26],[103,-32],[120,-51],[86,-48],[155,-113],[86,-83],[65,-76],[84,-121],[29,-52],[10,-17],[8,-18],[32,-69],[54,-156],[12,-51],[4,-18],[3,-17],[6,-35],[11,-86],[3,-139],[-21,-190],[-32,-121],[-5,-17],[-6,-18],[-7,-17],[-21,-52],[-33,-69],[-64,-104],[-98,-119],[-137,-117],[-121,-72],[-171,-67],[-172,-31]],[[34581,9119],[-86,-6],[-138,11],[-86,21],[-120,49],[-34,19],[-4,2],[-13,8],[-18,11],[-68,52],[-17,15],[-18,16],[-20,19],[-16,18],[-15,17],[-53,69],[-65,121],[-36,104],[-17,87],[-6,69],[0,35],[0,17],[1,17],[10,87],[27,104],[54,121],[44,69],[73,86],[105,87],[121,66],[103,35],[154,32],[121,31],[137,71],[172,121],[69,67],[17,19],[7,8],[10,12],[4,5],[50,69],[19,35],[8,17],[5,11],[3,7],[43,104],[67,138],[66,121],[83,139],[133,201],[17,26],[10,15],[7,10],[35,50],[51,72],[69,88],[120,142],[2,1],[16,17],[0,1],[17,15],[34,27],[69,32],[120,5],[69,-17],[120,-56],[155,-104],[69,-54],[34,-27],[14,-12],[3,-2],[19,-15],[21,-17],[44,-35],[19,-15],[3,-2],[32,-24],[17,-13],[17,-15],[85,-87],[50,-69],[21,-35],[9,-17],[7,-13],[2,-4],[29,-69],[30,-104],[16,-139],[-6,-138],[-15,-104],[-6,-35],[-9,-52],[-3,-17],[-2,-17],[-2,-9],[-1,-8],[-3,-18],[-6,-34],[-16,-87],[-11,-52],[-3,-17],[-4,-17],[-4,-18],[-3,-13],[-2,-4],[-4,-17],[-9,-35],[-5,-17],[-4,-18],[-5,-17],[-5,-17],[-1,-1],[-5,-16],[-5,-18],[-33,-104],[-84,-207],[-85,-173],[-108,-173],[-92,-108],[-69,-62],[-34,-27],[-18,-12],[-17,-11],[-17,-11],[-34,-20],[-69,-34],[-120,-39],[-69,-14],[-58,-9],[-11,-1],[-17,-3],[-17,-3],[-34,-5],[-52,-7],[-137,-18],[-121,-25],[-240,-67],[-172,-58],[-86,-39],[-155,-89],[-68,-31],[-103,-32],[-69,-12]],[[44994,11911],[-138,4],[-155,36],[-34,13],[-17,7],[-17,8],[-69,37],[-69,47],[-17,14],[-13,11],[-4,4],[-35,32],[-31,33],[-3,3],[-12,15],[-14,17],[-26,34],[-52,87],[-32,69],[-28,87],[-4,17],[-4,17],[-6,35],[-7,69],[-1,17],[-1,18],[1,34],[14,122],[18,69],[6,17],[6,17],[6,18],[74,138],[55,69],[76,74],[17,13],[17,13],[35,24],[137,68],[103,28],[69,11],[34,2],[17,1],[18,0],[17,0],[17,-1],[34,-2],[18,-2],[17,-2],[17,-3],[34,-6],[103,-31],[69,-30],[17,-9],[17,-9],[35,-21],[69,-49],[73,-69],[81,-103],[40,-70],[31,-69],[12,-35],[6,-17],[5,-17],[9,-35],[0,-2],[3,-15],[4,-17],[9,-70],[1,-34],[1,-18],[0,-17],[-1,-17],[-1,-17],[-3,-35],[-15,-87],[-4,-17],[-5,-17],[-5,-17],[-19,-52],[-75,-139],[-55,-69],[-75,-72],[-69,-50],[-137,-67],[-121,-31],[-68,-9]],[[30990,11547],[-69,-1],[-138,11],[-189,42],[-15,4],[-2,1],[-17,6],[-17,6],[-17,6],[-18,7],[-34,14],[-120,62],[-35,23],[-17,12],[-2,2],[-15,12],[-79,74],[-56,70],[-60,86],[-45,67],[-2,2],[-13,18],[-3,4],[-34,40],[-7,8],[-10,10],[-8,7],[-9,9],[-18,14],[-14,12],[-3,1],[-17,12],[-6,4],[-11,7],[-17,8],[-17,8],[-35,12],[-51,11],[-18,2],[-17,2],[-34,2],[-52,0],[-34,-3],[-17,-2],[-17,-3],[-52,-11],[-34,-10],[-14,-6],[-3,-1],[-207,-103],[-17,-7],[-17,-7],[-34,-11],[-69,-17],[-17,-3],[-18,-3],[-34,-4],[-51,-2],[-35,0],[-17,1],[-17,2],[-35,4],[-17,2],[-17,4],[-86,23],[-120,55],[-69,46],[-69,60],[-58,65],[-25,35],[-11,17],[-9,13],[-2,4],[-10,18],[-5,7],[-5,10],[-17,34],[-28,70],[-36,155],[-5,122],[13,121],[19,104],[4,17],[4,17],[5,17],[5,18],[15,52],[67,173],[57,121],[67,121],[80,121],[38,52],[26,34],[18,22],[11,13],[6,7],[8,11],[9,10],[17,19],[35,39],[85,88],[69,58],[138,92],[137,64],[103,33],[17,5],[18,4],[14,3],[3,1],[17,3],[17,3],[17,3],[35,5],[68,6],[138,-4],[86,-16],[17,-5],[17,-5],[35,-11],[34,-13],[17,-8],[17,-8],[69,-37],[1,-1],[16,-10],[17,-11],[35,-26],[96,-91],[96,-138],[33,-70],[7,-17],[6,-17],[11,-35],[56,-208],[62,-121],[51,-69],[63,-69],[17,-17],[1,0],[16,-14],[69,-42],[69,-25],[17,-4],[17,-4],[17,-3],[17,-2],[18,-2],[34,-3],[69,-6],[68,-5],[69,-3],[17,-1],[17,-1],[52,-5],[11,-2],[6,0],[17,-3],[121,-26],[137,-48],[86,-43],[84,-53],[68,-52],[3,-2],[16,-15],[19,-17],[64,-69],[83,-122],[51,-121],[21,-86],[7,-139],[-11,-86],[-3,-18],[-5,-17],[-2,-8],[-2,-9],[-23,-69],[-32,-70],[-52,-86],[-25,-35],[-3,-4],[-10,-13],[-15,-17],[-104,-104],[-146,-104],[-69,-36],[-34,-16],[-17,-7],[-18,-7],[-137,-45],[-138,-25],[-85,-7]],[[38241,17135],[-52,125],[-28,124],[-13,155],[1,35],[2,35],[1,17],[2,17],[4,35],[3,17],[3,17],[7,35],[33,138],[4,18],[5,17],[5,17],[15,52],[53,156],[105,260],[43,121],[35,69],[83,104],[15,14],[4,3],[13,12],[7,5],[11,9],[34,25],[69,40],[120,46],[86,18],[51,6],[18,2],[17,0],[137,-7],[3,0],[14,-2],[35,-7],[34,-8],[103,-33],[5,-2],[12,-5],[30,-12],[5,-2],[17,-7],[21,-9],[13,-5],[17,-7],[14,-5],[55,-22],[35,-13],[17,-7],[17,-7],[51,-21],[35,-15],[3,-2],[14,-6],[17,-7],[52,-23],[120,-56],[17,-7],[11,-4],[6,-3],[18,-6],[34,-11],[17,-5],[17,-5],[207,-27],[137,-32],[69,-28],[97,-74],[41,-69],[18,-69],[3,-35],[1,-17],[0,-17],[-12,-139],[-6,-34],[-3,-18],[-4,-17],[-3,-17],[-3,-18],[-14,-69],[-3,-17],[-3,-17],[-6,-35],[-3,-17],[-2,-18],[-3,-17],[-6,-35],[-52,-138],[-10,-17],[-10,-17],[-1,-1],[-24,-34],[-28,-35],[-34,-35],[-16,-14],[-17,-14],[-52,-36],[-120,-59],[-86,-24],[-138,-15],[-120,8],[-137,33],[-138,51],[-137,25],[-138,8],[-137,-1],[-138,-13],[-68,-15],[-189,-60],[-174,-47],[-50,-19],[-86,-59],[-120,-64],[-34,15]],[[29134,12059],[-17,0],[-17,-1],[-69,-1],[-34,0],[-17,0],[-18,1],[-34,1],[-17,0],[-9,1],[-8,0],[-69,4],[-189,14],[-34,3],[-18,1],[-17,1],[-51,3],[-17,1],[-18,1],[-86,14],[-51,13],[-17,5],[-17,6],[-18,6],[-137,69],[-69,50],[-73,68],[-31,35],[-50,69],[-70,138],[-33,122],[-6,34],[-2,18],[-2,17],[-2,34],[0,18],[0,17],[4,69],[2,18],[3,17],[3,17],[33,121],[71,139],[84,104],[70,69],[16,15],[2,2],[18,17],[74,70],[19,17],[8,7],[12,10],[39,33],[69,54],[51,37],[18,11],[34,23],[137,76],[35,16],[17,7],[17,7],[52,21],[51,17],[17,6],[35,9],[189,36],[137,6],[69,-4],[34,-3],[18,-3],[17,-2],[17,-4],[69,-20],[68,-45],[18,-17],[1,-1],[15,-17],[23,-35],[33,-69],[25,-87],[12,-34],[8,-18],[3,-7],[4,-10],[94,-190],[55,-121],[70,-208],[35,-173],[36,-260],[4,-17],[4,-17],[13,-35],[24,-52],[5,-11],[2,-6],[6,-18],[5,-17],[9,-69],[-19,-69],[-3,-5],[-9,-13],[-9,-9],[-8,-8],[-21,-17],[-5,-4],[-17,-11],[-4,-3],[-134,-51],[-137,-22],[-155,-7],[-120,-12],[-17,-2],[-17,-2],[-35,-2],[-86,-6]],[[14563,13857],[-34,-2],[-17,0],[-17,1],[-35,2],[-17,1],[-1,0],[-16,2],[-17,3],[-35,6],[-86,25],[-137,69],[-69,52],[-66,68],[-50,70],[-4,7],[-6,10],[-10,17],[-17,35],[-21,52],[-6,17],[-5,17],[-10,35],[-12,69],[-4,35],[-1,17],[0,17],[2,70],[12,86],[29,104],[14,35],[7,17],[8,17],[18,35],[2,4],[8,13],[10,17],[23,35],[12,17],[13,18],[61,69],[79,70],[52,36],[17,11],[34,19],[4,2],[13,7],[18,9],[34,15],[52,19],[34,11],[17,5],[17,4],[0,0],[155,18],[120,-9],[103,-25],[121,-55],[68,-46],[80,-74],[76,-104],[35,-69],[42,-138],[11,-139],[-14,-121],[-23,-86],[-19,-52],[-15,-35],[-1,-1],[-8,-16],[-9,-18],[-20,-34],[-11,-17],[-3,-6],[-8,-12],[-54,-69],[-93,-91],[-120,-81],[-69,-33],[-17,-7],[-17,-7],[-18,-6],[0,0],[-17,-5],[-34,-10],[-35,-8],[-17,-4],[-17,-3],[-34,-4],[-35,-3]],[[25388,16349],[-85,-7],[-138,11],[-120,32],[-86,37],[-120,76],[-70,61],[-16,17],[-1,0],[-30,35],[-52,69],[-20,32],[-24,37],[-10,18],[-36,52],[-51,69],[-34,44],[-6,8],[-11,15],[-15,19],[-2,4],[-18,22],[-6,9],[-11,14],[-34,47],[-79,112],[-70,104],[-11,17],[-12,18],[0,0],[-34,52],[-23,34],[-51,87],[-18,34],[-9,18],[-2,6],[-6,11],[-23,52],[-14,34],[-7,18],[-2,6],[-4,11],[-6,17],[-6,18],[-6,17],[-16,52],[-34,138],[-14,87],[-2,121],[21,138],[36,104],[129,242],[23,52],[7,18],[6,17],[11,35],[14,52],[12,69],[6,69],[2,35],[0,17],[0,17],[-6,139],[-9,69],[-6,34],[-3,16],[-1,2],[-4,17],[-4,17],[-5,18],[-40,138],[-18,121],[-2,70],[0,17],[1,17],[25,156],[10,34],[3,12],[2,6],[6,17],[21,52],[78,138],[54,70],[11,12],[5,5],[16,17],[82,74],[138,90],[120,52],[103,30],[189,26],[34,2],[18,0],[17,1],[69,-1],[206,-23],[154,-39],[35,-11],[17,-6],[17,-7],[17,-7],[86,-37],[35,-17],[17,-9],[17,-10],[17,-9],[101,-64],[91,-69],[58,-52],[17,-18],[8,-8],[9,-9],[58,-69],[77,-121],[53,-121],[28,-104],[17,-139],[-3,-86],[-20,-121],[-40,-121],[-78,-139],[-25,-34],[-7,-9],[-7,-9],[-15,-17],[-50,-52],[-83,-70],[-137,-86],[-35,-24],[-13,-10],[-4,-3],[-17,-14],[-75,-70],[-17,-17],[-11,-12],[-5,-6],[-12,-13],[-4,-4],[-15,-17],[-55,-69],[-45,-70],[-26,-69],[-6,-86],[50,-139],[157,-294],[18,-35],[8,-17],[8,-17],[25,-52],[91,-196],[103,-185],[31,-69],[31,-104],[12,-69],[3,-139],[-9,-69],[-33,-121],[-71,-138],[-53,-70],[-66,-65],[-137,-93],[-120,-47],[-104,-22]],[[34461,5132],[-69,-2],[-68,13],[-69,29],[-69,53],[-70,105],[-26,122],[6,69],[21,69],[38,69],[83,82],[34,21],[17,8],[18,8],[68,19],[121,-2],[51,-15],[69,-37],[83,-84],[36,-69],[18,-69],[2,-18],[1,-17],[0,-17],[-4,-52],[-19,-69],[-37,-70],[-80,-83],[-69,-39],[-86,-24]],[[5921,10652],[-138,-7],[-172,25],[-103,34],[-154,83],[-138,110],[-69,70],[-87,109],[-93,156],[-53,121],[-28,86],[-41,208],[-34,311],[-25,122],[-51,138],[-17,36],[-8,16],[-9,17],[0,1],[-65,120],[-33,70],[-48,121],[-51,190],[-26,191],[-2,207],[18,139],[55,173],[61,121],[46,69],[79,92],[69,59],[69,45],[137,54],[137,21],[138,-5],[137,-39],[103,-56],[69,-55],[69,-69],[25,-30],[9,-11],[5,-6],[13,-17],[25,-35],[44,-69],[101,-208],[124,-207],[65,-87],[94,-104],[79,-69],[69,-49],[154,-82],[35,-21],[6,-4],[11,-7],[103,-81],[65,-68],[99,-138],[69,-138],[31,-87],[31,-138],[11,-139],[-7,-138],[-36,-191],[-5,-17],[-5,-17],[-5,-18],[-17,-51],[-50,-122],[-87,-155],[-35,-52],[-7,-10],[-6,-8],[-26,-34],[-71,-83],[-104,-103],[-103,-87],[-120,-83],[-12,-8],[-5,-2],[-17,-10],[-35,-18],[-68,-31],[-52,-19],[-34,-10],[-17,-5],[-18,-4],[-34,-7],[-17,-3],[-17,-3]],[[28945,11988],[-120,-9],[-17,0],[-17,0],[-35,0],[-103,7],[-137,27],[-17,5],[-17,5],[-52,17],[-103,45],[-138,81],[-68,52],[-77,69],[-34,35],[-30,35],[-29,34],[-49,69],[-31,52],[-8,14],[-2,4],[-9,17],[-17,34],[-30,70],[-36,121],[-16,86],[-5,70],[-1,34],[0,18],[1,17],[2,34],[2,18],[2,17],[2,17],[3,18],[4,17],[7,35],[35,103],[77,139],[52,69],[79,87],[73,69],[39,34],[20,18],[10,9],[10,8],[7,6],[13,11],[4,4],[35,28],[34,27],[155,107],[154,88],[138,66],[86,38],[13,6],[4,2],[17,7],[19,8],[39,17],[166,77],[68,28],[121,33],[86,9],[17,0],[17,0],[17,-1],[17,-1],[52,-7],[17,-4],[17,-3],[35,-9],[51,-18],[69,-31],[86,-54],[86,-75],[42,-47],[9,-12],[4,-6],[13,-17],[33,-52],[35,-69],[47,-156],[3,-17],[2,-18],[5,-34],[5,-69],[2,-35],[1,-35],[1,-17],[1,-17],[1,-18],[1,-17],[1,-34],[2,-208],[-4,-87],[-1,-17],[-2,-17],[-3,-35],[-4,-34],[-3,-18],[-2,-17],[-3,-17],[-28,-139],[-32,-104],[-64,-138],[-9,-17],[-11,-18],[-22,-34],[-50,-70],[-5,-5],[-10,-12],[-16,-17],[-34,-35],[-8,-8],[-10,-9],[-20,-17],[-74,-57],[-17,-12],[-1,-1],[-33,-21],[-17,-11],[-4,-2],[-13,-8],[-17,-10],[-52,-28],[-69,-35],[-34,-16],[-17,-8],[-18,-7],[-34,-15],[-17,-7],[-17,-7],[-18,-7],[-17,-6],[-17,-6],[-137,-36],[-18,-4],[-17,-3],[-17,-3],[-52,-7]],[[14615,14443],[-103,-6],[-17,0],[-17,1],[-35,2],[-68,9],[-35,7],[-17,4],[-17,4],[-17,5],[-52,17],[-69,31],[-78,55],[-8,6],[-11,11],[-31,35],[-43,69],[-23,69],[-7,69],[0,18],[2,17],[12,52],[32,69],[11,17],[7,9],[6,9],[32,34],[65,49],[69,34],[34,12],[17,4],[17,4],[4,1],[14,3],[17,2],[69,7],[34,1],[17,0],[17,0],[69,-4],[69,-11],[120,-34],[135,-68],[84,-69],[55,-69],[32,-69],[11,-52],[-3,-70],[-25,-69],[-51,-69],[-83,-66],[-121,-54],[-120,-26]],[[7020,13937],[-120,7],[-69,27],[-68,44],[-69,67],[-86,131],[-53,99],[-8,17],[-8,16],[-17,35],[-9,19],[-16,34],[-35,69],[-29,52],[-42,70],[-11,17],[-12,17],[-1,2],[-10,15],[-114,174],[-91,155],[-34,69],[-31,70],[-8,17],[-7,17],[-6,18],[-22,69],[-28,138],[-3,18],[-2,17],[-3,35],[-1,17],[-1,17],[-2,35],[-1,34],[0,18],[0,17],[3,69],[18,121],[54,139],[51,69],[49,45],[86,52],[69,28],[137,39],[86,17],[138,14],[137,-8],[138,-35],[137,-64],[69,-46],[34,-27],[17,-15],[1,0],[126,-138],[88,-139],[52,-121],[24,-87],[2,-6],[2,-11],[4,-17],[6,-35],[16,-121],[11,-138],[0,-18],[0,-17],[0,-35],[-6,-103],[-33,-190],[-1,-1],[-4,-17],[-8,-35],[-22,-86],[-45,-173],[-28,-121],[-29,-104],[-55,-121],[-32,-50],[-86,-96],[-68,-49],[-121,-42]],[[23378,15308],[-68,6],[-65,36],[-38,70],[1,52],[39,69],[63,49],[51,23],[69,9],[72,-29],[32,-52],[7,-69],[-9,-52],[-49,-70],[-36,-22],[-69,-20]],[[25475,16093],[-138,14],[-103,32],[-69,31],[-154,104],[-106,97],[-60,70],[-84,121],[-8,14],[-2,3],[-19,35],[-36,69],[-16,35],[-15,34],[-8,17],[-8,18],[-33,69],[-96,156],[-57,69],[-31,35],[-17,17],[-6,6],[-11,11],[-17,17],[-6,6],[-12,12],[-18,17],[-108,100],[-3,4],[-14,13],[-17,16],[-42,40],[-36,35],[-85,86],[-93,104],[-60,87],[-38,69],[-48,121],[-23,87],[-21,138],[-1,17],[-1,18],[-1,34],[5,87],[10,69],[33,121],[29,69],[56,104],[97,139],[106,121],[62,62],[17,16],[8,8],[9,9],[17,16],[10,10],[7,7],[17,16],[52,48],[69,62],[180,161],[65,69],[61,87],[10,17],[9,17],[8,18],[15,34],[12,35],[1,3],[4,14],[4,18],[24,103],[31,70],[57,72],[103,64],[69,16],[68,0],[35,-5],[17,-4],[16,-5],[1,0],[69,-30],[69,-47],[10,-9],[7,-6],[17,-17],[28,-29],[139,-139],[73,-69],[18,-17],[17,-16],[2,-2],[15,-14],[34,-33],[86,-82],[63,-61],[6,-6],[12,-11],[18,-18],[56,-54],[86,-88],[64,-83],[42,-69],[9,-17],[17,-35],[15,-34],[42,-139],[20,-121],[3,-173],[-22,-346],[-1,-139],[10,-103],[13,-87],[2,-17],[3,-18],[5,-34],[19,-121],[53,-277],[52,-225],[10,-87],[1,-17],[1,-17],[0,-35],[-10,-121],[-46,-173],[-56,-121],[-44,-69],[-70,-87],[-98,-96],[-120,-90],[-86,-48],[-120,-48],[-103,-24],[-103,-7]],[[28671,21016],[-121,7],[-103,31],[-69,33],[-120,81],[-69,62],[-34,36],[-17,20],[-1,0],[-14,18],[-13,17],[-25,34],[-12,18],[-11,17],[-10,17],[-1,0],[-10,18],[-6,12],[-3,5],[-18,35],[-31,69],[-56,173],[-20,138],[2,139],[10,69],[38,138],[53,122],[84,138],[100,121],[86,87],[167,133],[69,45],[34,20],[17,9],[0,1],[18,10],[86,45],[17,8],[12,6],[5,2],[34,16],[86,35],[120,39],[138,28],[137,13],[69,-1],[120,-13],[18,-3],[17,-4],[34,-8],[69,-22],[137,-72],[77,-62],[80,-104],[33,-69],[22,-70],[10,-138],[-18,-104],[-30,-86],[-128,-243],[-127,-207],[-5,-7],[-7,-11],[-13,-17],[-13,-17],[-27,-35],[-58,-69],[-2,-3],[-13,-14],[-15,-18],[-32,-34],[-33,-35],[-27,-28],[-25,-24],[-9,-10],[-8,-7],[-17,-17],[-102,-104],[-128,-139],[-89,-106],[-103,-91],[-69,-38],[-137,-35]],[[21471,26345],[-137,3],[-86,28],[-103,73],[-50,64],[-38,86],[-15,87],[-2,69],[19,121],[18,52],[16,34],[10,18],[7,11],[4,6],[62,69],[3,3],[17,14],[17,12],[35,22],[68,32],[86,29],[121,14],[51,-4],[34,-7],[35,-11],[0,0],[17,-6],[17,-8],[35,-19],[66,-53],[70,-104],[1,-2],[6,-16],[12,-34],[8,-35],[2,-138],[-28,-104],[-34,-69],[-82,-104],[-4,-4],[-15,-13],[-2,-3],[-18,-14],[0,-1],[-17,-12],[-34,-23],[-69,-34],[-103,-29]],[[33867,3968],[-120,-1],[-69,10],[-120,36],[-138,76],[-85,74],[-88,109],[-48,87],[-33,86],[-31,156],[0,138],[24,139],[62,190],[8,17],[2,7],[5,11],[8,17],[34,69],[30,52],[43,69],[1,1],[10,17],[7,11],[4,6],[21,35],[9,16],[1,1],[10,17],[20,35],[19,34],[69,156],[13,35],[6,16],[0,1],[16,52],[14,52],[3,17],[1,4],[3,13],[7,35],[12,52],[5,17],[4,18],[10,34],[11,39],[17,57],[2,8],[6,17],[5,18],[4,13],[1,4],[11,35],[17,69],[3,17],[2,15],[1,2],[2,18],[6,34],[32,104],[28,43],[52,34],[103,21],[68,2],[138,-12],[120,-24],[35,-9],[17,-5],[17,-5],[51,-17],[172,-69],[35,-17],[17,-8],[17,-8],[69,-36],[292,-153],[120,-97],[60,-72],[76,-139],[41,-156],[7,-138],[-7,-69],[-3,-18],[-2,-13],[-1,-4],[-16,-69],[-6,-17],[-5,-18],[-7,-17],[-63,-139],[-47,-86],[-67,-104],[-231,-311],[-90,-118],[-84,-107],[-14,-18],[-5,-6],[-9,-11],[-26,-35],[-85,-96],[-34,-34],[-18,-16],[-9,-9],[-8,-7],[-34,-29],[-17,-14],[-18,-14],[-68,-49],[-86,-53],[-138,-68],[-68,-25],[-138,-28]],[[34434,9246],[-86,-7],[-137,11],[-138,38],[-34,15],[-11,5],[-6,3],[-17,8],[-35,19],[-17,11],[-17,11],[-17,11],[-8,6],[-9,7],[-35,27],[-51,48],[-36,39],[-52,70],[-31,51],[-10,18],[-8,17],[-16,35],[-35,103],[-4,18],[-4,17],[-6,35],[-8,69],[4,138],[42,173],[50,122],[67,121],[103,138],[133,129],[206,148],[71,69],[41,52],[36,69],[15,52],[1,70],[-19,69],[-15,34],[-8,18],[-9,17],[-19,35],[-180,294],[-33,69],[-35,104],[-17,86],[-5,139],[22,138],[34,104],[77,139],[77,93],[138,126],[103,132],[144,220],[263,380],[52,70],[125,126],[103,76],[86,49],[120,51],[103,31],[172,34],[138,11],[137,-3],[155,-21],[86,-20],[172,-62],[103,-54],[257,-153],[121,-66],[275,-121],[85,-54],[86,-70],[138,-142],[123,-166],[79,-139],[61,-138],[73,-190],[47,-156],[21,-121],[8,-139],[-8,-138],[-38,-191],[-22,-69],[-6,-17],[-6,-17],[-7,-18],[-65,-138],[-71,-117],[-69,-92],[-86,-91],[-17,-15],[-17,-14],[0,0],[-35,-26],[-34,-23],[-17,-10],[-17,-10],[-69,-33],[-17,-7],[-17,-6],[-18,-6],[-34,-10],[-69,-15],[-68,-7],[-18,-1],[-17,0],[-34,0],[-52,4],[-17,2],[-17,2],[-34,5],[-138,27],[-34,11],[-17,7],[-18,7],[-68,38],[-69,59],[-86,127],[-46,107],[-13,35],[-6,17],[-4,12],[-13,40],[-38,156],[-25,69],[-39,52],[-20,17],[-2,2],[-17,12],[-69,36],[-7,2],[-10,4],[-35,9],[-68,6],[-18,-1],[-12,0],[-5,-1],[-34,-4],[-69,-13],[-103,-33],[-83,-36],[-69,-35],[-20,-10],[-11,-7],[-6,-3],[-17,-11],[-6,-3],[-106,-87],[-48,-69],[-22,-52],[-28,-104],[-15,-138],[0,-35],[2,-17],[2,-17],[6,-35],[5,-17],[4,-11],[2,-7],[41,-69],[34,-34],[9,-7],[13,-11],[21,-13],[41,-21],[114,-49],[103,-53],[79,-54],[112,-104],[53,-69],[71,-139],[31,-121],[2,-138],[-41,-139],[-41,-69],[-27,-34],[-16,-18],[-17,-17],[-52,-44],[-11,-8],[-6,-4],[-17,-12],[-69,-38],[-137,-58],[-103,-55],[-98,-58],[-5,-3],[-18,-10],[-7,-4],[-30,-18],[-62,-34],[-72,-39],[-18,-8],[-17,-9],[-240,-107],[-292,-121],[-103,-32],[-121,-23]],[[29090,11627],[-34,1],[-17,1],[-17,1],[-103,9],[-86,13],[-35,6],[-14,3],[-3,1],[-17,4],[-206,57],[-121,51],[-85,48],[-18,11],[-2,2],[-15,9],[-17,12],[-69,52],[-72,65],[-78,87],[-51,69],[-68,121],[-16,34],[-7,16],[0,2],[-7,17],[-20,52],[-29,87],[-11,34],[-4,17],[-5,18],[-34,138],[-16,69],[-3,18],[-4,17],[-26,138],[-10,70],[-5,34],[-2,18],[-2,17],[-4,35],[-1,17],[-2,17],[-6,69],[-3,35],[-2,35],[-1,17],[-2,17],[-1,18],[-3,34],[-7,87],[-8,173],[0,17],[1,17],[1,35],[4,35],[26,138],[11,35],[6,17],[6,17],[37,87],[6,12],[2,5],[9,17],[30,52],[89,121],[81,87],[19,17],[10,10],[8,8],[39,34],[41,35],[205,148],[171,100],[207,90],[154,48],[206,44],[138,13],[137,1],[172,-22],[172,-53],[69,-30],[120,-69],[137,-106],[35,-33],[10,-10],[7,-8],[9,-9],[16,-18],[106,-138],[31,-52],[10,-17],[0,0],[9,-18],[18,-34],[30,-69],[7,-18],[7,-17],[6,-17],[16,-52],[27,-90],[17,-56],[41,-131],[11,-35],[5,-17],[6,-17],[6,-21],[17,-55],[4,-11],[5,-17],[8,-25],[35,-98],[6,-16],[11,-24],[51,-98],[35,-51],[64,-86],[24,-35],[12,-17],[12,-18],[8,-12],[3,-5],[12,-17],[2,-4],[9,-13],[20,-35],[6,-10],[4,-7],[9,-18],[16,-34],[27,-70],[37,-155],[9,-104],[0,-35],[0,-17],[-1,-17],[-6,-70],[-2,-17],[-3,-17],[-7,-35],[-22,-86],[-5,-18],[-13,-34],[-21,-52],[-76,-139],[-51,-69],[-67,-75],[-17,-16],[-14,-13],[-4,-3],[-17,-15],[-17,-15],[-69,-51],[-137,-77],[-52,-21],[-17,-6],[-5,-2],[-12,-4],[-17,-6],[-35,-10],[-17,-5],[-17,-4],[-17,-4],[-17,-4],[-35,-7],[-103,-17],[-154,-12],[-18,-1],[-17,-1],[-34,-1],[-17,0],[-17,-1],[-18,0],[-51,-2],[-189,-13],[-35,-3],[-17,-1],[-17,-2],[-61,-6],[-25,-2],[-17,-2],[-17,-2],[-17,-2],[-52,-5],[-155,-4]],[[25551,15131],[-138,4],[-137,35],[-69,34],[-53,40],[-56,69],[-30,69],[-13,69],[0,70],[14,103],[-13,87],[-70,138],[-174,272],[-86,148],[-74,152],[-78,173],[-33,86],[-4,12],[-2,5],[-5,18],[-6,17],[-4,15],[-39,123],[-27,87],[-9,35],[-5,17],[-9,35],[-9,34],[-4,17],[-1,4],[-4,14],[-4,17],[-5,17],[-6,18],[-35,86],[-46,87],[-3,5],[-8,12],[-10,17],[-21,35],[-116,156],[-136,138],[-2,2],[-14,15],[-31,35],[-50,69],[-31,52],[-16,35],[-8,17],[-4,11],[-3,6],[-22,70],[-21,138],[6,139],[41,155],[30,70],[62,103],[152,208],[53,104],[12,34],[4,18],[2,17],[1,35],[-14,69],[-13,35],[-7,17],[-18,34],[-11,18],[-11,17],[-100,121],[-52,52],[-17,17],[-5,5],[-13,13],[-39,38],[-33,31],[-35,35],[-63,69],[-102,138],[-67,121],[-36,87],[-32,104],[-18,86],[-10,104],[6,156],[24,121],[29,87],[50,103],[46,70],[69,79],[103,84],[138,71],[103,35],[155,39],[137,19],[155,5],[154,-13],[69,-12],[17,-3],[17,-4],[69,-17],[103,-33],[120,-51],[121,-65],[34,-22],[13,-9],[4,-2],[17,-12],[69,-50],[163,-143],[9,-9],[8,-9],[16,-17],[31,-34],[40,-52],[55,-87],[5,-8],[5,-9],[9,-18],[16,-34],[27,-69],[5,-18],[5,-17],[5,-17],[9,-35],[14,-86],[6,-139],[-25,-173],[-32,-104],[-56,-121],[-43,-69],[-12,-17],[-38,-52],[-42,-70],[-65,-138],[-7,-17],[-5,-14],[-1,-4],[-6,-17],[-16,-52],[-23,-121],[-1,-69],[14,-69],[37,-70],[98,-103],[53,-70],[32,-52],[2,-4],[8,-13],[8,-17],[9,-18],[7,-17],[35,-104],[14,-69],[12,-156],[37,-121],[77,-138],[148,-208],[100,-156],[72,-138],[78,-173],[76,-156],[30,-69],[7,-17],[7,-18],[6,-17],[31,-87],[36,-121],[34,-173],[13,-104],[5,-69],[2,-34],[0,-18],[1,-17],[-7,-139],[-7,-51],[-6,-35],[-3,-17],[-16,-70],[-58,-183],[-49,-180],[-50,-121],[-93,-139],[-63,-69],[-105,-88],[-52,-34],[-17,-10],[-10,-6],[-7,-4],[-35,-18],[-68,-31],[-104,-34],[-86,-18],[-34,-5],[-17,-1],[-17,-2]],[[11134,17880],[-137,-3],[-69,15],[-55,34],[-32,69],[-4,70],[23,138],[35,104],[33,69],[87,139],[92,103],[79,70],[103,71],[138,68],[103,34],[86,18],[137,7],[69,-10],[68,-33],[34,-52],[10,-103],[-25,-139],[-37,-104],[-63,-121],[-104,-138],[-89,-88],[-69,-54],[-103,-64],[-121,-54],[-103,-31],[-86,-15]],[[35396,19030],[-137,5],[-120,20],[-121,37],[-85,39],[-121,74],[-137,119],[-79,90],[-48,70],[-76,138],[-46,121],[-23,87],[-22,156],[0,121],[15,121],[44,156],[57,121],[92,130],[120,124],[69,60],[103,72],[69,34],[245,99],[50,34],[16,35],[-18,35],[-94,69],[-148,92],[-80,81],[-93,138],[-67,65],[-138,60],[-17,4],[-17,5],[-34,7],[-35,4],[-326,21],[-258,28],[-275,42],[-430,94],[-206,27],[-86,1],[-137,-15],[-86,-20],[-103,-44],[-120,-68],[-82,-55],[-296,-213],[-121,-70],[-86,-35],[-86,-26],[-137,-21],[-17,-2],[-17,0],[-69,0],[-103,10],[-155,38],[-120,53],[-138,88],[-83,74],[-88,104],[-45,69],[-66,139],[-45,173],[-12,138],[7,104],[17,87],[34,104],[69,138],[107,138],[105,95],[69,46],[120,62],[86,30],[189,54],[207,54],[189,40],[119,35],[293,104],[103,47],[171,108],[104,57],[172,78],[309,119],[86,30],[17,5],[17,6],[0,0],[18,5],[17,5],[189,53],[257,49],[138,9],[69,-3],[68,-7],[35,-5],[17,-3],[17,-3],[189,-39],[120,-7],[104,22],[189,80],[274,148],[155,63],[155,39],[103,14],[137,4],[155,-18],[86,-20],[172,-66],[120,-69],[69,-50],[106,-98],[111,-138],[70,-121],[61,-156],[32,-138],[18,-139],[20,-294],[1,-398],[18,-173],[43,-191],[3,-138],[-19,-121],[-48,-139],[-86,-138],[-61,-69],[-149,-124],[-103,-73],[-113,-63],[-107,-69],[-81,-69],[-51,-69],[10,-70],[39,-69],[11,-16],[1,-1],[12,-18],[26,-34],[86,-104],[98,-104],[30,-34],[27,-35],[13,-17],[12,-18],[63,-103],[71,-174],[22,-86],[13,-156],[-14,-138],[-20,-87],[-38,-104],[-73,-138],[-49,-69],[-74,-87],[-103,-93],[-69,-49],[-17,-11],[-17,-11],[-35,-20],[-137,-64],[-103,-33],[-17,-4],[-18,-5],[-51,-10],[-138,-15]],[[28489,20812],[-155,10],[-86,16],[-120,37],[-86,37],[-68,36],[-13,7],[-5,3],[-17,10],[-17,10],[-34,22],[-121,89],[-68,60],[-69,70],[-27,30],[-7,9],[-8,8],[-14,17],[-77,104],[-64,104],[-36,69],[-8,18],[-8,17],[-15,35],[-21,51],[-6,18],[-1,2],[-5,15],[-6,17],[-32,122],[-22,190],[5,138],[36,191],[35,104],[66,138],[66,104],[99,121],[86,86],[153,129],[103,73],[103,63],[138,73],[206,89],[257,83],[138,35],[103,20],[137,14],[18,1],[17,0],[34,0],[103,-5],[155,-25],[172,-54],[17,-7],[8,-4],[9,-4],[17,-8],[69,-34],[103,-64],[118,-98],[81,-86],[86,-121],[46,-87],[53,-138],[21,-87],[16,-138],[-4,-139],[-13,-86],[-34,-121],[-54,-122],[-85,-138],[-107,-138],[-92,-104],[-15,-16],[-2,-2],[-17,-17],[-32,-32],[-120,-109],[-334,-291],[-182,-184],[-103,-86],[-86,-53],[-69,-33],[-120,-39],[-103,-19],[-34,-3],[-18,-2],[-34,-1]],[[19056,23022],[-121,-2],[-85,10],[-86,22],[-86,32],[-138,83],[-82,72],[-72,87],[-53,86],[-61,156],[-22,138],[4,139],[11,69],[38,121],[32,69],[113,208],[72,121],[106,148],[69,81],[34,36],[12,12],[5,5],[18,17],[120,102],[86,59],[86,50],[120,53],[69,23],[103,17],[86,-25],[51,-47],[69,-91],[69,-122],[11,-24],[6,-13],[23,-56],[45,-138],[35,-191],[11,-190],[-5,-139],[-14,-138],[-29,-208],[-33,-138],[-64,-139],[-47,-69],[-59,-69],[-121,-100],[-137,-71],[-121,-35],[-68,-11]],[[27269,24630],[-120,-2],[-86,12],[-86,22],[-138,61],[-68,45],[-69,57],[-70,75],[-87,139],[-47,121],[-27,156],[4,138],[37,156],[55,121],[32,52],[86,103],[86,74],[68,45],[121,55],[103,28],[86,11],[154,-6],[86,-17],[86,-30],[103,-52],[69,-48],[69,-61],[72,-85],[80,-138],[36,-104],[18,-87],[8,-86],[-9,-139],[-19,-86],[-47,-121],[-87,-139],[-69,-75],[-103,-81],[-138,-70],[-120,-34],[-69,-10]],[[3093,25420],[-120,12],[-172,51],[-138,75],[-104,86],[-76,87],[-83,138],[-35,87],[-24,86],[-18,139],[4,138],[13,87],[8,35],[4,17],[5,17],[44,121],[74,139],[49,69],[29,35],[15,17],[9,10],[7,7],[16,17],[115,100],[69,46],[137,69],[120,40],[18,5],[17,3],[34,7],[34,6],[52,5],[17,1],[17,1],[35,1],[120,-9],[172,-43],[137,-67],[69,-48],[73,-65],[61,-69],[14,-17],[7,-10],[5,-7],[23,-35],[29,-52],[39,-87],[39,-138],[14,-156],[-5,-104],[-18,-103],[-36,-122],[-66,-138],[-96,-138],[-63,-70],[-54,-50],[-35,-28],[-17,-13],[-17,-12],[-137,-81],[-121,-49],[-154,-35],[-155,-8]],[[21478,26086],[-137,4],[-155,40],[-68,33],[-69,45],[-81,77],[-81,121],[-47,138],[-14,139],[16,138],[18,69],[6,18],[7,17],[6,17],[74,139],[52,69],[10,12],[4,5],[16,18],[83,76],[68,49],[18,11],[34,19],[120,52],[86,24],[138,15],[137,-13],[137,-44],[69,-37],[69,-51],[79,-84],[45,-69],[32,-69],[22,-70],[13,-69],[4,-138],[-13,-87],[-29,-104],[-68,-138],[-48,-69],[-3,-4],[-11,-14],[-14,-17],[-32,-35],[-80,-71],[-69,-48],[-137,-68],[-52,-17],[-11,-3],[-6,-2],[-34,-9],[-52,-9],[-17,-2],[-17,-2],[-18,-2]],[[50861,7504],[-138,9],[-68,14],[-103,36],[-121,65],[-68,53],[-86,87],[-50,69],[-71,138],[-35,122],[-13,121],[8,138],[43,156],[72,138],[53,70],[79,79],[68,53],[138,73],[86,28],[137,22],[138,-4],[68,-12],[103,-31],[138,-70],[69,-51],[72,-70],[56,-69],[43,-70],[54,-121],[26,-104],[11,-86],[-4,-139],[-37,-155],[-29,-70],[-72,-121],[-69,-80],[-69,-62],[-137,-85],[-137,-50],[-155,-21]],[[45242,9355],[-137,-5],[-138,1],[-172,15],[-240,41],[-138,31],[-17,4],[-17,3],[-17,4],[-52,10],[-34,8],[-103,34],[-120,64],[-110,89],[-74,87],[-44,69],[-57,138],[-16,69],[-9,70],[-1,17],[0,17],[0,35],[7,69],[29,121],[66,139],[50,69],[64,69],[112,87],[137,67],[258,90],[119,50],[82,52],[64,69],[26,70],[-7,69],[-40,69],[-63,69],[-250,252],[-79,94],[-84,122],[-49,86],[-71,156],[-49,156],[-46,220],[-34,146],[-52,147],[-74,144],[-38,87],[-14,34],[-6,18],[-5,14],[-1,3],[-6,17],[-35,121],[-24,139],[-9,138],[14,122],[41,34],[3,1],[17,8],[21,8],[82,25],[120,24],[138,13],[137,-2],[138,-15],[326,-58],[86,-16],[17,-3],[9,-2],[26,-5],[51,-10],[138,-26],[171,-56],[138,-67],[34,-20],[17,-10],[18,-11],[3,-3],[14,-9],[120,-91],[69,-61],[86,-90],[112,-147],[72,-121],[50,-104],[63,-173],[37,-156],[20,-190],[-8,-138],[-31,-156],[-36,-104],[-80,-156],[-75,-104],[-102,-121],[-100,-138],[-47,-87],[-21,-69],[1,-69],[27,-69],[80,-87],[188,-121],[90,-78],[79,-95],[75,-139],[35,-103],[16,-87],[5,-138],[-21,-139],[-35,-104],[-76,-138],[-55,-69],[-70,-70],[-20,-17],[-2,-1],[-17,-14],[-3,-2],[-65,-48],[-121,-69],[-120,-51],[-103,-30],[-34,-7],[-15,-3],[-3,0],[-17,-3],[-86,-11],[-103,-8]],[[48747,11209],[-68,4],[-121,21],[-120,39],[-155,83],[-137,114],[-114,140],[-69,121],[-49,121],[-28,104],[-21,138],[-3,104],[17,173],[37,156],[50,138],[87,173],[117,191],[69,103],[101,139],[115,135],[155,154],[103,87],[69,50],[120,71],[138,63],[103,34],[171,33],[138,5],[155,-19],[171,-52],[138,-70],[103,-71],[69,-60],[79,-83],[55,-69],[85,-139],[48,-104],[54,-173],[26,-156],[4,-173],[-14,-138],[-21,-104],[-51,-156],[-67,-138],[-67,-104],[-119,-138],[-124,-121],[-146,-129],[-86,-68],[-155,-109],[-189,-118],[-137,-71],[-120,-52],[-103,-35],[-121,-30],[-172,-14]],[[41943,12110],[-155,20],[-103,34],[-68,32],[-18,10],[-15,9],[-2,1],[-34,22],[-69,54],[-90,96],[-86,139],[-45,121],[-19,86],[-8,87],[9,138],[19,87],[46,121],[86,139],[71,76],[103,82],[17,11],[17,10],[18,10],[68,32],[121,38],[68,12],[138,4],[69,-8],[154,-43],[103,-52],[109,-69],[12,-8],[13,-9],[24,-17],[44,-35],[38,-34],[17,-18],[1,0],[15,-17],[28,-35],[41,-69],[24,-69],[14,-87],[0,-69],[-17,-138],[-26,-121],[-25,-87],[-56,-121],[-46,-69],[-27,-35],[-15,-17],[-16,-18],[-14,-14],[-69,-60],[-137,-84],[-18,-8],[-16,-7],[-1,0],[-34,-13],[-69,-20],[-120,-19],[-69,-1]],[[35774,14632],[-68,-2],[-121,9],[-154,37],[-103,44],[-114,74],[-71,69],[-50,69],[-31,69],[-17,87],[2,69],[31,104],[38,69],[54,70],[95,86],[114,71],[121,56],[368,202],[233,114],[13,7],[4,2],[17,9],[35,17],[103,57],[86,36],[137,35],[138,7],[154,-26],[121,-50],[68,-45],[68,-59],[90,-121],[56,-139],[22,-138],[-8,-139],[-37,-138],[-38,-87],[-77,-121],[-61,-69],[-15,-15],[-2,-2],[-15,-14],[-69,-56],[-86,-54],[-68,-33],[-103,-35],[-860,-126]],[[40036,17362],[-138,5],[-68,16],[-121,51],[-73,42],[-113,52],[-3,1],[-17,7],[-24,9],[-47,18],[-15,5],[-17,5],[-34,11],[-86,21],[-327,59],[-17,3],[-17,2],[-34,4],[-69,7],[-120,8],[-138,8],[-69,3],[-17,1],[-17,1],[-17,0],[-17,1],[-138,0],[-69,-5],[-34,-6],[-17,-2],[-17,-2],[-35,-3],[-120,0],[-172,32],[-69,6],[-85,-13],[-69,-37],[-97,-75],[-55,-34],[-37,-21],[-17,-9],[-18,-8],[-17,-8],[-14,-6],[-3,-1],[-34,-14],[-52,-18],[-86,-22],[-103,-16],[-137,-3],[-155,21],[-115,35],[-73,35],[-96,69],[-51,70],[-7,17],[-2,7],[-2,10],[-4,35],[11,69],[21,52],[54,86],[6,8],[8,10],[15,17],[32,35],[79,69],[141,89],[69,32],[172,53],[137,17],[121,-1],[120,-14],[86,11],[34,12],[17,9],[0,0],[17,9],[18,11],[34,27],[17,16],[6,6],[11,12],[65,74],[97,87],[79,54],[52,29],[34,17],[17,8],[17,8],[13,5],[4,2],[172,49],[155,22],[51,10],[18,4],[0,0],[17,3],[17,4],[17,4],[206,57],[121,43],[189,58],[34,12],[17,6],[7,3],[10,4],[18,7],[137,70],[172,111],[69,51],[68,51],[17,13],[6,4],[12,9],[10,9],[7,5],[17,13],[64,51],[22,17],[0,1],[17,14],[17,14],[18,14],[11,9],[6,4],[34,27],[69,49],[17,11],[17,11],[17,10],[69,38],[138,64],[103,40],[86,28],[34,10],[17,4],[17,5],[103,23],[18,4],[17,3],[17,3],[34,5],[35,5],[16,2],[1,0],[17,2],[17,2],[17,2],[35,2],[137,2],[86,-5],[206,-21],[52,-5],[17,-2],[17,-1],[35,-4],[17,-2],[17,-2],[17,-2],[120,-16],[275,-56],[138,-42],[86,-39],[103,-60],[103,-82],[66,-69],[81,-121],[36,-86],[28,-139],[-7,-138],[-25,-104],[-52,-121],[-65,-104],[-56,-69],[-121,-122],[-170,-138],[-148,-104],[-409,-267],[-86,-52],[-172,-85],[-223,-92],[-15,-6],[-2,-1],[-18,-6],[-71,-27],[-89,-35],[-97,-41],[-103,-38],[-52,-17],[-17,-6],[-7,-2],[-10,-3],[-35,-10],[-34,-9],[-206,-40]],[[51840,21033],[-137,-6],[-138,6],[-86,11],[-120,25],[-17,5],[-8,2],[-9,2],[-35,11],[-68,24],[-138,63],[-68,40],[-99,67],[-103,87],[-69,69],[-114,139],[-55,86],[-29,69],[-27,139],[-1,17],[0,17],[1,35],[9,69],[46,139],[87,138],[113,112],[86,60],[69,37],[137,51],[86,18],[103,9],[138,-1],[171,-22],[172,-44],[103,-39],[138,-67],[172,-111],[68,-62],[69,-79],[67,-104],[17,-35],[2,-4],[6,-13],[8,-17],[35,-104],[20,-104],[6,-69],[0,-18],[0,-17],[-1,-34],[-11,-87],[-27,-104],[-21,-52],[-36,-69],[-49,-69],[-33,-38],[-69,-60],[-69,-44],[-137,-53],[-155,-21]],[[43197,22312],[-120,-6],[-137,18],[-103,31],[-138,72],[-69,51],[-85,86],[-52,69],[-49,87],[-3,6],[-5,11],[-14,35],[-13,34],[-19,70],[-18,121],[5,138],[32,139],[35,86],[49,87],[51,69],[86,87],[69,52],[120,65],[86,30],[138,26],[120,0],[69,-9],[103,-27],[120,-53],[120,-83],[88,-88],[51,-69],[48,-87],[34,-86],[31,-139],[4,-138],[-7,-70],[-25,-103],[-49,-121],[-93,-139],[-64,-66],[-69,-56],[-17,-12],[-35,-22],[-34,-19],[-120,-50],[-121,-27]],[[44125,24818],[-137,-2],[-138,20],[-86,24],[-85,34],[-138,80],[-69,54],[-80,80],[-56,69],[-24,35],[-12,17],[-11,17],[-64,122],[-7,17],[-3,8],[-4,9],[-7,17],[-19,52],[-29,104],[-38,225],[-71,692],[-6,70],[-10,103],[-5,52],[-3,35],[-1,17],[-1,35],[-1,17],[0,18],[1,34],[7,87],[23,138],[37,156],[50,156],[30,69],[68,121],[94,121],[125,124],[35,30],[51,39],[17,13],[4,2],[13,9],[52,33],[34,19],[35,18],[68,30],[52,19],[86,24],[103,16],[137,-1],[155,-35],[86,-37],[52,-30],[51,-36],[69,-58],[34,-35],[17,-20],[3,-3],[15,-17],[14,-17],[49,-70],[67,-121],[48,-121],[34,-121],[37,-173],[14,-104],[11,-173],[0,-156],[0,-34],[1,-18],[0,-17],[7,-104],[42,-329],[17,-173],[4,-69],[1,-34],[1,-35],[0,-17],[0,-18],[-5,-138],[-19,-156],[-21,-86],[-35,-104],[-56,-121],[-76,-121],[-67,-83],[-68,-69],[-121,-93],[-137,-72],[-52,-19],[-17,-5],[-34,-10],[-138,-26]],[[47527,25879],[-137,9],[-86,19],[-120,46],[-138,88],[-76,71],[-81,104],[-63,121],[-37,121],[-12,69],[-4,138],[23,139],[28,86],[73,139],[85,104],[82,72],[137,82],[86,33],[86,21],[154,11],[121,-14],[120,-35],[69,-31],[86,-52],[102,-87],[60,-69],[83,-139],[48,-138],[18,-122],[-3,-138],[-16,-86],[-49,-139],[-71,-121],[-57,-69],[-81,-75],[-137,-86],[-121,-45],[-86,-19],[-86,-8]],[[30250,12168],[-171,9],[-35,-1],[-17,-1],[-17,0],[-17,-1],[-35,-1],[-17,0],[-17,0],[-17,0],[-17,0],[-35,0],[-17,0],[-17,1],[-103,5],[-35,3],[-17,1],[-17,2],[-69,9],[-34,4],[-17,3],[-16,3],[-1,0],[-18,3],[-17,3],[-17,3],[-344,67],[-17,4],[-17,4],[-17,4],[-52,16],[-120,53],[-120,84],[-69,68],[-34,40],[-24,31],[-12,18],[-12,17],[-4,6],[-103,159],[-125,216],[-17,34],[-8,18],[-5,9],[-3,8],[-8,17],[-29,69],[-38,104],[-49,173],[-4,18],[-3,17],[-4,17],[-4,18],[-13,69],[-3,17],[-3,17],[-9,70],[-1,17],[0,3],[-1,14],[-1,18],[-2,69],[1,17],[1,17],[3,52],[4,35],[2,17],[2,18],[13,69],[4,17],[5,17],[11,35],[7,17],[7,18],[19,34],[48,69],[32,35],[18,17],[16,14],[4,4],[116,74],[120,45],[7,2],[10,2],[18,4],[17,4],[34,6],[8,1],[9,1],[35,4],[34,2],[137,-7],[86,-16],[121,-39],[17,-8],[17,-7],[34,-17],[18,-10],[17,-9],[17,-10],[86,-49],[34,-21],[7,-4],[10,-7],[18,-11],[17,-10],[51,-35],[138,-102],[68,-57],[4,-3],[14,-12],[25,-23],[129,-126],[66,-82],[44,-69],[19,-34],[9,-18],[0,0],[8,-17],[78,-193],[17,-41],[10,-26],[7,-15],[1,-2],[7,-17],[21,-52],[48,-121],[78,-211],[5,-14],[7,-18],[5,-13],[17,-42],[34,-67],[103,-154],[1,-2],[9,-16],[10,-17],[35,-69],[38,-104],[14,-69],[2,-18],[0,-17],[-2,-35],[-31,-69],[-58,-38],[-69,-20],[-138,-12]],[[14889,14160],[-137,17],[-121,38],[-120,62],[-69,50],[-77,74],[-30,35],[-13,17],[-13,18],[-43,69],[-57,138],[-25,139],[3,138],[33,139],[13,34],[3,7],[5,11],[8,17],[38,69],[49,69],[72,76],[137,98],[121,52],[154,34],[138,2],[120,-19],[138,-48],[137,-83],[69,-60],[99,-121],[21,-34],[10,-18],[7,-14],[2,-3],[30,-69],[35,-139],[7,-138],[-11,-87],[-28,-104],[-68,-138],[-50,-69],[-89,-89],[-68,-51],[-86,-49],[-86,-34],[-7,-2],[-10,-3],[-17,-5],[-35,-9],[-120,-17],[-17,-1],[-17,0],[-35,1]],[[24511,16727],[-137,-5],[-119,16],[-97,34],[-39,35],[7,69],[54,69],[5,35],[-46,69],[-229,214],[-69,74],[-51,73],[-59,106],[-72,174],[-34,103],[-45,173],[-36,156],[-15,121],[0,104],[24,156],[39,121],[69,138],[101,139],[85,86],[218,181],[51,38],[9,6],[8,6],[35,24],[8,5],[9,6],[17,11],[0,0],[17,11],[52,32],[137,72],[207,83],[51,17],[17,5],[19,5],[33,11],[24,7],[53,17],[129,60],[120,41],[86,-25],[69,-66],[69,-85],[103,-158],[17,-29],[8,-15],[9,-16],[35,-65],[41,-92],[52,-138],[58,-225],[13,-70],[2,-17],[3,-17],[7,-52],[2,-17],[2,-18],[4,-34],[8,-87],[20,-156],[12,-138],[2,-139],[-4,-86],[-4,-52],[-2,-17],[-2,-18],[-4,-34],[-15,-87],[-36,-138],[-30,-87],[-14,-34],[-7,-18],[-5,-11],[-35,-70],[-68,-114],[-52,-69],[-69,-70],[-68,-40],[-121,-26],[-82,-32],[-67,-35],[-64,-35],[-31,-17],[-14,-8],[-16,-9],[-62,-35],[-70,-34],[-44,-18],[-31,-10],[-17,-6],[-17,-5],[-17,-4],[-18,-4],[-34,-8],[-17,-3],[-17,-2],[-18,-3]],[[5181,17393],[-120,4],[-155,27],[-17,4],[-6,2],[-11,3],[-18,6],[-51,18],[-69,30],[-120,71],[-69,53],[-48,44],[-17,17],[-16,18],[-5,5],[-10,12],[-28,34],[-26,35],[-13,17],[-9,12],[-4,6],[-24,34],[-6,10],[-5,8],[-23,34],[-51,87],[-35,69],[-17,35],[-7,17],[-8,17],[-33,87],[-6,17],[-4,12],[-2,5],[-5,18],[-15,52],[-20,86],[-6,35],[-3,17],[-1,6],[-1,11],[-5,35],[-9,138],[4,139],[14,121],[20,104],[29,104],[69,138],[12,17],[5,7],[8,11],[28,34],[67,65],[69,49],[68,37],[138,45],[155,21],[34,2],[17,1],[17,0],[69,-1],[189,-18],[103,-22],[69,-18],[34,-11],[17,-6],[18,-6],[17,-7],[120,-51],[155,-88],[34,-23],[17,-12],[12,-9],[5,-4],[35,-26],[27,-22],[7,-5],[14,-12],[113,-104],[97,-104],[96,-138],[63,-138],[25,-87],[20,-138],[0,-18],[1,-17],[0,-17],[-2,-70],[-8,-69],[-8,-52],[-4,-17],[-4,-17],[-36,-121],[-62,-139],[-53,-86],[-24,-35],[-13,-17],[-9,-12],[-4,-6],[-29,-34],[-1,-2],[-14,-16],[-3,-3],[-13,-14],[-34,-34],[-74,-65],[-68,-51],[-17,-12],[-18,-11],[0,0],[-17,-10],[-34,-20],[-17,-9],[-18,-9],[-7,-4],[-10,-4],[-137,-55],[-155,-36],[-120,-11]],[[28515,20812],[-86,-7],[-137,8],[-155,36],[-120,49],[-69,38],[-52,33],[-17,12],[-17,12],[-17,13],[-138,120],[-68,77],[-27,34],[-8,10],[-5,8],[-13,17],[-45,69],[-81,156],[-38,104],[-32,121],[-4,17],[-3,17],[-8,52],[-10,139],[9,155],[26,139],[5,17],[5,18],[16,51],[69,156],[65,104],[101,121],[81,74],[137,94],[86,44],[155,54],[86,18],[17,3],[17,2],[34,4],[52,3],[17,0],[17,0],[35,-1],[103,-10],[137,-32],[18,-5],[17,-6],[17,-7],[17,-6],[17,-8],[17,-7],[69,-35],[10,-6],[7,-4],[18,-10],[17,-11],[34,-23],[52,-40],[103,-97],[114,-144],[63,-103],[57,-122],[31,-86],[35,-139],[3,-17],[3,-17],[7,-52],[8,-138],[-8,-139],[-3,-17],[-2,-18],[-3,-17],[-3,-17],[-21,-87],[-5,-17],[-1,-6],[-4,-11],[-5,-18],[-19,-52],[-64,-138],[-10,-17],[-1,-4],[-9,-14],[-32,-51],[-114,-143],[-103,-97],[-138,-97],[-103,-51],[-137,-43],[-35,-7],[-17,-3],[-17,-2]],[[35801,21798],[-52,5],[-86,34],[-69,44],[-68,53],[-38,30],[-31,24],[-13,11],[-4,3],[-35,27],[-86,71],[-165,158],[-80,69],[-304,244],[-138,92],[-69,36],[-68,22],[-103,2],[-86,-26],[-138,-61],[-86,-25],[-154,-16],[-121,10],[-86,19],[-120,45],[-137,82],[-72,61],[-65,69],[-27,35],[-12,17],[-12,17],[-70,139],[-34,121],[0,3],[-3,14],[-4,35],[-3,69],[18,139],[56,138],[47,69],[29,35],[14,15],[3,2],[32,30],[120,80],[120,46],[155,24],[137,-6],[86,-17],[103,-35],[35,-15],[17,-8],[17,-9],[69,-41],[137,-93],[86,-32],[69,-3],[137,38],[138,69],[154,97],[258,141],[86,38],[172,47],[155,11],[103,-8],[154,-36],[121,-50],[137,-87],[69,-59],[93,-104],[86,-139],[50,-121],[36,-156],[8,-104],[-9,-138],[-45,-277],[-33,-138],[-56,-173],[-44,-107],[-69,-134],[-138,-217],[-17,-25],[-1,-2],[-13,-17],[-3,-5],[-17,-23],[-69,-90],[-3,-3],[-14,-16],[-34,-30],[-35,-19],[-34,-12],[-17,-2],[-17,-1]],[[36161,29609],[-154,4],[-155,35],[-120,55],[-70,49],[-72,69],[-50,69],[-33,69],[-20,69],[-10,87],[4,69],[36,139],[51,104],[101,173],[88,121],[125,138],[142,122],[155,105],[137,76],[137,69],[121,44],[86,18],[137,3],[138,-26],[137,-61],[103,-76],[64,-66],[72,-104],[34,-69],[34,-104],[22,-139],[-3,-121],[-27,-138],[-55,-139],[-92,-138],[-66,-70],[-69,-57],[-189,-128],[-103,-60],[-120,-59],[-189,-69],[-120,-31],[-207,-32]],[[45062,11816],[-155,2],[-86,14],[-51,12],[-34,10],[-18,5],[-17,6],[-120,52],[-17,9],[-1,1],[-16,9],[-35,20],[-17,11],[-17,12],[0,0],[-35,25],[-68,57],[-73,73],[-102,139],[-21,34],[-11,20],[-7,15],[-10,17],[-107,191],[-39,69],[-8,16],[-1,1],[-9,18],[-19,34],[-57,108],[-52,92],[-47,77],[-4,7],[-7,10],[-11,18],[-34,56],[-90,134],[-67,139],[-31,121],[-3,69],[10,69],[32,69],[63,65],[69,37],[51,18],[18,5],[17,4],[69,10],[137,0],[103,-16],[370,-105],[283,-64],[52,-11],[17,-4],[33,-8],[75,-17],[98,-22],[86,-24],[120,-49],[138,-83],[68,-55],[11,-9],[7,-6],[29,-29],[49,-52],[54,-69],[83,-139],[49,-121],[40,-173],[6,-156],[-6,-69],[-5,-34],[-3,-18],[-3,-17],[-1,-5],[-3,-12],[-9,-35],[-16,-52],[-28,-69],[-8,-17],[-5,-11],[-4,-7],[-19,-34],[-21,-35],[-8,-12],[-3,-5],[-13,-18],[-57,-69],[-116,-102],[-137,-79],[-103,-38],[-172,-30]],[[49530,12200],[-138,15],[-86,24],[-137,65],[-69,49],[-69,63],[-68,82],[-54,86],[-51,122],[-22,86],[-13,121],[-1,35],[1,17],[1,17],[1,18],[9,69],[26,104],[19,52],[15,34],[9,18],[9,17],[9,17],[7,12],[4,6],[22,34],[55,69],[74,72],[34,27],[17,13],[15,9],[2,2],[138,69],[120,32],[138,9],[86,-9],[137,-37],[138,-72],[103,-85],[71,-82],[82,-138],[43,-121],[22,-139],[-2,-138],[-11,-69],[-36,-121],[-31,-70],[-19,-34],[-22,-35],[-11,-17],[-1,0],[-26,-35],[-14,-17],[-11,-13],[-4,-4],[-13,-14],[-86,-77],[-69,-45],[-120,-55],[-17,-6],[-17,-5],[-18,-5],[-34,-8],[-137,-14]],[[40268,17947],[-69,5],[-17,3],[-17,3],[-52,14],[-120,55],[-120,89],[-65,75],[-74,139],[-17,52],[-9,34],[-3,18],[-3,17],[-3,17],[-2,18],[-2,17],[-8,86],[-4,35],[-7,52],[-2,17],[-2,18],[-7,69],[-6,69],[-2,17],[-1,18],[-2,34],[-1,35],[0,17],[0,17],[0,70],[13,173],[5,34],[5,35],[3,17],[3,18],[4,17],[3,17],[7,35],[12,52],[4,17],[4,17],[2,8],[24,96],[4,17],[4,18],[22,104],[31,86],[29,52],[58,68],[103,62],[69,17],[137,-1],[138,-39],[34,-15],[17,-8],[17,-9],[69,-42],[69,-51],[69,-65],[34,-37],[1,-1],[14,-17],[2,-3],[12,-15],[5,-7],[8,-10],[12,-17],[12,-18],[11,-17],[9,-14],[2,-3],[10,-18],[10,-17],[12,-24],[69,-143],[3,-6],[7,-17],[7,-17],[15,-35],[14,-35],[6,-17],[7,-17],[6,-18],[6,-17],[6,-17],[18,-52],[80,-277],[22,-121],[2,-69],[-12,-122],[-33,-121],[-65,-138],[-11,-17],[-9,-14],[-2,-4],[-25,-34],[-76,-88],[-103,-86],[-86,-52],[-35,-17],[-17,-7],[-17,-7],[-69,-24],[-17,-5],[-17,-4],[-17,-5],[-1,0],[-17,-3],[-68,-12],[-69,-4]],[[42828,21564],[-137,19],[-138,58],[-68,49],[-69,67],[-52,69],[-39,69],[-46,121],[-18,86],[-8,139],[25,173],[34,104],[84,156],[26,34],[14,17],[14,18],[17,19],[104,92],[137,79],[86,30],[137,20],[138,-13],[137,-50],[69,-44],[69,-59],[61,-74],[75,-139],[36,-121],[6,-34],[2,-18],[2,-17],[3,-138],[-15,-104],[-34,-121],[-30,-70],[-72,-121],[-86,-99],[-69,-60],[-137,-82],[-137,-44],[-121,-11]],[[43756,24257],[-86,6],[-120,44],[-69,48],[-86,89],[-71,116],[-30,69],[-34,121],[-11,69],[-5,139],[14,121],[16,69],[16,52],[2,8],[4,10],[6,17],[7,17],[73,139],[82,103],[69,63],[68,47],[35,18],[17,8],[7,3],[10,4],[86,24],[69,5],[34,-2],[17,-2],[18,-3],[17,-4],[120,-52],[69,-53],[17,-17],[4,-4],[13,-14],[34,-42],[22,-31],[11,-17],[2,-2],[9,-15],[8,-15],[2,-2],[17,-35],[50,-138],[17,-87],[10,-138],[-10,-122],[-3,-17],[-3,-17],[-12,-52],[-5,-17],[-5,-18],[-11,-34],[-44,-104],[-37,-67],[-69,-93],[-69,-68],[-69,-52],[-120,-56],[-103,-19]],[[45546,9391],[-67,-10],[-17,-2],[-17,-1],[-69,-1],[-120,15],[-121,35],[-68,31],[-86,53],[-69,54],[-17,16],[0,0],[-18,17],[-59,70],[-75,121],[-36,86],[-35,156],[-4,121],[21,139],[34,104],[77,138],[56,69],[39,39],[17,16],[17,14],[69,50],[137,69],[103,30],[69,11],[138,3],[86,-12],[103,-29],[120,-55],[69,-45],[68,-58],[78,-85],[58,-86],[35,-69],[36,-104],[24,-139],[-3,-138],[-30,-139],[-27,-69],[-68,-121],[-54,-69],[-17,-18],[-14,-15],[-35,-31],[-69,-53],[-137,-72],[-122,-36]],[[45173,11655],[-103,-3],[-68,8],[-7,1],[-11,2],[-17,4],[-51,14],[-86,33],[-138,84],[-86,78],[-39,45],[-12,16],[-1,1],[-13,18],[-24,34],[-30,52],[-18,35],[0,1],[-8,16],[-7,17],[-20,52],[-15,52],[-4,18],[-4,17],[-3,17],[-13,156],[11,138],[30,122],[28,69],[18,34],[4,7],[7,11],[11,17],[68,80],[103,75],[138,54],[34,9],[17,3],[17,3],[69,10],[138,-3],[120,-27],[137,-62],[69,-46],[86,-76],[3,-3],[14,-15],[2,-2],[15,-17],[0,0],[53,-70],[50,-86],[9,-17],[7,-18],[15,-34],[35,-121],[16,-139],[0,-35],[0,-17],[-2,-17],[-11,-87],[-35,-121],[-75,-138],[-62,-75],[-86,-72],[-137,-71],[-138,-31]],[[49057,11621],[-138,-4],[-154,21],[-103,33],[-138,76],[-82,70],[-72,87],[-43,69],[-50,121],[-24,104],[-11,156],[15,138],[30,139],[60,173],[96,190],[95,138],[58,70],[83,85],[137,108],[120,71],[172,71],[17,5],[18,5],[17,4],[34,8],[120,16],[155,-6],[86,-17],[86,-27],[120,-59],[69,-46],[86,-76],[63,-73],[47,-69],[66,-139],[35,-121],[11,-69],[4,-139],[-8,-86],[-22,-104],[-10,-35],[-5,-17],[-33,-86],[-71,-139],[-66,-104],[-108,-138],[-83,-87],[-112,-94],[-138,-88],[-137,-65],[-103,-34],[-189,-36]],[[35414,12140],[-138,-7],[-17,2],[-17,2],[-52,11],[-120,54],[-83,82],[-38,70],[-25,86],[-6,69],[0,35],[1,17],[2,18],[11,69],[32,104],[23,52],[8,17],[6,12],[3,5],[64,104],[54,70],[95,103],[145,146],[120,94],[69,36],[103,37],[69,14],[120,8],[155,-24],[51,-18],[18,-7],[17,-7],[154,-90],[66,-50],[71,-70],[54,-69],[72,-121],[54,-138],[18,-104],[1,-139],[-16,-69],[-15,-35],[-10,-17],[-11,-17],[-76,-69],[-70,-33],[-138,-31],[-257,-18],[-138,-39],[-34,-13],[-11,-5],[-6,-2],[-18,-7],[-68,-29],[-35,-13],[-154,-52],[-103,-24]],[[29314,11932],[-17,-1],[-18,-1],[-68,-3],[-69,0],[-69,2],[-17,1],[-17,1],[-17,1],[-155,25],[-69,19],[-17,6],[-17,6],[-52,21],[-34,16],[-17,9],[-16,8],[-1,1],[-52,30],[-6,4],[-11,7],[-17,11],[-35,25],[-68,58],[-67,72],[-54,69],[-66,104],[-20,34],[0,1],[-9,17],[-9,17],[-56,121],[-52,156],[-26,121],[-17,139],[-4,121],[3,104],[9,103],[3,18],[2,17],[5,35],[6,34],[6,35],[3,17],[3,18],[23,103],[4,18],[3,12],[1,5],[5,17],[4,18],[29,103],[5,18],[5,17],[11,35],[19,52],[13,34],[7,17],[16,35],[72,121],[2,3],[11,15],[13,17],[28,34],[0,1],[15,17],[15,17],[53,52],[72,60],[34,25],[17,12],[10,7],[7,5],[35,21],[15,8],[2,2],[17,9],[137,62],[155,45],[120,19],[138,5],[86,-5],[154,-28],[104,-34],[137,-67],[69,-46],[78,-65],[51,-52],[8,-10],[7,-8],[14,-17],[48,-69],[11,-17],[6,-11],[4,-7],[18,-34],[32,-70],[47,-121],[2,-6],[4,-11],[6,-17],[11,-35],[25,-87],[38,-173],[35,-190],[12,-86],[3,-18],[2,-17],[4,-35],[31,-277],[2,-17],[2,-17],[3,-35],[15,-138],[3,-69],[0,-18],[0,-17],[-3,-35],[-12,-69],[-28,-86],[-35,-70],[-65,-86],[-52,-52],[-41,-35],[-11,-9],[-11,-8],[-24,-17],[-17,-12],[-8,-6],[-27,-17],[-16,-10],[-12,-7],[-30,-18],[-10,-5],[-22,-12],[-69,-34],[-46,-21],[-18,-7],[-17,-7],[-34,-13],[-69,-22],[-172,-41],[-137,-17]],[[40431,17850],[-137,-5],[-69,4],[-35,4],[-17,3],[-7,1],[-10,2],[-155,43],[-157,76],[-83,52],[-86,69],[-65,69],[-46,70],[-32,69],[-6,17],[-5,17],[-4,18],[-7,34],[-3,35],[-1,17],[0,18],[5,69],[3,17],[3,17],[9,35],[39,104],[7,14],[1,3],[9,18],[30,51],[35,52],[11,15],[2,3],[13,17],[29,35],[98,103],[12,13],[6,5],[18,17],[54,52],[80,69],[83,63],[120,77],[69,36],[137,52],[35,10],[17,4],[17,4],[52,10],[86,10],[137,0],[52,-5],[34,-5],[17,-2],[17,-3],[138,-29],[17,-4],[17,-5],[17,-5],[0,0],[18,-6],[34,-11],[1,0],[16,-6],[17,-6],[17,-7],[69,-31],[6,-2],[11,-6],[18,-10],[33,-19],[117,-87],[66,-69],[48,-69],[34,-69],[31,-121],[0,-121],[-13,-70],[-34,-104],[-88,-155],[-113,-139],[-69,-69],[-12,-11],[-7,-6],[-20,-18],[-77,-62],[-103,-73],[-68,-40],[-86,-40],[-35,-13],[-17,-6],[-17,-6],[-69,-21],[-34,-9],[-17,-5],[-7,-1],[-10,-3],[-121,-24],[-17,-3],[-17,-2],[-34,-5],[-52,-5]],[[35431,19750],[-103,-1],[-52,14],[-69,38],[-72,81],[-29,69],[-2,121],[35,87],[86,83],[68,29],[103,9],[69,-17],[69,-38],[74,-84],[17,-34],[6,-18],[5,-17],[1,-121],[-17,-52],[-19,-35],[-13,-17],[-3,-3],[-12,-14],[-5,-5],[-68,-51],[-69,-24]],[[24692,19583],[-103,5],[-69,15],[-86,32],[-138,82],[-72,61],[-33,34],[-28,35],[-12,17],[-9,14],[-2,4],[-30,52],[-22,52],[-6,17],[-6,17],[-5,17],[-16,139],[22,138],[28,70],[42,69],[62,69],[36,30],[34,24],[17,10],[9,5],[9,5],[68,31],[103,26],[35,5],[17,1],[17,1],[138,-11],[86,-24],[68,-30],[121,-79],[31,-29],[18,-17],[2,-3],[13,-14],[73,-104],[32,-69],[25,-87],[9,-138],[-15,-87],[-10,-34],[-7,-17],[0,-1],[-34,-69],[-50,-69],[-105,-96],[-68,-43],[-69,-31],[-17,-5],[-17,-5],[-18,-5],[-34,-6],[-17,-2],[-17,-2]],[[28455,21246],[-138,4],[-137,30],[-35,12],[-17,7],[-4,2],[-13,5],[-69,35],[-137,100],[-81,85],[-92,138],[-57,139],[-30,138],[-7,87],[0,69],[17,138],[21,87],[35,104],[78,155],[101,139],[121,121],[83,67],[69,48],[51,31],[16,10],[1,0],[17,10],[172,83],[121,42],[189,43],[68,10],[17,2],[4,0],[14,1],[34,3],[69,2],[68,-1],[18,-1],[17,-1],[34,-3],[138,-24],[86,-28],[137,-70],[17,-11],[17,-12],[35,-26],[75,-71],[56,-69],[74,-139],[35,-121],[10,-69],[-3,-139],[-21,-104],[-27,-86],[-53,-121],[-105,-173],[-90,-121],[-60,-70],[-11,-12],[-5,-5],[-16,-17],[-14,-14],[-4,-4],[-17,-17],[-116,-100],[-172,-117],[-172,-88],[-172,-68],[-120,-30],[-120,-15]],[[35500,21991],[-35,1],[-17,1],[-17,1],[-35,5],[-103,23],[-86,31],[-274,116],[-104,32],[-68,12],[-138,-3],[-86,-19],[-154,-53],[-138,-33],[-86,-13],[-137,-10],[-138,2],[-103,12],[-223,56],[-189,69],[-155,83],[-92,70],[-71,69],[-50,69],[-20,35],[-8,17],[-7,17],[-24,87],[-1,138],[32,139],[69,138],[53,69],[69,70],[16,13],[4,4],[30,23],[69,46],[137,68],[104,34],[137,28],[137,11],[258,-1],[206,-26],[86,1],[69,11],[120,36],[172,73],[241,133],[68,37],[18,8],[17,9],[34,16],[35,16],[103,41],[68,20],[18,4],[1,0],[16,4],[34,6],[138,9],[137,-15],[137,-40],[138,-71],[69,-51],[70,-67],[57,-69],[44,-69],[62,-138],[39,-139],[23,-121],[14,-139],[-1,-138],[-18,-138],[-39,-139],[-65,-138],[-83,-114],[-69,-67],[-34,-29],[-18,-13],[-2,-2],[-15,-11],[-120,-72],[-69,-29],[-103,-30],[-154,-16]],[[44022,25403],[-69,10],[-68,24],[-69,38],[-69,54],[-17,16],[-13,13],[-4,5],[-34,39],[-18,22],[-2,3],[-13,17],[-2,4],[-51,83],[-83,173],[-36,104],[-36,156],[-15,173],[5,138],[15,104],[40,208],[19,86],[13,52],[5,17],[4,15],[37,124],[13,34],[7,18],[9,17],[39,69],[67,81],[103,78],[69,30],[68,17],[103,1],[121,-35],[103,-70],[60,-67],[44,-69],[31,-70],[19,-58],[18,-58],[11,-39],[4,-18],[2,-4],[16,-65],[4,-17],[7,-35],[7,-32],[4,-20],[8,-34],[4,-18],[1,-7],[35,-170],[29,-169],[10,-138],[-5,-139],[-17,-121],[-39,-155],[-6,-18],[-7,-17],[0,0],[-14,-35],[-17,-34],[-37,-67],[-69,-92],[-69,-65],[-86,-52],[-2,-1],[-15,-7],[-17,-6],[-35,-10],[-120,-11]],[[34472,4265],[-17,-2],[-17,-2],[-17,-1],[-69,0],[-155,17],[-85,22],[-18,5],[-17,6],[-17,6],[-34,13],[-86,39],[-17,9],[-18,9],[-17,10],[-51,33],[-69,50],[-103,94],[-54,59],[-14,18],[-1,1],[-12,16],[-49,69],[-83,156],[-38,104],[-38,173],[-8,86],[-1,70],[0,17],[1,17],[2,35],[31,173],[16,52],[6,17],[6,17],[7,18],[80,155],[23,35],[13,17],[10,13],[3,5],[29,34],[2,3],[13,15],[21,22],[86,76],[69,48],[138,70],[120,39],[120,20],[138,3],[103,-11],[154,-39],[86,-34],[86,-43],[86,-55],[137,-117],[102,-118],[46,-69],[49,-87],[8,-17],[8,-17],[15,-35],[37,-104],[18,-69],[4,-17],[4,-17],[8,-52],[10,-173],[-8,-104],[-39,-173],[-11,-35],[-7,-17],[-7,-18],[-23,-51],[-84,-139],[-56,-69],[-74,-71],[-137,-98],[-137,-64],[-121,-35],[-86,-13]],[[44971,12071],[-69,-4],[-120,9],[-69,14],[-103,36],[-17,8],[-17,8],[-35,18],[-68,43],[-35,26],[-17,14],[-4,4],[-13,11],[-88,93],[-27,34],[-5,8],[-7,10],[-11,17],[-31,52],[-9,17],[-8,17],[-54,156],[-18,121],[6,139],[3,17],[3,17],[7,35],[16,52],[67,138],[84,104],[20,19],[18,15],[34,27],[69,42],[137,53],[52,11],[17,3],[17,2],[34,3],[69,1],[35,-2],[6,-1],[11,-1],[34,-5],[17,-3],[17,-3],[86,-24],[138,-64],[69,-46],[34,-28],[17,-14],[2,-2],[15,-14],[94,-107],[81,-139],[14,-34],[7,-18],[6,-17],[4,-13],[2,-4],[5,-17],[9,-35],[4,-17],[3,-18],[3,-17],[3,-17],[6,-70],[-1,-69],[-3,-34],[-2,-18],[-2,-17],[-26,-104],[-55,-121],[-94,-121],[-75,-64],[-137,-74],[-155,-38]],[[5227,17780],[-120,-10],[-137,18],[-138,38],[-292,110],[-137,70],[-69,47],[-90,78],[-63,69],[-27,35],[-9,12],[-4,5],[-11,17],[-42,69],[-10,18],[-8,17],[-16,35],[-38,104],[-16,69],[-7,34],[-4,35],[-2,17],[-2,18],[-1,103],[9,87],[23,104],[31,86],[52,104],[103,139],[98,91],[68,50],[35,21],[17,10],[17,9],[120,52],[103,30],[155,20],[103,-2],[120,-16],[121,-34],[137,-62],[34,-20],[18,-11],[17,-11],[69,-51],[97,-94],[30,-34],[13,-18],[13,-17],[83,-138],[53,-139],[26,-138],[5,-104],[-13,-139],[-45,-155],[-65,-156],[-99,-208],[-64,-98],[-103,-104],[-17,-12],[-18,-10],[-17,-10],[-17,-8],[-1,0],[-16,-7],[-52,-15]],[[40349,17955],[-120,-4],[-35,2],[-17,2],[-34,4],[-69,14],[-103,32],[-138,68],[-68,48],[-86,77],[-62,71],[-48,69],[-11,17],[0,1],[-10,17],[-18,35],[-16,34],[-8,18],[-7,17],[-19,52],[-5,17],[-2,8],[-3,9],[-5,18],[-15,69],[-13,121],[-1,17],[0,35],[1,17],[1,18],[2,34],[27,156],[16,52],[12,35],[6,17],[7,17],[8,17],[16,35],[9,17],[0,2],[9,16],[19,34],[101,139],[26,28],[6,6],[11,12],[34,32],[35,30],[16,13],[1,0],[17,13],[138,84],[14,7],[3,1],[17,8],[34,14],[52,19],[155,34],[103,6],[103,-6],[34,-5],[11,-2],[6,-1],[17,-4],[86,-23],[121,-51],[17,-9],[17,-10],[34,-22],[18,-11],[10,-8],[7,-4],[34,-27],[69,-63],[80,-96],[6,-9],[6,-8],[11,-17],[21,-35],[58,-121],[7,-18],[0,0],[6,-17],[16,-52],[8,-34],[4,-18],[3,-17],[4,-17],[9,-70],[3,-121],[-10,-103],[-38,-156],[-34,-87],[-34,-69],[-20,-35],[-11,-17],[-9,-15],[-2,-2],[-51,-69],[-67,-76],[-121,-101],[-137,-79],[-69,-28],[-17,-6],[-35,-11],[-17,-5],[-17,-5],[-5,-1],[-12,-3],[-34,-7],[-18,-3],[-17,-3],[-34,-4]],[[9379,7064],[-189,14],[-69,11],[-34,7],[-16,3],[-1,0],[-17,3],[-52,10],[-378,89],[-172,27],[-68,6],[-52,3],[-17,2],[-17,1],[-35,4],[-120,20],[-52,12],[-17,4],[-17,5],[-17,5],[-52,15],[-34,13],[-15,6],[-2,0],[-69,33],[-86,53],[-83,69],[-63,70],[-84,138],[-44,138],[-11,139],[12,104],[23,86],[56,121],[89,104],[88,65],[17,11],[17,10],[2,1],[33,17],[0,0],[17,9],[18,8],[16,7],[17,8],[224,73],[69,17],[17,3],[17,4],[17,4],[17,3],[155,30],[86,21],[86,32],[34,18],[10,5],[7,5],[18,11],[68,50],[76,73],[62,69],[0,0],[14,17],[26,35],[25,35],[59,121],[95,311],[67,173],[88,173],[154,243],[90,113],[138,125],[120,72],[69,28],[137,32],[69,4],[120,-13],[138,-49],[68,-41],[77,-64],[94,-121],[36,-68],[48,-122],[46,-208],[11,-86],[6,-139],[-6,-121],[-24,-156],[-35,-156],[-62,-242],[-34,-156],[-8,-103],[2,-156],[-8,-173],[-17,-139],[-43,-207],[-55,-156],[-89,-173],[-74,-104],[-127,-138],[-133,-112],[-69,-44],[-120,-54],[-120,-31],[-86,-13],[-69,-5],[-17,0],[-17,-1],[-34,0],[-35,0]],[[6578,9118],[-68,52],[-52,54],[-69,90],[-34,56],[-17,32],[-8,16],[-9,19],[-35,84],[-34,122],[-21,155],[3,139],[23,155],[3,70],[-15,86],[-48,87],[-14,17],[0,0],[-14,17],[-55,64],[-29,40],[-58,121],[-9,35],[-7,35],[-2,17],[-2,17],[-1,17],[-1,18],[-7,34],[-30,70],[-44,69],[-99,121],[-246,277],[-152,162],[-69,84],[-195,273],[-81,104],[-119,135],[-68,70],[-104,86],[-34,25],[-46,30],[-6,3],[-20,14],[-26,18],[-74,55],[-84,83],[-53,69],[-67,121],[-36,104],[-16,69],[-11,139],[16,208],[31,138],[29,87],[55,121],[53,86],[83,118],[86,147],[168,324],[38,90],[92,256],[53,121],[101,173],[50,69],[101,121],[170,171],[207,189],[154,127],[103,68],[35,19],[17,8],[17,9],[17,8],[17,7],[0,0],[18,7],[103,38],[137,38],[138,19],[171,-11],[86,-18],[15,-4],[3,0],[17,-5],[17,-6],[51,-19],[155,-80],[34,-23],[35,-26],[17,-13],[17,-14],[52,-45],[17,-15],[14,-13],[55,-51],[75,-71],[92,-103],[91,-139],[61,-138],[30,-87],[6,-17],[11,-35],[83,-329],[48,-224],[17,-104],[1,-156],[-16,-104],[-87,-319],[-3,-10],[-5,-17],[-9,-33],[-17,-56],[-47,-136],[-22,-96],[-2,-8],[-4,-17],[-5,-17],[-6,-25],[-3,-10],[-6,-17],[-8,-25],[-18,-39],[-68,-73],[-35,-9],[-17,-1],[-17,1],[-103,20],[-103,-17],[-34,-48],[-1,-104],[93,-311],[55,-225],[4,-69],[-35,-139],[-55,-121],[-102,-173],[-74,-104],[-23,-34],[-11,-18],[-6,-10],[-4,-7],[-29,-52],[-105,-227],[-51,-108],[-14,-28],[-3,-7],[-6,-11],[-8,-17],[-17,-35],[-51,-121],[-13,-69],[7,-69],[54,-139],[5,-17],[5,-17],[6,-35],[5,-69],[-21,-156],[7,-104],[31,-69],[64,-105],[35,-72],[54,-169],[20,-121],[4,-104],[-11,-138],[-33,-143],[-69,-161],[-68,-97],[-35,-27],[-69,7]],[[20943,13959],[-120,-6],[-138,0],[-137,12],[-138,24],[-137,39],[-142,62],[-99,69],[-60,70],[-34,69],[-20,104],[3,69],[34,138],[33,87],[73,138],[123,173],[93,104],[90,87],[26,23],[13,11],[4,4],[18,15],[34,29],[34,28],[15,11],[3,2],[68,47],[138,70],[120,41],[86,19],[137,13],[138,-8],[69,-14],[103,-34],[120,-66],[69,-54],[66,-68],[52,-69],[69,-139],[34,-138],[6,-139],[-21,-138],[-29,-87],[-68,-138],[-102,-139],[-67,-69],[-95,-77],[-69,-46],[-137,-67],[-103,-35],[-155,-27]],[[11355,13338],[-137,3],[-86,15],[-332,76],[-153,52],[-94,52],[-37,35],[-20,69],[7,69],[37,156],[31,87],[148,363],[83,138],[76,87],[134,118],[85,60],[86,48],[121,52],[86,27],[137,27],[275,13],[206,40],[395,110],[138,51],[178,94],[153,70],[184,66],[121,35],[34,10],[17,6],[17,5],[224,103],[189,98],[206,121],[51,29],[35,20],[15,8],[2,1],[17,10],[206,102],[138,51],[103,31],[86,21],[17,4],[17,3],[35,7],[34,6],[137,15],[189,-1],[86,-9],[138,-26],[120,-34],[86,-31],[17,-6],[11,-5],[6,-3],[18,-7],[34,-15],[137,-66],[121,-48],[120,-30],[69,-1],[68,24],[78,77],[41,69],[87,173],[46,69],[75,90],[69,63],[137,91],[137,57],[138,30],[86,7],[120,-6],[138,-29],[137,-55],[138,-90],[94,-89],[95,-121],[96,-156],[64,-138],[58,-190],[20,-139],[1,-17],[2,-35],[0,-52],[-15,-138],[-33,-121],[-67,-139],[-49,-69],[-77,-81],[-138,-102],[-86,-50],[-120,-55],[-86,-30],[-17,-5],[-17,-5],[-3,-1],[-15,-4],[-34,-8],[-69,-14],[-206,-25],[-103,-18],[-173,-52],[-119,-55],[-332,-256],[-12,-8],[-13,-10],[-50,-34],[-51,-35],[-92,-60],[-86,-51],[-34,-19],[-17,-8],[-18,-9],[-68,-31],[-103,-39],[-207,-65],[-171,-39],[-172,-22],[-138,-5],[-189,10],[-137,19],[-206,47],[-172,56],[-86,35],[-602,263],[-154,55],[-224,49],[-240,36],[-69,4],[-69,-11],[-120,-46],[-120,-72],[-155,-116],[-103,-104],[-227,-258],[-116,-104],[-138,-91],[-137,-68],[-86,-31],[-138,-25]],[[7695,12208],[-34,1],[-17,2],[-17,3],[-52,21],[-53,55],[-12,35],[3,69],[10,30],[9,22],[7,17],[2,4],[34,59],[34,27],[121,31],[68,29],[241,129],[69,71],[59,135],[70,138],[146,221],[68,121],[56,126],[24,103],[5,139],[-15,138],[-78,416],[-9,138],[4,121],[18,139],[23,104],[63,173],[63,121],[173,290],[178,263],[32,70],[19,104],[-6,138],[-47,346],[-32,329],[-3,190],[10,139],[24,138],[42,121],[33,70],[64,103],[115,139],[73,69],[116,90],[121,73],[171,88],[121,54],[272,110],[364,167],[206,75],[72,35],[71,52],[78,104],[119,242],[18,35],[10,17],[10,16],[1,2],[49,69],[70,79],[137,113],[121,70],[120,50],[69,17],[120,8],[86,-11],[137,-47],[69,-42],[57,-47],[60,-69],[41,-69],[28,-70],[22,-121],[-13,-138],[-56,-139],[-93,-138],[-95,-104],[-71,-61],[-155,-113],[-240,-165],[-86,-92],[-40,-71],[-44,-121],[-27,-156],[-20,-207],[-15,-104],[-33,-139],[-16,-51],[-5,-18],[-6,-17],[0,-1],[-6,-16],[-74,-173],[-84,-156],[-81,-121],[-105,-139],[-97,-119],[-155,-173],[-137,-140],[-121,-115],[-104,-93],[-61,-69],[-37,-87],[-3,-69],[15,-173],[5,-139],[-3,-173],[-9,-207],[-4,-260],[9,-173],[55,-398],[17,-91],[35,-111],[34,-59],[73,-85],[27,-52],[1,-104],[-54,-138],[-180,-312],[-95,-138],[-60,-69],[-107,-92],[-69,-43],[-138,-63],[-137,-46],[-120,-30],[-138,-23],[-137,-9],[-206,9],[-207,0],[-206,-21],[-292,-3],[-69,-19],[-189,-84],[-223,-113],[-69,-13]],[[23521,14707],[-104,4],[-137,24],[-120,40],[-138,71],[-68,47],[-104,89],[-68,77],[-51,69],[-76,139],[-33,86],[-40,173],[-7,122],[12,138],[20,87],[44,121],[17,34],[9,18],[9,17],[121,173],[95,103],[137,115],[121,72],[68,31],[121,38],[103,16],[137,0],[86,-15],[86,-26],[138,-70],[137,-97],[155,-116],[103,-53],[69,-14],[68,12],[35,23],[34,50],[34,104],[15,138],[-6,104],[-2,18],[-2,17],[-3,17],[-3,18],[-3,17],[-3,17],[-60,208],[-1,3],[-5,14],[-12,35],[-14,34],[-8,18],[-8,17],[-8,17],[-18,35],[-9,17],[-10,17],[-9,18],[-21,34],[-119,190],[-17,27],[-5,8],[-11,18],[-18,28],[-16,24],[-88,112],[-34,36],[-8,7],[-9,10],[-8,8],[-9,9],[-17,18],[-63,76],[-13,18],[-10,15],[-2,2],[-22,35],[-72,138],[-29,69],[-6,18],[-6,17],[-1,1],[-6,16],[-27,121],[5,156],[21,87],[34,86],[81,139],[84,121],[153,207],[37,70],[8,17],[5,14],[2,3],[22,87],[3,17],[1,17],[2,35],[-3,69],[-25,121],[-42,156],[-4,17],[-6,35],[-5,35],[-13,138],[-2,104],[0,17],[1,18],[2,34],[8,69],[17,87],[32,104],[54,121],[51,86],[47,70],[12,17],[13,17],[5,7],[8,11],[25,34],[96,121],[95,105],[171,162],[18,14],[17,14],[17,13],[34,26],[233,151],[283,204],[172,107],[137,72],[69,24],[69,12],[68,-9],[69,-55],[86,-167],[36,-102],[43,-173],[26,-138],[10,-138],[-9,-139],[-19,-156],[-17,-190],[-21,-156],[-12,-69],[-15,-69],[-3,-18],[-4,-17],[-4,-17],[-53,-208],[-95,-311],[-32,-121],[-15,-70],[-4,-17],[-1,-7],[-3,-10],[-4,-18],[-12,-52],[-21,-103],[-12,-122],[-2,-173],[-3,-69],[-3,-34],[-1,-18],[-2,-17],[-13,-104],[-32,-173],[-7,-69],[4,-104],[28,-104],[42,-69],[64,-69],[114,-87],[207,-124],[34,-20],[17,-11],[1,-1],[16,-10],[69,-47],[109,-81],[108,-104],[54,-69],[64,-121],[39,-139],[17,-138],[-1,-138],[-15,-122],[-44,-155],[-66,-139],[-44,-69],[-27,-35],[-14,-17],[-8,-10],[-7,-7],[-16,-18],[-239,-225],[-64,-86],[-54,-121],[-16,-87],[-5,-69],[-2,-87],[-1,-34],[-1,-17],[-1,-18],[-28,-155],[-39,-104],[-35,-70],[-21,-34],[-12,-17],[-9,-14],[-2,-4],[-85,-104],[-68,-65],[-86,-68],[-137,-84],[-138,-62],[-68,-22],[-138,-22],[-137,4],[-155,33],[-120,37],[-223,82],[-35,8],[-17,3],[-8,1],[-9,1],[-69,3],[-137,-14],[-18,-3],[-17,-4],[-2,-1],[-15,-3],[-34,-10],[-52,-16],[-103,-44],[-155,-81],[-86,-39],[-137,-40],[-69,-10],[-34,-4],[-17,0],[-17,-1]],[[6871,16663],[-138,2],[-17,1],[-17,1],[-35,2],[-120,18],[-155,47],[-86,40],[-85,54],[-97,83],[-58,69],[-43,69],[-31,70],[-23,86],[-10,139],[1,17],[3,17],[10,52],[47,87],[29,30],[17,19],[2,3],[15,17],[69,86],[23,70],[-40,69],[-69,24],[-17,0],[-17,-2],[-18,-6],[-34,-23],[-12,-11],[-5,-5],[-22,-29],[-10,-17],[-10,-18],[-10,-15],[-1,-2],[-11,-17],[-55,-87],[-53,-43],[-34,-16],[-26,-10],[-9,-3],[-17,-6],[-86,-24],[-17,-4],[-17,-4],[-35,-7],[-51,-10],[-120,-20],[-86,-7],[-138,10],[-137,26],[-69,16],[-34,9],[-17,5],[-35,10],[-155,67],[-34,19],[-17,10],[-17,10],[-52,31],[-154,103],[-35,25],[-17,13],[-10,8],[-7,6],[-17,14],[-17,14],[-1,1],[-34,32],[-69,73],[-89,119],[-11,18],[-11,17],[-20,35],[-65,138],[-7,17],[-12,35],[-6,17],[-5,18],[-10,34],[-17,69],[-4,18],[-3,17],[-5,35],[-12,121],[4,156],[20,138],[22,86],[36,104],[16,35],[8,17],[9,18],[53,86],[66,87],[95,98],[137,103],[121,63],[103,38],[154,32],[138,5],[137,-17],[172,-46],[103,-38],[241,-117],[69,-21],[34,-4],[17,-1],[17,1],[17,2],[69,20],[52,31],[68,74],[169,227],[72,91],[173,203],[27,34],[13,18],[10,14],[35,44],[86,91],[68,52],[138,66],[69,19],[17,3],[17,3],[34,4],[121,-3],[137,-35],[138,-77],[68,-59],[86,-105],[80,-156],[51,-138],[54,-191],[12,-52],[3,-17],[3,-17],[12,-69],[17,-156],[5,-139],[-5,-138],[-15,-138],[-42,-277],[-49,-173],[-45,-104],[-81,-143],[-30,-48],[-12,-17],[-9,-14],[-204,-263],[-61,-86],[-39,-70],[-26,-69],[-5,-104],[29,-69],[87,-156],[30,-69],[34,-121],[12,-138],[-13,-121],[-50,-139],[-69,-77],[-69,-41],[-69,-20],[-34,-5],[-17,-1],[-17,0]],[[28435,20902],[-120,-1],[-138,10],[-155,26],[-34,9],[-17,5],[-17,5],[-52,17],[-17,6],[-17,6],[-35,15],[-68,33],[-69,41],[-86,65],[-81,81],[-51,69],[-78,156],[-6,17],[-6,18],[-6,17],[-18,69],[-15,69],[-6,35],[-3,17],[-3,18],[-9,86],[-4,69],[3,139],[16,138],[38,156],[66,156],[10,17],[9,17],[32,52],[47,69],[108,139],[95,104],[85,79],[138,106],[103,64],[137,68],[189,67],[138,36],[172,34],[240,29],[138,9],[137,0],[35,-2],[34,-2],[17,-2],[138,-22],[86,-23],[120,-53],[69,-46],[72,-65],[55,-70],[71,-138],[32,-104],[28,-190],[3,-173],[-10,-87],[-39,-156],[-48,-121],[-35,-69],[-65,-104],[-53,-69],[-110,-121],[-17,-17],[-5,-6],[-11,-12],[-34,-34],[-101,-104],[-140,-139],[-92,-84],[-2,-2],[-15,-14],[-34,-31],[-27,-24],[-59,-54],[-138,-113],[-103,-65],[-120,-58],[-86,-29],[-120,-26],[-86,-8]],[[23062,21843],[-57,6],[-103,27],[-103,50],[-69,50],[-130,127],[-56,69],[-52,86],[-37,104],[-9,69],[5,70],[19,69],[34,69],[52,69],[73,70],[118,82],[138,73],[120,35],[138,6],[137,-27],[137,-67],[100,-85],[55,-69],[40,-70],[45,-138],[10,-139],[-12,-86],[-33,-104],[-35,-69],[-84,-108],[-68,-60],[-138,-74],[-86,-25],[-149,-10]],[[3262,22279],[-137,2],[-121,30],[-68,31],[-69,45],[-80,79],[-74,121],[-34,104],[-16,156],[15,138],[36,121],[67,139],[74,104],[81,86],[137,107],[138,71],[103,30],[120,8],[155,-27],[86,-35],[85,-55],[54,-47],[60,-69],[75,-139],[28,-103],[9,-87],[-9,-121],[-41,-139],[-39,-86],[-74,-121],[-55,-69],[-76,-77],[-138,-100],[-137,-63],[-155,-34]],[[19208,24418],[-52,6],[-120,31],[-86,33],[-69,39],[-93,85],[-47,69],[-9,17],[-5,11],[-3,7],[-14,34],[-17,70],[0,121],[17,69],[31,69],[51,69],[72,63],[69,38],[103,32],[137,5],[86,-17],[126,-51],[158,-87],[80,-69],[49,-69],[23,-70],[0,-69],[-20,-69],[-29,-52],[-9,-13],[-3,-4],[-11,-18],[-26,-34],[-92,-104],[-91,-81],[-69,-40],[-69,-18],[-68,-3]],[[1149,25558],[-69,21],[-34,19],[-1,0],[-17,12],[-27,23],[-57,69],[-29,69],[-2,70],[47,58],[68,15],[103,-23],[69,-42],[46,-43],[6,-7],[8,-10],[28,-35],[25,-35],[31,-69],[-9,-34],[-51,-35],[-58,-17],[-77,-6]],[[2472,24984],[-69,2],[-120,23],[-69,29],[-69,45],[-69,65],[-120,128],[-192,184],[-73,86],[-25,87],[20,69],[38,69],[129,178],[35,55],[137,269],[94,208],[87,173],[52,87],[8,10],[4,7],[24,34],[55,70],[106,105],[137,96],[11,6],[6,4],[17,8],[35,17],[68,28],[121,35],[103,16],[34,3],[17,1],[18,1],[137,-6],[34,-4],[18,-3],[17,-3],[69,-15],[34,-9],[10,-3],[7,-3],[17,-5],[52,-19],[137,-68],[134,-96],[72,-69],[102,-138],[35,-70],[8,-17],[7,-17],[12,-35],[34,-138],[8,-139],[-8,-104],[-32,-155],[-5,-18],[-6,-17],[-6,-17],[-19,-52],[-67,-139],[-52,-86],[-48,-69],[-26,-35],[-14,-17],[-8,-11],[-6,-7],[-80,-88],[-103,-95],[-121,-87],[-86,-52],[-206,-104],[-206,-85],[-189,-64],[-120,-30],[-86,-9]],[[21012,25807],[-69,14],[-69,32],[-85,77],[-73,118],[-27,70],[-4,12],[-1,5],[-5,17],[-10,35],[-40,225],[-16,69],[-5,17],[-5,18],[-9,34],[-35,87],[-76,121],[-57,69],[-16,17],[-17,17],[0,1],[-86,79],[-120,84],[-69,34],[-292,93],[-68,36],[-69,51],[-66,73],[-42,69],[-47,138],[-9,87],[4,69],[22,104],[55,121],[83,106],[69,59],[68,43],[138,51],[103,12],[120,-12],[138,-52],[68,-47],[73,-73],[63,-87],[74,-121],[32,-69],[74,-191],[54,-104],[76,-103],[31,-35],[4,-5],[12,-12],[6,-6],[17,-17],[34,-32],[17,-15],[18,-13],[17,-13],[11,-8],[6,-4],[34,-22],[35,-19],[15,-7],[2,-1],[69,-30],[9,-4],[8,-3],[17,-7],[34,-13],[121,-43],[68,-34],[69,-50],[86,-92],[34,-52],[19,-34],[8,-18],[7,-17],[18,-52],[16,-69],[7,-121],[-1,-18],[-1,-17],[-5,-35],[-34,-121],[-55,-104],[-25,-34],[-15,-17],[-7,-10],[-8,-8],[-10,-10],[-34,-35],[-69,-66],[-12,-10],[-5,-5],[-17,-14],[-17,-14],[-69,-50],[-34,-21],[-18,-10],[-14,-7],[-3,-2],[-86,-34],[-68,-14],[-69,-1]],[[33194,658],[-85,9],[-121,42],[-68,42],[-86,78],[-57,74],[-40,69],[-47,122],[-19,86],[-11,121],[3,87],[1,17],[2,17],[6,35],[24,104],[48,121],[38,69],[23,35],[11,16],[1,1],[68,80],[69,62],[69,47],[137,61],[138,21],[137,-16],[69,-24],[68,-36],[69,-52],[69,-73],[26,-35],[12,-18],[10,-17],[36,-69],[37,-104],[15,-69],[11,-104],[0,-69],[-1,-18],[-1,-17],[-4,-35],[-5,-34],[-15,-69],[-34,-104],[-73,-139],[-66,-88],[-68,-69],[-69,-54],[-69,-41],[-137,-51],[-121,-11]],[[34105,4357],[-120,8],[-35,6],[-17,4],[-17,5],[-51,18],[-69,34],[-69,49],[-73,74],[-47,69],[-18,34],[-8,18],[-8,17],[-35,121],[-9,69],[-2,35],[-1,17],[1,18],[12,121],[34,121],[28,69],[6,11],[3,6],[14,29],[30,58],[39,68],[17,28],[5,8],[12,17],[0,1],[34,48],[69,80],[69,62],[69,46],[68,33],[86,24],[69,5],[69,-5],[34,-6],[17,-4],[17,-5],[104,-36],[137,-69],[113,-87],[70,-87],[6,-10],[4,-7],[10,-17],[18,-35],[35,-104],[12,-69],[2,-139],[-3,-34],[-2,-17],[-3,-18],[-14,-69],[-28,-87],[-14,-34],[-7,-17],[-8,-18],[-71,-121],[-55,-69],[-65,-67],[-69,-56],[-120,-73],[-17,-8],[-9,-4],[-8,-3],[-35,-14],[-51,-17],[-17,-4],[-18,-5],[-17,-3],[-34,-6],[-69,-7]],[[40411,6304],[-86,17],[-120,54],[-101,83],[-53,69],[-35,70],[-26,121],[9,86],[29,70],[39,52],[69,53],[69,29],[86,16],[137,-11],[103,-38],[122,-84],[60,-69],[39,-70],[30,-103],[2,-70],[-14,-69],[-34,-69],[-45,-52],[-74,-50],[-51,-20],[-86,-16],[-69,1]],[[35909,9949],[-154,16],[-121,44],[-34,19],[-17,11],[-17,12],[-69,61],[-34,39],[-21,28],[-12,17],[-70,139],[-35,121],[-13,69],[-8,69],[-2,35],[-1,17],[-1,18],[0,17],[0,17],[0,35],[1,17],[0,17],[2,35],[1,35],[15,190],[4,35],[3,17],[2,17],[10,52],[7,35],[4,17],[5,17],[19,70],[61,155],[104,208],[9,17],[10,18],[9,16],[0,1],[10,17],[7,12],[17,32],[118,233],[53,139],[5,17],[5,17],[5,17],[13,52],[4,18],[3,17],[5,35],[4,69],[-12,86],[-25,70],[-64,138],[-30,87],[-11,138],[3,35],[2,17],[3,17],[14,69],[22,70],[36,69],[52,69],[70,64],[69,44],[68,31],[52,16],[5,1],[12,3],[35,6],[154,9],[103,-4],[155,-15],[103,-18],[120,-29],[17,-5],[18,-5],[34,-11],[52,-17],[154,-64],[138,-77],[154,-123],[123,-135],[130,-190],[84,-156],[46,-104],[38,-138],[15,-139],[-7,-138],[-12,-69],[-22,-87],[-5,-17],[-6,-17],[-6,-18],[-59,-138],[-71,-139],[-48,-86],[-10,-17],[-1,-1],[-10,-17],[-31,-52],[-100,-155],[-23,-35],[-12,-17],[-12,-18],[-12,-17],[-94,-121],[-14,-17],[-1,-1],[-14,-17],[-31,-34],[-161,-160],[-52,-52],[-12,-13],[-5,-5],[-11,-13],[-16,-17],[-7,-8],[-8,-9],[-15,-17],[-29,-35],[-14,-17],[-3,-4],[-11,-14],[-13,-17],[-10,-14],[-3,-3],[-12,-18],[-38,-52],[-50,-65],[-35,-43],[-17,-21],[-8,-9],[-9,-11],[-35,-41],[-68,-71],[-69,-61],[-8,-6],[-9,-8],[-17,-13],[-35,-25],[-103,-64],[-120,-56],[-120,-34],[-69,-10],[-17,-2],[-18,-1],[-17,0]],[[45154,11658],[-35,0],[-17,0],[-17,1],[-34,4],[-35,6],[-51,14],[-86,38],[-121,90],[-41,47],[-10,13],[-3,4],[-12,17],[-21,35],[-18,34],[-8,18],[-8,17],[-33,121],[0,3],[-2,15],[-4,34],[0,69],[7,70],[36,121],[34,69],[83,109],[69,60],[69,42],[69,29],[137,27],[120,-7],[121,-38],[68,-38],[69,-54],[17,-17],[9,-9],[8,-9],[8,-9],[28,-34],[67,-121],[1,-2],[5,-16],[12,-34],[15,-69],[7,-122],[-3,-34],[-2,-17],[-3,-18],[-7,-34],[-4,-18],[-5,-17],[-18,-52],[-34,-69],[-84,-110],[-68,-59],[-69,-43],[-69,-29],[-137,-28]],[[49277,12025],[-85,6],[-86,19],[-121,52],[-68,47],[-91,89],[-48,70],[-35,69],[-33,104],[-11,69],[4,138],[20,87],[54,121],[22,35],[12,17],[3,3],[11,14],[40,45],[69,59],[120,66],[103,31],[138,11],[86,-11],[103,-30],[120,-66],[111,-105],[58,-86],[39,-87],[16,-52],[4,-17],[3,-17],[6,-35],[4,-52],[-1,-52],[-3,-34],[-2,-18],[-3,-17],[-12,-52],[-17,-52],[-31,-69],[-45,-69],[-13,-18],[-11,-13],[-4,-4],[-30,-33],[-121,-90],[-68,-33],[-121,-33],[-86,-7]],[[41889,12232],[-120,6],[-121,32],[-68,32],[-69,45],[-69,61],[-47,55],[-54,87],[-35,86],[-17,70],[-9,86],[8,121],[36,121],[34,70],[76,103],[77,70],[120,69],[138,40],[137,5],[69,-10],[103,-32],[69,-34],[68,-47],[82,-78],[70,-104],[38,-86],[28,-139],[-5,-138],[-20,-87],[-54,-121],[-48,-69],[-91,-90],[-68,-47],[-69,-34],[-120,-35],[-69,-8]],[[30531,11038],[-103,3],[-86,11],[-137,34],[-103,40],[-121,65],[-68,47],[-18,14],[-17,13],[-34,30],[-109,113],[-139,155],[-79,58],[-68,30],[-18,5],[-34,10],[-34,8],[-17,3],[-18,4],[-17,3],[-17,3],[-17,2],[-103,10],[-310,13],[-137,14],[-120,23],[-172,49],[-86,32],[-17,6],[-9,4],[-8,4],[-18,7],[-34,16],[-17,8],[-17,8],[-155,86],[-120,85],[-138,122],[-89,97],[-14,17],[-14,18],[-27,34],[-37,52],[-116,190],[-58,122],[-46,121],[-37,138],[-18,104],[-9,138],[5,139],[17,121],[11,52],[13,52],[5,17],[5,18],[6,17],[32,86],[23,52],[26,52],[10,17],[10,18],[83,121],[65,74],[103,93],[172,118],[85,48],[35,19],[17,8],[17,9],[35,17],[274,127],[207,84],[51,19],[17,7],[1,0],[17,6],[51,18],[52,18],[103,33],[154,39],[155,22],[17,2],[35,2],[34,1],[69,0],[103,-7],[137,-22],[17,-4],[18,-4],[17,-4],[34,-9],[52,-15],[86,-30],[51,-21],[17,-7],[18,-8],[137,-70],[17,-10],[17,-9],[52,-31],[86,-55],[103,-73],[157,-125],[111,-104],[116,-121],[126,-156],[66,-104],[99,-190],[53,-139],[74,-277],[5,-17],[4,-17],[5,-18],[5,-17],[5,-17],[16,-52],[0,-1],[5,-16],[5,-18],[5,-17],[2,-7],[68,-218],[77,-208],[18,-52],[6,-17],[3,-9],[9,-26],[8,-25],[27,-78],[32,-122],[13,-86],[5,-139],[-18,-155],[-32,-121],[-13,-35],[-7,-17],[-31,-70],[-84,-138],[-56,-69],[-76,-77],[-18,-15],[-14,-12],[-3,-2],[-34,-27],[-52,-35],[-86,-49],[-120,-51],[-103,-29],[-17,-3],[-17,-3],[-18,-3],[-17,-3],[-103,-9]],[[33212,14421],[-52,0],[-86,18],[-69,29],[-68,48],[-68,76],[-36,69],[-18,69],[-2,70],[16,69],[55,86],[104,67],[69,15],[69,1],[120,-33],[69,-40],[52,-44],[53,-69],[33,-70],[15,-69],[-1,-69],[-29,-87],[-72,-81],[-68,-37],[-86,-18]],[[40824,17882],[-52,-2],[-17,1],[-17,1],[-35,4],[-17,3],[-17,4],[-34,9],[-18,6],[-17,6],[-17,6],[-17,7],[-17,8],[-18,8],[-12,6],[-5,2],[-17,9],[-17,10],[-17,10],[-17,10],[-35,22],[-86,62],[-154,140],[-108,116],[-69,86],[-55,87],[-34,69],[-8,18],[-13,34],[-13,35],[-17,52],[-37,155],[-16,139],[-1,17],[0,17],[-1,35],[0,17],[1,18],[1,34],[9,121],[27,139],[22,69],[2,8],[4,9],[14,32],[1,3],[8,17],[8,15],[21,37],[24,35],[13,17],[10,12],[18,18],[5,5],[12,10],[17,14],[69,41],[68,26],[121,20],[68,0],[138,-16],[86,-21],[34,-10],[17,-6],[35,-13],[17,-6],[10,-5],[7,-2],[17,-8],[69,-33],[86,-49],[120,-84],[151,-135],[66,-69],[16,-18],[8,-9],[7,-8],[95,-138],[60,-139],[33,-156],[5,-103],[-15,-139],[-67,-225],[-67,-155],[-17,-33],[-1,-2],[-10,-17],[-10,-18],[-10,-17],[-55,-76],[-69,-73],[-68,-52],[-69,-38],[-137,-36]],[[35737,19063],[-120,-5],[-17,0],[-17,1],[-35,2],[-68,8],[-86,18],[-103,32],[-138,65],[-68,45],[-104,87],[-62,70],[-49,69],[-70,138],[-32,104],[-20,139],[2,138],[17,104],[35,121],[65,138],[94,139],[62,69],[113,101],[69,48],[154,82],[172,58],[121,26],[137,11],[69,-3],[17,-1],[17,-2],[155,-34],[154,-68],[155,-105],[83,-78],[102,-139],[64,-138],[36,-139],[11,-121],[-7,-121],[-40,-173],[-51,-121],[-83,-139],[-86,-103],[-80,-78],[-121,-91],[-86,-50],[-120,-51],[-120,-33],[-121,-20]],[[32026,21540],[-120,14],[-121,49],[-68,50],[-63,69],[-40,69],[-29,121],[4,69],[36,104],[75,125],[119,221],[33,52],[23,35],[12,17],[87,114],[69,77],[197,190],[112,120],[69,53],[69,34],[69,20],[68,5],[69,-10],[69,-31],[51,-43],[51,-79],[25,-86],[14,-121],[2,-139],[-5,-69],[-2,-17],[-3,-18],[-2,-17],[-33,-139],[-64,-155],[-51,-84],[-68,-89],[-121,-140],[-258,-259],[-69,-54],[-120,-48],[-86,-10]],[[35755,22301],[-52,2],[-120,27],[-138,67],[-68,50],[-91,88],[-47,58],[-236,323],[-89,156],[-36,104],[-22,155],[6,87],[33,121],[36,69],[85,99],[6,5],[11,9],[34,25],[35,21],[120,46],[86,16],[17,1],[17,1],[35,1],[137,-14],[86,-21],[120,-48],[155,-93],[137,-117],[61,-69],[45,-69],[67,-156],[36,-121],[20,-122],[4,-138],[-9,-86],[-19,-87],[-48,-121],[-43,-69],[-79,-88],[-69,-50],[-69,-33],[-68,-20],[-86,-9]],[[34387,4687],[-120,-1],[-86,12],[-103,29],[-138,66],[-68,48],[-66,57],[-61,70],[-47,69],[-65,138],[-19,70],[-4,17],[-4,17],[-5,35],[-4,138],[8,69],[25,104],[6,18],[7,17],[7,17],[33,69],[43,70],[56,69],[72,70],[69,50],[138,70],[120,34],[120,14],[69,-2],[34,-3],[17,-2],[18,-2],[154,-42],[138,-72],[86,-67],[63,-65],[53,-70],[72,-138],[35,-121],[13,-156],[-5,-69],[-2,-17],[-3,-18],[-3,-17],[-36,-121],[-74,-139],[-53,-69],[-95,-90],[-17,-13],[-17,-13],[-34,-23],[-35,-20],[-17,-9],[-10,-5],[-7,-3],[-69,-29],[-120,-32],[-69,-9]],[[35899,9512],[-34,-3],[-17,-1],[-18,0],[-34,0],[-137,17],[-103,32],[-69,31],[-86,52],[0,0],[-17,12],[-17,14],[-35,29],[-16,14],[-1,2],[-16,16],[-46,52],[-101,155],[-55,122],[-34,103],[-32,173],[-5,139],[12,138],[16,87],[37,121],[6,17],[7,18],[15,34],[16,35],[8,15],[1,2],[9,17],[42,70],[86,111],[17,19],[8,8],[9,9],[34,33],[12,10],[6,5],[17,14],[34,26],[17,13],[17,11],[1,0],[17,11],[127,76],[198,138],[90,87],[87,104],[16,17],[14,14],[3,3],[32,30],[34,30],[17,14],[17,13],[0,0],[52,36],[86,50],[120,51],[103,27],[17,3],[18,3],[34,4],[69,2],[68,-8],[69,-25],[35,-26],[13,-13],[12,-18],[29,-69],[4,-17],[2,-18],[3,-34],[-1,-69],[-4,-35],[-2,-17],[-3,-18],[-17,-69],[-37,-104],[-105,-207],[-23,-87],[-9,-104],[-1,-17],[-1,-17],[-1,-35],[-1,-69],[-1,-35],[0,-17],[-1,-17],[0,-70],[-1,-34],[0,-18],[0,-17],[0,-17],[0,-17],[0,-35],[0,-35],[0,-17],[1,-17],[2,-104],[-2,-69],[-3,-35],[-2,-17],[-2,-18],[-42,-190],[-54,-138],[-67,-121],[-99,-131],[-86,-82],[-17,-13],[-17,-13],[-6,-4],[-11,-8],[-18,-11],[-68,-39],[-121,-46],[-120,-24]],[[45109,11294],[-137,-7],[-69,12],[-86,31],[-137,86],[-138,107],[-69,65],[-82,94],[-49,70],[-68,121],[-37,86],[-33,104],[-29,156],[-5,69],[-1,17],[0,18],[-1,17],[-1,17],[-23,467],[-8,70],[-9,34],[-6,18],[-8,16],[-27,36],[-58,51],[-36,35],[-17,17],[0,0],[-16,18],[-28,34],[-14,18],[-11,15],[-1,2],[-68,121],[-20,69],[1,35],[2,7],[5,10],[13,12],[68,19],[138,-12],[34,-9],[17,-5],[18,-5],[51,-18],[17,-7],[17,-7],[35,-17],[69,-38],[50,-34],[1,-1],[17,-13],[5,-3],[22,-18],[63,-34],[31,-12],[15,-5],[19,-5],[63,-13],[139,-17],[124,-11],[35,-3],[17,-1],[17,-1],[34,-2],[35,-3],[103,-18],[120,-39],[69,-32],[34,-19],[35,-21],[9,-6],[8,-5],[69,-50],[34,-29],[2,-2],[15,-14],[17,-16],[35,-36],[62,-73],[25,-34],[12,-18],[11,-17],[41,-69],[63,-139],[17,-52],[6,-17],[5,-17],[4,-18],[16,-69],[3,-17],[3,-17],[4,-35],[7,-190],[-17,-139],[-31,-121],[-58,-138],[-96,-139],[-94,-90],[-104,-69],[-137,-60],[-172,-48]],[[29318,12096],[-34,0],[-17,1],[-8,1],[-10,0],[-68,9],[-138,40],[-137,74],[-35,26],[-8,6],[-9,8],[-17,15],[-47,47],[-56,69],[-52,86],[-31,70],[-18,52],[-2,8],[-2,9],[-9,34],[-16,156],[10,121],[16,70],[37,103],[67,122],[53,69],[67,67],[69,54],[86,52],[69,31],[17,6],[17,6],[17,6],[86,21],[17,3],[35,4],[34,3],[17,1],[17,0],[35,-1],[68,-6],[69,-13],[35,-9],[17,-5],[17,-6],[17,-6],[138,-70],[68,-52],[38,-34],[17,-18],[14,-15],[2,-2],[14,-17],[51,-69],[68,-139],[3,-7],[3,-10],[11,-35],[12,-52],[11,-69],[4,-69],[-1,-18],[0,-17],[-2,-34],[-10,-70],[-27,-103],[-54,-122],[-32,-52],[-12,-17],[-7,-10],[-5,-7],[-28,-35],[-35,-39],[-13,-13],[-4,-4],[-18,-16],[-17,-14],[0,-1],[-34,-27],[-10,-7],[-7,-5],[-18,-12],[-34,-22],[-17,-9],[-6,-4],[-11,-6],[-18,-8],[-51,-23],[-138,-39],[-68,-10],[-17,-1],[-18,-1],[-17,0]],[[41827,11991],[-103,1],[-120,16],[-120,32],[-138,61],[-137,91],[-86,79],[-110,138],[-72,139],[-36,103],[-28,156],[-2,104],[2,35],[4,34],[1,12],[1,6],[3,17],[19,86],[36,104],[75,139],[52,69],[72,76],[69,58],[137,84],[120,49],[86,23],[155,19],[137,-5],[172,-37],[121,-47],[137,-81],[91,-70],[81,-69],[17,-16],[1,-1],[18,-18],[17,-17],[58,-69],[54,-87],[8,-17],[8,-17],[13,-35],[22,-87],[8,-69],[-5,-138],[-42,-225],[-29,-87],[-39,-86],[-30,-52],[-23,-35],[-13,-17],[-9,-12],[-4,-5],[-77,-87],[-108,-89],[-69,-43],[-137,-63],[-120,-33],[-138,-17]],[[39473,18321],[-86,-2],[-86,9],[-17,4],[-17,5],[-28,8],[-39,17],[-45,35],[-11,35],[16,34],[44,35],[34,17],[29,11],[17,6],[2,0],[84,18],[69,5],[17,0],[17,0],[17,-1],[18,-1],[17,-2],[87,-19],[44,-17],[29,-17],[12,-11],[7,-7],[15,-34],[-4,-17],[-1,-3],[-9,-15],[-40,-34],[-77,-35],[-12,-3],[-17,-5],[-17,-4],[-17,-4],[-52,-8]],[[40539,18185],[-138,1],[-155,33],[-120,62],[-97,99],[-50,86],[-9,52],[0,17],[2,18],[2,17],[25,86],[67,156],[100,139],[90,86],[94,69],[137,71],[172,51],[137,15],[69,-1],[34,-3],[18,-3],[17,-2],[68,-15],[18,-5],[17,-5],[34,-13],[35,-16],[8,-4],[9,-5],[20,-13],[14,-9],[17,-12],[35,-31],[16,-17],[1,-1],[13,-16],[12,-17],[34,-70],[14,-69],[-10,-138],[-4,-18],[-5,-17],[-12,-35],[-30,-69],[-19,-34],[-10,-18],[0,0],[-11,-17],[-51,-69],[-31,-35],[-10,-11],[-6,-6],[-18,-17],[-38,-35],[-20,-17],[-4,-4],[-18,-13],[-1,-1],[-50,-35],[-34,-21],[-18,-10],[-34,-19],[-86,-38],[-120,-36],[-86,-15],[-17,-2],[-17,-1]],[[3372,25694],[-103,-4],[-137,19],[-35,9],[-34,11],[-16,6],[-1,0],[-138,70],[-68,52],[-84,85],[-90,139],[-50,138],[-22,156],[9,138],[3,18],[4,17],[8,34],[36,104],[65,121],[52,70],[86,85],[137,93],[69,32],[17,7],[17,6],[35,11],[137,25],[52,3],[17,0],[17,0],[34,-2],[138,-26],[137,-56],[103,-68],[65,-58],[59,-70],[25,-34],[6,-10],[5,-8],[10,-17],[35,-69],[36,-104],[23,-156],[-5,-121],[-37,-156],[-29,-69],[-38,-69],[0,0],[-11,-17],[-11,-18],[-12,-17],[-58,-69],[-80,-74],[-137,-87],[-120,-46],[-121,-24]],[[29073,11901],[-120,-5],[-138,11],[-85,17],[-155,54],[-52,24],[-34,19],[-8,4],[-9,5],[-69,42],[-34,24],[-17,12],[-5,3],[-13,9],[-34,26],[-125,104],[-135,138],[-93,121],[-11,18],[-11,17],[-3,5],[-7,12],[-20,35],[-18,35],[-31,69],[-18,52],[-6,17],[-5,17],[-4,18],[-22,138],[-1,17],[0,18],[2,34],[6,52],[43,139],[76,121],[59,69],[130,121],[5,5],[16,13],[18,15],[35,28],[10,8],[7,6],[14,12],[42,34],[43,35],[348,280],[68,52],[35,25],[33,24],[18,13],[6,4],[11,9],[60,43],[95,70],[86,57],[103,51],[34,13],[18,6],[17,5],[17,5],[86,17],[137,3],[121,-19],[137,-51],[69,-38],[17,-11],[17,-12],[35,-26],[58,-53],[79,-91],[17,-22],[6,-8],[11,-16],[18,-24],[34,-50],[9,-14],[8,-13],[3,-4],[11,-17],[20,-35],[37,-69],[55,-121],[69,-191],[35,-104],[16,-51],[12,-38],[10,-32],[6,-17],[1,-5],[34,-98],[52,-129],[103,-206],[69,-93],[17,-17],[7,-6],[10,-8],[35,-24],[17,-11],[15,-9],[36,-19],[17,-10],[18,-10],[17,-12],[66,-53],[3,-2],[15,-15],[16,-17],[52,-69],[36,-70],[28,-121],[0,-34],[-1,-18],[-3,-17],[-23,-69],[-69,-83],[-34,-22],[-17,-9],[-16,-7],[-2,-1],[-51,-16],[-86,-9],[-34,2],[-18,2],[-17,2],[-34,7],[-17,4],[-18,5],[-17,5],[-68,29],[-207,120],[-68,32],[-86,17],[-138,-14],[-34,-9],[-13,-3],[-4,-1],[-17,-5],[-18,-6],[-17,-5],[-1,-1],[-16,-5],[-34,-11],[-52,-19],[-69,-25],[-23,-9],[-11,-4],[-17,-6],[-103,-33],[-172,-46],[-52,-11],[-34,-6],[-17,-3],[-17,-3],[-121,-18],[-51,-6],[-35,-3],[-17,-2]],[[14983,14221],[-137,8],[-103,28],[-138,70],[-86,71],[-31,32],[-3,4],[-12,14],[-13,17],[-25,35],[-70,138],[-28,104],[-9,86],[9,139],[28,104],[31,69],[9,17],[10,18],[22,34],[12,17],[13,18],[40,45],[86,73],[138,73],[103,28],[137,9],[86,-10],[103,-29],[69,-31],[86,-55],[77,-69],[112,-138],[39,-69],[29,-70],[1,0],[5,-17],[10,-34],[9,-52],[0,-139],[-41,-138],[-37,-69],[-50,-70],[-64,-69],[-90,-77],[-69,-43],[-34,-18],[-17,-7],[-18,-7],[-17,-6],[-17,-6],[-17,-6],[-69,-15],[-69,-7]],[[5103,17952],[-86,-8],[-68,5],[-121,28],[-86,34],[-154,88],[-78,69],[-78,104],[-57,139],[-17,121],[6,86],[37,122],[40,69],[59,69],[53,44],[121,63],[86,23],[68,7],[138,-9],[86,-24],[103,-48],[69,-47],[83,-78],[87,-121],[8,-18],[8,-17],[19,-52],[13,-69],[-5,-139],[-27,-121],[-48,-121],[-46,-69],[-75,-71],[-69,-38],[-34,-12],[-17,-5],[-18,-4]],[[40139,17853],[-172,9],[-240,50],[-121,31],[-154,56],[-35,16],[-29,15],[-5,3],[-17,9],[-128,92],[-63,69],[-42,69],[-22,69],[-4,70],[13,69],[61,121],[59,69],[34,35],[18,17],[5,5],[14,13],[39,34],[21,17],[12,10],[10,8],[23,17],[18,14],[5,3],[51,35],[151,97],[10,7],[7,4],[34,24],[52,36],[34,24],[17,13],[4,3],[13,10],[121,99],[103,75],[103,61],[69,31],[120,37],[69,11],[17,1],[17,2],[34,1],[69,-2],[120,-20],[138,-46],[69,-33],[17,-9],[17,-10],[34,-21],[52,-34],[17,-12],[3,-3],[14,-11],[46,-41],[59,-69],[12,-17],[3,-5],[9,-13],[19,-34],[17,-35],[7,-17],[7,-18],[26,-103],[7,-70],[-9,-138],[-7,-35],[-4,-17],[-5,-17],[-5,-18],[-48,-121],[-87,-138],[-59,-69],[-74,-70],[-68,-53],[-18,-11],[-17,-12],[-16,-10],[-35,-21],[-86,-48],[-121,-55],[-17,-7],[-17,-6],[-3,-2],[-14,-5],[-34,-12],[-138,-40],[-86,-18],[-69,-10],[-17,-2],[-17,-1],[-17,-2]],[[44108,25360],[-86,0],[-120,36],[-86,58],[-69,69],[-17,21],[-10,14],[-7,9],[-34,51],[-6,9],[-10,17],[-2,3],[-17,32],[-69,148],[-35,94],[-36,121],[-30,174],[-8,138],[6,138],[22,191],[12,156],[9,69],[6,34],[3,17],[0,1],[38,138],[14,35],[8,17],[9,17],[42,70],[78,87],[69,51],[68,33],[103,25],[69,1],[103,-22],[69,-33],[69,-50],[80,-92],[61,-122],[31,-103],[8,-35],[4,-17],[3,-18],[3,-17],[19,-156],[11,-69],[2,-17],[3,-18],[6,-34],[41,-242],[15,-122],[4,-138],[-10,-138],[-22,-139],[-8,-34],[-5,-18],[-5,-17],[-37,-104],[-64,-121],[-52,-69],[-71,-63],[-34,-22],[-18,-9],[-17,-7],[-103,-28]],[[8780,7072],[-138,10],[-326,62],[-275,43],[-69,8],[-17,2],[-17,1],[-35,3],[-137,-9],[-138,-31],[-309,-59],[-189,-25],[-137,-13],[-18,-1],[-17,-1],[-17,-1],[-34,-1],[-103,5],[-155,28],[-120,40],[-138,68],[-69,44],[-89,69],[-72,70],[-109,138],[-50,87],[-57,138],[-25,104],[-7,69],[3,139],[108,484],[24,86],[51,149],[69,141],[69,95],[85,58],[86,4],[69,-21],[138,-74],[104,-74],[263,-156],[79,-38],[138,-47],[120,-30],[34,-9],[18,-5],[17,-5],[86,-26],[206,-74],[137,-31],[18,-1],[17,0],[34,1],[17,2],[17,1],[18,2],[51,11],[138,54],[68,37],[18,10],[14,9],[3,2],[34,22],[138,93],[120,67],[189,84],[103,37],[19,7],[15,5],[17,6],[19,6],[50,17],[138,32],[137,4],[138,-27],[86,-37],[120,-82],[86,-89],[76,-112],[35,-69],[50,-139],[13,-52],[4,-17],[3,-17],[11,-69],[7,-156],[-12,-139],[-30,-138],[-54,-156],[-33,-69],[-70,-123],[-52,-74],[-103,-122],[-69,-62],[-137,-85],[-86,-34],[-69,-18],[-34,-7],[-17,-4],[-18,-3],[-51,-8],[-69,-8],[-34,-3],[-17,-1],[-18,-1],[-85,-1]],[[4364,7962],[-138,-6],[-120,16],[-120,36],[-69,29],[-120,72],[-69,55],[-82,85],[-52,69],[-72,139],[-31,103],[-12,139],[23,138],[29,70],[42,69],[63,69],[57,45],[121,62],[86,26],[137,16],[138,-10],[86,-19],[103,-37],[68,-33],[103,-66],[64,-53],[67,-69],[52,-70],[74,-138],[28,-87],[18,-138],[-17,-139],[-24,-69],[-37,-69],[-55,-69],[-84,-70],[-137,-68],[-120,-28]],[[6175,9374],[-59,12],[-68,31],[-69,50],[-69,72],[-65,94],[-35,70],[-39,103],[-33,156],[-7,121],[6,104],[8,52],[4,17],[3,18],[36,121],[36,83],[86,133],[34,38],[6,5],[12,12],[17,16],[17,14],[14,10],[3,2],[35,22],[103,37],[68,1],[18,-3],[17,-3],[34,-11],[69,-35],[69,-55],[68,-78],[17,-24],[6,-8],[11,-18],[1,0],[38,-69],[30,-69],[37,-121],[16,-87],[7,-138],[-7,-104],[-16,-87],[-37,-121],[-68,-136],[-69,-91],[-69,-64],[-34,-25],[-17,-10],[-5,-3],[-13,-6],[-68,-25],[-79,-3]],[[5824,12241],[-137,5],[-155,37],[-69,29],[-120,73],[-80,69],[-86,104],[-43,69],[-56,139],[-27,138],[-2,121],[19,121],[48,139],[84,138],[60,70],[66,58],[120,78],[86,37],[137,35],[18,2],[17,2],[34,4],[52,6],[34,4],[17,3],[18,2],[51,7],[34,5],[138,16],[69,6],[17,1],[17,1],[34,1],[138,-1],[154,-17],[171,-43],[87,-39],[74,-65],[20,-69],[-12,-138],[-7,-35],[-5,-17],[-4,-17],[-22,-70],[-50,-121],[-8,-17],[-3,-6],[-6,-11],[-17,-35],[-39,-69],[-114,-173],[-51,-70],[-13,-17],[-14,-17],[-65,-87],[-63,-86],[-58,-69],[-75,-71],[-69,-49],[-138,-67],[-120,-33],[-86,-11]],[[17955,13983],[-137,-4],[-69,7],[-103,25],[-126,53],[-126,69],[-103,69],[-102,104],[-40,69],[-24,69],[-11,70],[-2,34],[0,18],[0,17],[14,138],[26,139],[29,104],[38,86],[78,121],[91,96],[69,54],[137,74],[103,33],[69,13],[34,5],[18,1],[17,1],[51,1],[86,-8],[121,-28],[120,-52],[137,-96],[88,-94],[68,-104],[52,-121],[33,-155],[2,-122],[-22,-138],[-35,-104],[-65,-121],[-86,-107],[-86,-76],[-69,-46],[-137,-62],[-138,-32]],[[15017,13818],[-258,-10],[-103,7],[-103,16],[-86,21],[-17,5],[-17,5],[-17,6],[-35,12],[-120,53],[-138,84],[-81,64],[-55,52],[-17,17],[-1,2],[-15,16],[-30,34],[-52,69],[-71,121],[-16,35],[-5,12],[-3,5],[-7,18],[-38,121],[-14,69],[-11,156],[7,86],[19,104],[39,121],[69,139],[46,69],[26,35],[4,5],[10,12],[15,17],[84,87],[149,114],[155,82],[17,7],[34,14],[52,18],[68,19],[35,9],[17,3],[34,7],[35,5],[17,2],[34,4],[69,5],[137,-3],[86,-11],[121,-26],[68,-21],[35,-12],[34,-14],[17,-7],[121,-61],[137,-95],[63,-57],[6,-5],[12,-12],[16,-17],[31,-35],[54,-69],[72,-121],[8,-17],[9,-18],[4,-8],[4,-9],[26,-52],[32,-69],[32,-69],[15,-35],[8,-17],[7,-18],[7,-17],[65,-173],[6,-17],[11,-35],[6,-17],[10,-35],[9,-34],[2,-11],[2,-7],[4,-17],[8,-35],[7,-34],[3,-18],[3,-17],[19,-173],[0,-104],[-3,-34],[-4,-18],[-10,-34],[-56,-70],[-58,-29],[-179,-57],[-10,-3],[-18,-4],[-34,-8],[-34,-7],[-69,-12],[-206,-27],[-361,-29]],[[6443,15273],[-138,19],[-17,5],[-17,5],[-34,13],[-69,33],[-69,46],[-51,47],[-7,7],[-16,17],[-14,18],[-13,17],[-12,17],[-22,35],[-9,17],[-9,18],[-15,34],[-57,191],[-37,69],[-50,69],[-131,138],[-107,93],[-69,51],[-326,213],[-103,81],[-74,82],[-85,138],[-45,121],[-18,87],[-8,138],[12,104],[24,121],[3,17],[2,10],[1,8],[4,17],[3,17],[3,18],[3,17],[3,14],[15,72],[2,16],[1,2],[2,17],[2,35],[-2,34],[-3,18],[-4,17],[-6,17],[-18,35],[-61,69],[-93,69],[-130,70],[-186,76],[-120,68],[-35,24],[-17,12],[-12,10],[-5,4],[-17,13],[0,0],[-17,14],[-24,21],[-37,34],[-17,18],[-8,9],[-8,8],[-30,35],[-14,17],[0,0],[-13,17],[-25,35],[-77,138],[-44,121],[-18,70],[-9,52],[-2,17],[-2,17],[-2,18],[-3,34],[3,139],[16,103],[48,156],[72,139],[49,69],[76,85],[103,86],[137,81],[121,50],[172,42],[120,12],[137,-2],[310,-47],[137,-1],[69,10],[68,23],[86,61],[49,67],[30,69],[72,208],[72,138],[87,107],[86,76],[68,45],[138,63],[137,32],[138,4],[68,-7],[104,-24],[137,-59],[34,-20],[18,-11],[17,-11],[17,-12],[51,-36],[207,-168],[137,-125],[138,-148],[108,-138],[70,-104],[22,-35],[10,-17],[11,-17],[2,-4],[8,-14],[87,-155],[68,-156],[41,-173],[9,-121],[-14,-173],[-20,-87],[-35,-104],[-68,-138],[-46,-69],[-102,-122],[-83,-74],[-68,-51],[-18,-11],[-17,-11],[-34,-20],[-69,-35],[-120,-47],[-86,-23],[-138,-20],[-85,-3],[-121,9],[-103,20],[-34,10],[-17,5],[-18,5],[-189,66],[-85,32],[-52,21],[-16,6],[-18,8],[-155,63],[-69,17],[-68,-1],[-86,-52],[-62,-104],[-12,-69],[11,-87],[27,-69],[39,-69],[74,-87],[60,-54],[16,-15],[1,-1],[36,-33],[19,-18],[14,-12],[5,-5],[39,-35],[25,-23],[11,-11],[16,-18],[30,-34],[49,-69],[179,-277],[120,-208],[110,-161],[69,-81],[34,-34],[1,-1],[16,-14],[18,-14],[8,-6],[9,-7],[17,-12],[17,-11],[172,-79],[103,-79],[62,-72],[42,-69],[50,-139],[16,-138],[0,-35],[-1,-17],[-1,-17],[-9,-70],[-22,-86],[-48,-121],[-9,-18],[-10,-17],[-20,-35],[-50,-69],[-29,-34],[-15,-18],[-7,-7],[-10,-10],[-8,-7],[-17,-17],[-12,-11],[-5,-4],[-17,-15],[-35,-26],[-68,-46],[-103,-50],[-103,-33],[-69,-12],[-103,-6]],[[10790,16720],[-52,-4],[-34,0],[-17,0],[-17,1],[-138,22],[-120,43],[-138,83],[-81,71],[-84,104],[-73,139],[-28,86],[-23,139],[4,138],[12,69],[4,18],[4,17],[10,35],[34,86],[48,87],[81,103],[75,71],[69,49],[137,68],[104,30],[171,36],[69,36],[52,47],[54,79],[53,121],[44,173],[8,69],[4,52],[1,17],[1,18],[3,34],[14,87],[28,104],[52,121],[88,138],[60,70],[71,66],[69,52],[137,77],[120,44],[69,16],[120,15],[138,-4],[154,-30],[103,-38],[138,-75],[137,-115],[105,-130],[75,-138],[37,-104],[31,-156],[4,-138],[-15,-121],[-16,-69],[-43,-122],[-75,-138],[-103,-126],[-137,-116],[-138,-76],[-154,-51],[-172,-30],[-172,-55],[-103,-52],[-70,-48],[-68,-69],[-38,-69],[-16,-70],[-21,-173],[-30,-121],[-63,-138],[-47,-69],[-59,-70],[-17,-17],[-18,-16],[-1,-1],[-16,-14],[-69,-51],[-137,-72],[-120,-35],[-69,-10]],[[26289,21863],[-155,11],[-103,28],[-120,55],[-17,10],[-18,10],[-17,12],[-69,54],[-68,68],[-54,69],[-51,87],[-31,69],[-43,156],[-9,138],[16,138],[54,156],[48,87],[53,69],[68,69],[69,53],[120,64],[138,39],[120,10],[120,-11],[121,-33],[68,-30],[35,-19],[7,-4],[10,-6],[17,-10],[103,-81],[71,-76],[51,-69],[47,-86],[54,-156],[18,-121],[-3,-121],[-33,-156],[-35,-87],[-50,-86],[-53,-70],[-67,-66],[-137,-93],[-121,-46],[-154,-25]],[[33815,9264],[-69,-4],[-137,9],[-159,36],[-88,34],[-59,35],[-29,34],[12,70],[39,69],[99,121],[75,69],[95,69],[15,10],[13,8],[30,17],[43,22],[34,15],[17,8],[17,7],[121,38],[137,23],[103,4],[138,-11],[90,-19],[103,-35],[70,-35],[42,-34],[6,-52],[-32,-69],[-89,-121],[-68,-70],[-85,-69],[-145,-86],[-81,-35],[-35,-12],[-15,-5],[-2,-1],[-17,-5],[-17,-5],[-35,-9],[-137,-21]],[[36787,10594],[-137,-4],[-17,1],[-17,2],[-18,2],[-17,2],[-34,6],[-155,48],[-103,53],[-69,46],[-34,28],[-17,14],[-1,1],[-18,17],[-91,104],[-78,138],[-38,122],[-13,138],[0,17],[1,18],[4,34],[15,70],[61,138],[3,4],[9,13],[12,18],[28,34],[89,83],[34,24],[17,11],[17,12],[52,32],[69,36],[103,36],[120,9],[17,-1],[17,-2],[52,-10],[34,-9],[17,-5],[18,-6],[68,-26],[18,-7],[17,-7],[17,-8],[34,-16],[52,-25],[120,-77],[70,-61],[99,-121],[72,-139],[33,-121],[1,-7],[2,-10],[2,-17],[3,-35],[0,-17],[0,-18],[-1,-34],[-3,-35],[-3,-17],[0,-2],[-3,-16],[-18,-69],[-13,-34],[-7,-18],[-9,-17],[-41,-69],[-26,-35],[-15,-17],[-5,-6],[-12,-11],[-74,-65],[-69,-43],[-120,-49],[-69,-17],[-17,-3],[-17,-3],[-18,-2]],[[30447,11168],[-17,-1],[-17,0],[-18,-1],[-68,0],[-103,6],[-155,24],[-86,22],[-52,17],[-17,6],[-6,2],[-11,4],[-17,6],[-138,63],[-120,73],[-83,62],[-98,86],[-77,75],[-17,17],[-12,12],[-5,5],[-17,16],[-14,13],[-3,4],[-14,14],[-3,3],[-15,14],[-69,69],[-33,35],[-4,5],[-11,12],[-16,18],[-30,34],[-14,17],[-14,18],[-1,0],[-13,17],[-27,35],[-13,17],[-13,17],[-12,18],[-8,10],[-4,7],[-12,17],[-1,1],[-11,17],[-33,51],[-32,52],[-10,16],[-11,19],[-6,10],[-4,7],[-11,18],[-2,4],[-52,57],[-103,44],[-137,28],[-86,11],[-34,6],[-18,4],[-5,1],[-12,3],[-17,5],[-17,5],[-86,32],[-34,16],[-17,9],[-1,0],[-17,9],[-51,31],[-69,49],[-103,93],[-66,77],[-81,121],[-19,35],[-6,11],[-3,6],[-9,17],[-8,18],[-8,17],[-14,35],[-7,17],[-3,8],[-3,9],[-6,18],[-6,17],[-5,17],[-10,35],[-4,17],[-5,17],[-3,18],[-16,86],[-10,139],[7,138],[13,87],[3,17],[4,17],[9,35],[18,52],[31,69],[52,87],[13,17],[4,6],[9,11],[30,35],[64,64],[125,92],[224,138],[62,35],[2,1],[17,9],[14,7],[20,10],[35,17],[69,32],[51,21],[17,7],[17,7],[86,30],[18,6],[17,5],[34,11],[223,56],[104,14],[137,3],[172,-23],[120,-35],[138,-62],[68,-41],[34,-23],[1,-1],[17,-13],[17,-14],[84,-76],[31,-35],[5,-6],[10,-11],[13,-17],[48,-70],[37,-69],[8,-17],[5,-11],[2,-7],[13,-34],[6,-17],[5,-18],[5,-17],[16,-69],[10,-139],[-13,-190],[13,-69],[40,-70],[33,-34],[21,-17],[3,-3],[21,-15],[26,-17],[5,-3],[17,-10],[8,-4],[76,-35],[19,-7],[17,-7],[11,-3],[54,-18],[73,-19],[34,-7],[17,-3],[17,-3],[12,-2],[6,-1],[17,-3],[17,-3],[34,-7],[69,-15],[17,-4],[17,-5],[18,-5],[17,-5],[240,-80],[86,-34],[35,-15],[17,-7],[206,-105],[103,-67],[114,-94],[123,-139],[78,-121],[55,-121],[34,-121],[3,-17],[3,-18],[6,-52],[2,-69],[-7,-86],[-24,-104],[-19,-52],[-15,-35],[-9,-17],[0,-1],[-8,-16],[-20,-35],[-34,-52],[-104,-121],[-144,-116],[-120,-69],[-172,-68],[-68,-18],[-35,-8],[-34,-7],[-17,-3],[-17,-3],[-189,-31],[-241,-28],[-189,-18]],[[36839,17587],[-138,3],[-154,41],[-69,33],[-34,21],[-17,12],[-2,1],[-16,11],[-68,61],[-68,84],[-71,138],[-32,121],[-8,69],[3,139],[11,69],[30,104],[67,138],[11,18],[5,8],[6,9],[25,35],[72,81],[103,85],[138,75],[103,34],[137,19],[138,-10],[137,-41],[69,-36],[103,-78],[70,-77],[114,-174],[47,-121],[12,-86],[-5,-69],[-3,-18],[-7,-34],[-60,-156],[-84,-156],[-101,-129],[-69,-63],[-69,-50],[-137,-69],[-17,-6],[-17,-6],[-18,-5],[-68,-16],[-69,-9]],[[39794,17554],[-189,1],[-154,8],[-17,2],[-18,1],[-34,4],[-34,4],[-86,12],[-155,29],[-120,34],[-35,13],[-2,1],[-15,7],[-17,7],[-69,36],[-144,106],[-36,35],[-9,9],[-7,8],[-16,17],[-28,35],[-48,69],[-66,138],[-29,139],[7,138],[20,70],[35,69],[54,69],[44,40],[34,25],[7,4],[11,7],[17,10],[68,32],[224,70],[69,26],[68,34],[17,9],[18,10],[17,9],[69,44],[137,108],[69,59],[34,31],[2,1],[15,14],[17,16],[78,74],[64,69],[14,18],[14,17],[2,2],[13,15],[14,18],[8,8],[8,9],[26,28],[34,33],[69,57],[17,13],[10,7],[7,5],[35,23],[120,63],[103,38],[103,24],[86,10],[17,1],[18,0],[34,0],[69,-4],[86,-13],[103,-30],[51,-21],[17,-8],[18,-8],[34,-19],[16,-9],[1,-1],[17,-10],[18,-12],[68,-52],[81,-81],[29,-34],[11,-14],[2,-3],[12,-18],[78,-138],[21,-52],[6,-17],[6,-18],[5,-17],[21,-87],[9,-52],[2,-17],[1,-17],[3,-139],[-15,-121],[-44,-155],[-13,-35],[-8,-17],[-1,-2],[-7,-16],[-35,-69],[-95,-138],[-81,-87],[-74,-69],[-17,-16],[-2,-1],[-19,-18],[-20,-17],[-45,-38],[-68,-55],[-35,-25],[-17,-13],[-11,-7],[-6,-5],[-35,-24],[-17,-11],[-17,-11],[-17,-11],[-52,-32],[-68,-39],[-138,-70],[-83,-40],[-20,-10],[-15,-7],[-2,-1],[-17,-8],[-35,-16],[-120,-43],[-155,-24]],[[29811,21688],[-34,-2],[-17,-1],[-18,-1],[-34,0],[-69,4],[-34,3],[-17,2],[-17,1],[-69,8],[-17,2],[-17,2],[-35,5],[-34,5],[-17,3],[-18,3],[-17,3],[-86,18],[-68,16],[-18,5],[-17,5],[-34,10],[-172,63],[-190,96],[-194,121],[-72,52],[-73,69],[-50,69],[-30,69],[-14,104],[27,121],[36,70],[81,103],[107,122],[32,34],[14,15],[2,3],[17,17],[17,17],[15,15],[3,2],[14,14],[4,4],[18,17],[125,104],[94,66],[69,43],[17,10],[17,9],[17,10],[1,0],[16,9],[35,18],[189,87],[17,7],[17,7],[52,20],[51,20],[52,17],[34,10],[17,4],[35,7],[68,11],[138,5],[137,-17],[69,-17],[17,-5],[17,-6],[35,-12],[137,-66],[138,-102],[81,-83],[53,-69],[77,-139],[44,-121],[16,-69],[14,-121],[-4,-139],[-27,-138],[-51,-139],[-81,-138],[-87,-104],[-87,-79],[-69,-49],[-68,-40],[-17,-9],[-18,-8],[-34,-16],[-103,-36],[-155,-30]],[[44039,25500],[-52,31],[-52,54],[-34,46],[-17,26],[-1,1],[-10,18],[-6,10],[-72,163],[-32,121],[-17,138],[0,87],[16,138],[29,122],[7,69],[-24,138],[-51,121],[-77,139],[-34,86],[-19,70],[-7,34],[-3,17],[-3,18],[-8,86],[3,104],[19,121],[53,156],[46,87],[71,95],[103,95],[68,44],[69,31],[120,27],[138,-9],[137,-53],[69,-48],[69,-65],[64,-83],[70,-138],[36,-121],[14,-87],[4,-138],[-16,-122],[-35,-121],[-37,-86],[-52,-87],[-73,-104],[-10,-15],[-1,-2],[-10,-17],[-6,-11],[-3,-7],[-9,-17],[-35,-86],[-17,-70],[-3,-69],[16,-104],[8,-138],[-7,-104],[-17,-104],[-53,-163],[-69,-131],[-68,-93],[-69,-67],[-17,-13],[-1,0],[-17,-10],[-34,-14],[-51,4]],[[26547,31273],[-138,-1],[-103,13],[-157,50],[-113,69],[-64,69],[-35,69],[-8,35],[-3,17],[-1,18],[0,17],[1,17],[4,35],[8,34],[11,35],[52,104],[51,69],[65,69],[103,83],[86,52],[86,40],[172,51],[137,15],[138,-6],[137,-31],[103,-43],[105,-74],[54,-69],[27,-70],[6,-34],[1,-18],[0,-17],[-1,-17],[-2,-17],[-6,-35],[-16,-52],[-53,-104],[-51,-69],[-66,-69],[-85,-69],[-119,-72],[-69,-31],[-120,-39],[-137,-24]],[[7406,7018],[-138,-2],[-137,14],[-138,30],[-17,6],[-17,5],[-34,12],[-69,27],[-137,71],[-69,45],[-92,74],[-69,70],[-56,69],[-65,104],[-38,86],[-29,139],[-1,17],[-1,17],[1,35],[4,52],[36,138],[32,70],[56,86],[60,69],[74,69],[157,107],[137,64],[137,42],[138,25],[137,8],[138,-7],[137,-24],[103,-27],[69,-24],[34,-14],[35,-14],[17,-8],[14,-6],[72,-36],[34,-21],[17,-11],[69,-52],[247,-209],[73,-69],[32,-35],[9,-10],[6,-7],[14,-18],[37,-52],[33,-69],[14,-86],[-25,-104],[-41,-69],[-58,-70],[-70,-69],[-79,-69],[-42,-35],[-30,-24],[-12,-10],[-5,-4],[-17,-14],[-17,-15],[-3,-2],[-14,-12],[-52,-45],[-34,-26],[-5,-3],[-12,-9],[-18,-11],[-154,-75],[-155,-49],[-103,-21],[-120,-14]],[[14983,13822],[-171,12],[-18,3],[-17,4],[-17,3],[-34,8],[-52,14],[-17,6],[-34,12],[-52,20],[-15,7],[-2,1],[-17,8],[-35,17],[-16,9],[-1,0],[-17,10],[-52,31],[-68,49],[-103,92],[-84,95],[-49,69],[-69,121],[-49,121],[-33,121],[-15,87],[-3,35],[-2,17],[-1,17],[-1,35],[5,138],[17,104],[34,121],[50,121],[49,87],[90,121],[95,96],[34,28],[17,14],[1,0],[17,12],[7,6],[10,7],[34,22],[52,31],[17,9],[0,0],[17,9],[69,31],[103,35],[86,20],[103,13],[103,2],[137,-13],[155,-40],[155,-67],[103,-63],[164,-135],[8,-6],[12,-11],[20,-17],[38,-35],[72,-69],[141,-156],[66,-86],[69,-104],[21,-35],[7,-13],[3,-4],[10,-18],[51,-103],[36,-104],[0,-87],[-24,-69],[-10,-17],[-10,-18],[-4,-5],[-7,-12],[-39,-52],[-83,-104],[-8,-9],[-7,-8],[-16,-17],[-32,-35],[-69,-69],[-38,-35],[-10,-9],[-9,-8],[-20,-17],[-131,-104],[-81,-58],[-103,-71],[-15,-10],[-2,-1],[-17,-11],[-121,-63],[-103,-39],[-172,-37],[-103,-7]],[[22991,14421],[-138,4],[-69,14],[-17,5],[-17,5],[-17,6],[-17,7],[-35,14],[-34,16],[-69,36],[-51,30],[-52,35],[-34,25],[-35,27],[-34,30],[-34,33],[-33,34],[-31,35],[-28,34],[-26,35],[-12,17],[-22,35],[-20,34],[-19,35],[-16,34],[-7,18],[-7,17],[-7,17],[-12,35],[-6,17],[-5,18],[-5,17],[-4,17],[-8,35],[-6,34],[-3,18],[-2,17],[-2,17],[-2,18],[-1,17],[-1,17],[-1,18],[0,17],[0,17],[0,18],[1,17],[1,17],[2,17],[4,35],[5,35],[7,34],[9,35],[17,52],[30,69],[72,110],[67,63],[122,79],[69,31],[172,44],[34,5],[17,1],[69,4],[172,-15],[69,-15],[120,-40],[69,-31],[17,-9],[17,-9],[34,-20],[52,-32],[139,-114],[95,-104],[105,-156],[45,-86],[34,-87],[20,-138],[-14,-139],[-31,-103],[-81,-156],[-38,-52],[-13,-17],[-3,-4],[-12,-14],[-6,-6],[-10,-11],[-16,-17],[-111,-97],[-138,-81],[-120,-46],[-154,-28]],[[25241,16755],[-154,16],[-103,34],[-69,32],[-34,19],[-18,10],[-103,76],[-110,102],[-216,187],[-103,94],[-14,13],[-3,3],[-15,14],[-54,51],[-34,32],[-4,4],[-14,12],[-17,15],[-69,60],[-17,16],[0,0],[-17,17],[-33,35],[-53,70],[-52,86],[-17,35],[-7,17],[-8,17],[-18,52],[-10,35],[-4,17],[-4,16],[0,1],[-10,52],[-7,87],[9,138],[44,156],[78,139],[92,100],[45,38],[7,6],[17,14],[17,15],[17,15],[35,29],[137,102],[69,36],[68,19],[69,1],[69,-18],[69,-36],[137,-112],[173,-175],[85,-104],[68,-121],[219,-484],[177,-416],[6,-17],[5,-17],[9,-35],[14,-69],[8,-139],[-7,-69],[-35,-121],[-41,-69],[-62,-64],[-69,-40],[-69,-21],[-69,-8]],[[5567,16984],[-51,12],[-229,151],[-204,104],[-169,79],[-34,16],[-17,9],[0,0],[-17,9],[-69,36],[-155,88],[-275,168],[-17,11],[-17,11],[-17,12],[-69,53],[-103,99],[-116,153],[-80,156],[-38,104],[-35,156],[-10,104],[1,138],[2,17],[1,18],[2,17],[5,35],[14,69],[23,86],[48,121],[67,122],[50,69],[14,17],[0,0],[15,17],[20,22],[68,67],[69,54],[120,71],[35,15],[17,8],[15,6],[2,0],[17,7],[121,33],[68,10],[121,4],[34,-2],[11,0],[6,-1],[17,-2],[69,-10],[172,-49],[86,-32],[120,-55],[241,-126],[51,-22],[17,-7],[18,-6],[34,-11],[34,-9],[18,-3],[17,-3],[51,-4],[17,0],[18,0],[34,4],[103,40],[189,158],[138,110],[68,47],[138,66],[154,36],[138,4],[86,-10],[103,-27],[120,-54],[138,-100],[21,-21],[13,-13],[4,-4],[31,-35],[50,-69],[69,-139],[33,-121],[11,-86],[-4,-139],[-38,-155],[-57,-122],[-46,-69],[-70,-81],[-103,-85],[-138,-74],[-240,-89],[-103,-34],[-69,-20],[-35,-8],[-17,-5],[-17,-4],[-223,-53],[-69,-30],[-69,-48],[-39,-40],[-43,-69],[-7,-17],[-6,-18],[-12,-34],[-13,-52],[-7,-35],[-6,-34],[-3,-18],[-3,-17],[-15,-69],[-52,-172],[0,-1],[-7,-18],[-10,-28],[-17,-42],[-69,-127],[-69,-88],[-51,-49],[-69,-42],[-69,-12]],[[24829,19598],[-51,-2],[-18,0],[-17,1],[-17,2],[-17,2],[-69,15],[-69,28],[-103,73],[-64,78],[-37,69],[-29,87],[-13,69],[-3,139],[2,17],[2,17],[5,35],[15,69],[36,104],[85,156],[53,69],[15,17],[2,2],[14,15],[3,3],[69,65],[17,14],[7,5],[10,8],[35,24],[137,74],[103,34],[138,17],[137,-16],[10,-3],[7,-2],[17,-5],[35,-14],[69,-38],[68,-60],[54,-71],[10,-17],[5,-10],[4,-8],[16,-34],[23,-69],[4,-18],[3,-17],[6,-35],[6,-69],[0,-34],[-1,-18],[-1,-17],[-8,-69],[-19,-87],[-30,-86],[-51,-104],[-45,-69],[-54,-70],[-25,-26],[-8,-8],[-9,-10],[-69,-60],[-137,-88],[-120,-48],[-138,-26]],[[28403,21346],[-69,-3],[-34,1],[-17,1],[-17,2],[-69,11],[-103,30],[-35,14],[-5,3],[-12,5],[-17,8],[-69,40],[-68,52],[-84,85],[-50,69],[-69,139],[-37,138],[-8,87],[7,138],[18,87],[44,121],[97,173],[108,138],[69,69],[111,92],[69,47],[154,90],[35,19],[17,8],[17,9],[86,41],[120,50],[223,74],[11,3],[7,2],[17,4],[69,15],[68,11],[52,6],[17,1],[17,1],[69,3],[69,-2],[206,-26],[103,-32],[137,-71],[69,-51],[86,-86],[52,-69],[49,-87],[35,-86],[31,-156],[-3,-138],[-12,-70],[-32,-103],[-74,-139],[-55,-69],[-108,-104],[-65,-52],[-23,-17],[-1,-1],[-17,-13],[-74,-55],[-71,-52],[-25,-18],[-19,-13],[-6,-4],[-26,-17],[-3,-2],[-17,-11],[-35,-22],[-68,-40],[-103,-55],[-120,-54],[-138,-51],[-51,-17],[-18,-6],[-7,-2],[-10,-3],[-17,-5],[-137,-41],[-155,-34],[-86,-10]],[[2647,25575],[-12,35],[6,138],[-18,104],[-114,218],[-69,143],[-52,127],[-23,66],[-11,33],[0,2],[-6,17],[-6,17],[-11,35],[-42,138],[-16,52],[-6,17],[-5,18],[-6,17],[-30,87],[-32,138],[-9,69],[-2,121],[17,122],[47,138],[82,138],[59,71],[86,76],[69,46],[138,63],[137,32],[137,5],[69,-8],[138,-32],[103,-37],[137,-70],[138,-98],[103,-98],[73,-88],[47,-69],[74,-139],[58,-173],[24,-156],[2,-34],[0,-17],[1,-18],[-1,-17],[0,-17],[-1,-18],[-13,-104],[-3,-17],[-8,-34],[-5,-18],[-17,-52],[-66,-138],[-96,-123],[-275,-246],[-275,-225],[-82,-64],[-22,-17],[-17,-13],[-51,-39],[-86,-53],[-120,-51],[-103,-17],[-34,17]],[[21478,25986],[-34,1],[-17,0],[-17,1],[-52,5],[-69,12],[-103,30],[-137,71],[-69,55],[-64,72],[-45,69],[-52,121],[-30,156],[0,156],[9,69],[6,35],[4,17],[0,2],[4,15],[25,87],[49,121],[36,69],[20,35],[4,6],[7,11],[11,17],[50,70],[13,17],[5,5],[10,12],[58,65],[138,122],[120,82],[172,88],[103,38],[155,28],[137,-3],[138,-31],[68,-26],[121,-67],[68,-54],[69,-69],[53,-69],[66,-121],[36,-104],[15,-69],[10,-139],[-7,-86],[-18,-87],[-44,-121],[-98,-173],[-91,-121],[-115,-121],[-82,-69],[-137,-91],[-17,-10],[-18,-9],[-34,-17],[-52,-23],[-85,-31],[-121,-31],[-68,-11],[-35,-3],[-17,-2],[-17,-1],[-35,-1]],[[34417,4925],[-137,9],[-121,30],[-137,69],[-103,87],[-56,69],[-41,69],[-33,70],[-59,118],[-10,20],[-7,14],[-2,3],[-17,35],[-32,69],[-16,35],[-7,17],[-7,17],[-33,87],[-6,17],[-6,18],[-5,17],[-6,17],[-1,5],[-4,12],[-9,35],[-5,17],[-4,18],[-8,34],[-3,18],[-4,17],[-3,17],[-18,156],[-1,17],[-1,18],[0,34],[0,69],[9,139],[34,150],[34,66],[35,8],[103,-26],[189,-9],[137,-19],[86,-19],[120,-37],[86,-34],[17,-8],[6,-3],[12,-5],[17,-8],[69,-36],[68,-39],[18,-11],[17,-10],[17,-11],[51,-35],[275,-191],[95,-87],[52,-69],[38,-69],[26,-69],[10,-35],[3,-11],[1,-6],[4,-17],[9,-70],[1,-34],[1,-18],[-1,-17],[-15,-121],[-54,-156],[-28,-52],[-10,-17],[-11,-17],[0,0],[-25,-35],[-57,-69],[-107,-95],[-13,-9],[-5,-3],[-17,-12],[-34,-21],[-138,-64],[-120,-32],[-103,-11]],[[34417,9246],[-103,-4],[-120,14],[-121,35],[-34,14],[-6,3],[-11,5],[-17,9],[-35,19],[-34,21],[-17,12],[-5,3],[-12,9],[-35,28],[-51,47],[-62,72],[-46,69],[-20,35],[-10,17],[-8,17],[-50,121],[-6,18],[-5,16],[0,1],[-5,17],[-9,35],[-14,69],[-13,139],[2,104],[19,138],[32,121],[58,139],[83,138],[55,69],[85,86],[165,139],[149,139],[88,103],[20,35],[9,17],[8,18],[59,174],[69,145],[68,102],[69,80],[144,122],[10,34],[-6,70],[6,103],[37,156],[50,121],[49,87],[23,34],[13,18],[55,69],[16,17],[15,17],[18,17],[34,32],[69,56],[103,66],[69,35],[103,39],[137,29],[69,2],[34,-3],[17,-3],[18,-5],[65,-57],[22,-86],[29,-70],[38,-58],[69,-71],[86,-41],[51,20],[103,4],[190,-31],[189,-56],[17,-6],[34,-12],[34,-13],[165,-64],[231,-87],[137,-83],[69,-60],[57,-65],[48,-69],[67,-138],[16,-52],[9,-35],[4,-17],[3,-17],[11,-87],[-4,-138],[-11,-70],[-30,-103],[-29,-70],[-18,-34],[-10,-18],[-10,-16],[0,-1],[-23,-34],[-26,-35],[-71,-76],[-69,-57],[-69,-43],[-34,-18],[-17,-8],[-13,-6],[-5,-2],[-68,-24],[-52,-15],[-17,-5],[-20,-6],[-186,-56],[-17,-5],[-18,-4],[-34,-9],[-17,-4],[-17,-3],[-35,-7],[-68,-8],[-18,-1],[-17,0],[-34,2],[-69,15],[-69,38],[-73,94],[-47,121],[-24,104],[-17,104],[-2,17],[-3,18],[-10,69],[-11,69],[-16,69],[-10,52],[-4,18],[-4,17],[-19,68],[-6,18],[-6,18],[-5,16],[-18,48],[-8,22],[-7,18],[-2,5],[-103,246],[-34,65],[-17,24],[-6,6],[-12,11],[-68,18],[-69,-19],[-172,-89],[-137,-92],[-4,-2],[-13,-8],[-18,-10],[-34,-19],[-120,-51],[-107,-34],[-60,-51],[1,-70],[28,-107],[16,-100],[6,-87],[-5,-121],[-17,-138],[18,-104],[16,-35],[21,-35],[11,-17],[13,-17],[54,-69],[5,-6],[10,-12],[15,-17],[30,-35],[64,-69],[34,-34],[1,-2],[17,-16],[1,0],[17,-16],[17,-15],[67,-55],[39,-35],[158,-156],[75,-86],[48,-69],[61,-121],[-7,-18],[-97,-40],[-69,-64],[-25,-34],[-10,-13],[-3,-5],[-14,-18],[-11,-16],[-54,-69],[-128,-139],[-18,-17],[-12,-11],[-7,-6],[-20,-18],[-7,-6],[-13,-11],[-65,-52],[-98,-69],[-151,-92],[-292,-159],[-137,-59],[-138,-29]],[[49332,11956],[-138,18],[-69,20],[-17,6],[-17,6],[-34,15],[-138,82],[-86,76],[-60,71],[-81,138],[-47,139],[-18,138],[6,121],[31,139],[62,138],[46,69],[75,87],[38,35],[17,14],[17,14],[35,24],[17,11],[17,11],[17,10],[86,40],[69,24],[137,25],[121,0],[68,-9],[103,-26],[121,-53],[68,-43],[103,-88],[77,-93],[43,-69],[52,-121],[34,-156],[2,-121],[-21,-139],[-16,-51],[-6,-18],[-6,-17],[-7,-17],[-65,-122],[-87,-107],[-85,-76],[-69,-45],[-138,-63],[-137,-32],[-120,-5]],[[41874,12074],[-120,12],[-137,41],[-138,73],[-69,53],[-17,16],[-16,15],[-1,1],[-16,17],[-16,17],[-55,69],[-51,87],[-31,69],[-31,104],[-12,69],[-5,139],[11,86],[33,121],[38,87],[78,121],[91,95],[69,53],[69,42],[34,17],[17,8],[18,7],[86,29],[137,22],[137,-3],[138,-30],[86,-34],[69,-37],[139,-100],[78,-69],[46,-52],[54,-87],[31,-86],[12,-69],[1,-18],[2,-17],[0,-35],[-9,-138],[-16,-104],[-29,-104],[-67,-138],[-48,-69],[-74,-82],[-69,-57],[-51,-35],[-18,-10],[-12,-7],[-5,-2],[-137,-57],[-138,-27],[-86,-3]],[[30895,11043],[-155,5],[-34,5],[-13,3],[-5,1],[-17,3],[-120,39],[-69,33],[-34,19],[-17,11],[-18,11],[-17,12],[-68,53],[-86,84],[-103,115],[-123,121],[-135,104],[-17,8],[-18,7],[-17,6],[-51,14],[-17,4],[-18,3],[-137,8],[-138,-12],[-122,-21],[-15,-3],[-17,-4],[-17,-3],[-104,-22],[-120,-17],[-17,-1],[-17,-1],[-35,-2],[-85,2],[-104,10],[-154,34],[-17,5],[-18,6],[-17,5],[-51,19],[-69,29],[-103,52],[-120,74],[-10,7],[-8,6],[-51,38],[-172,134],[-309,244],[-15,11],[-2,2],[-18,12],[-17,11],[-34,21],[-69,36],[-17,9],[-17,8],[-10,5],[-35,17],[-58,31],[-133,90],[-76,69],[-62,70],[-80,121],[-40,86],[-36,139],[-5,69],[10,138],[17,70],[50,121],[94,138],[65,69],[93,78],[120,76],[34,17],[17,9],[18,7],[68,28],[18,6],[17,6],[17,5],[103,26],[34,6],[18,3],[17,3],[34,5],[10,2],[7,1],[189,47],[52,20],[34,17],[3,2],[14,8],[18,9],[51,33],[3,2],[14,10],[17,12],[35,27],[51,44],[12,11],[6,4],[14,13],[20,17],[39,35],[19,17],[11,10],[8,7],[37,35],[68,69],[16,17],[8,10],[8,8],[9,10],[7,7],[10,12],[5,5],[81,79],[69,54],[103,63],[86,40],[103,35],[86,19],[34,6],[18,2],[34,4],[69,5],[137,-5],[103,-16],[52,-12],[17,-4],[17,-5],[52,-16],[34,-12],[120,-53],[69,-37],[52,-32],[16,-11],[1,0],[17,-12],[34,-25],[121,-104],[77,-84],[14,-17],[12,-15],[2,-2],[26,-35],[68,-104],[46,-86],[219,-457],[89,-166],[65,-95],[69,-69],[103,-76],[35,-20],[34,-17],[17,-8],[17,-8],[42,-19],[39,-17],[5,-3],[17,-7],[16,-7],[36,-16],[69,-30],[103,-38],[189,-61],[65,-29],[35,-17],[3,-1],[17,-9],[17,-10],[52,-31],[103,-87],[58,-69],[77,-139],[36,-121],[13,-156],[-14,-121],[-44,-138],[-62,-139],[-73,-138],[-8,-14],[-2,-4],[-11,-17],[-22,-35],[-48,-69],[-124,-146],[-68,-66],[-138,-110],[-172,-104],[-137,-66],[-120,-40],[-103,-17]],[[36874,14922],[-137,-4],[-138,23],[-86,29],[-137,73],[-103,85],[-71,81],[-82,139],[-33,86],[-21,87],[-12,155],[14,122],[35,121],[7,17],[7,17],[16,35],[40,69],[51,69],[83,86],[69,53],[120,66],[103,36],[138,23],[137,-4],[155,-36],[137,-66],[69,-47],[69,-61],[58,-67],[77,-121],[37,-87],[34,-138],[8,-87],[-9,-138],[-19,-87],[-46,-121],[-87,-138],[-70,-77],[-104,-81],[-85,-48],[-86,-34],[-35,-10],[-17,-5],[-17,-4],[-69,-11]],[[46359,17610],[-155,11],[-120,32],[-137,67],[-69,49],[-76,71],[-81,103],[-47,87],[-34,87],[-29,138],[-2,138],[12,87],[35,121],[71,139],[99,121],[69,60],[69,47],[103,52],[86,28],[137,23],[138,-3],[86,-16],[137,-49],[138,-85],[97,-92],[95,-138],[56,-139],[26,-138],[1,-121],[-9,-70],[-26,-103],[-52,-122],[-43,-69],[-87,-104],[-93,-77],[-137,-77],[-103,-35],[-155,-23]],[[40122,17468],[-86,-7],[-138,1],[-137,18],[-138,31],[-68,13],[-18,2],[-11,2],[-6,1],[-137,14],[-120,2],[-172,-12],[-103,0],[-138,15],[-86,20],[-120,39],[-155,75],[-17,10],[-15,9],[-2,2],[-17,11],[-17,11],[-84,63],[-76,69],[-34,35],[-16,17],[-14,16],[-1,1],[-80,104],[-72,138],[-28,87],[-23,138],[5,139],[11,69],[9,35],[5,17],[2,8],[3,9],[6,18],[6,17],[23,52],[17,34],[10,18],[4,8],[6,9],[11,17],[81,104],[74,69],[69,50],[137,68],[138,36],[120,12],[137,-1],[121,-13],[103,3],[86,16],[68,20],[18,6],[17,7],[51,23],[119,68],[114,86],[66,69],[79,96],[35,38],[4,5],[13,13],[17,18],[165,159],[84,121],[26,48],[34,16],[189,-26],[103,-7],[18,-1],[17,-2],[34,-3],[224,-37],[120,-32],[189,-67],[120,-50],[67,-29],[2,-1],[17,-7],[17,-8],[69,-29],[16,-7],[1,-1],[17,-8],[35,-18],[68,-41],[111,-88],[81,-86],[92,-139],[52,-121],[23,-86],[14,-87],[2,-138],[-27,-156],[-43,-121],[-55,-104],[-81,-121],[-106,-121],[-35,-35],[-10,-11],[-7,-6],[-11,-11],[-6,-7],[-35,-34],[-73,-69],[-78,-70],[-117,-92],[-137,-93],[-155,-87],[-309,-150],[-52,-21],[-17,-7],[0,0],[-17,-6],[-52,-18],[-137,-36],[-103,-17]],[[51823,21034],[-137,-5],[-155,10],[-137,24],[-35,8],[-17,5],[-17,5],[-69,22],[-137,58],[-121,68],[-78,54],[-103,87],[-70,69],[-114,139],[-56,86],[-30,69],[-27,139],[-1,17],[0,17],[1,35],[9,69],[45,139],[86,138],[115,115],[86,60],[69,37],[120,45],[86,20],[103,12],[137,0],[103,-9],[138,-24],[137,-39],[86,-33],[121,-58],[124,-74],[65,-46],[86,-80],[40,-47],[49,-69],[30,-52],[17,-35],[1,-1],[7,-16],[8,-17],[35,-104],[19,-104],[6,-69],[0,-18],[0,-17],[-2,-34],[-10,-87],[-28,-104],[-29,-69],[-39,-69],[-70,-87],[-69,-61],[-69,-44],[-137,-53],[-172,-22]],[[44091,24739],[-86,1],[-120,17],[-121,35],[-137,66],[-137,100],[-81,81],[-54,69],[-44,69],[-10,18],[0,0],[-9,17],[-18,34],[-51,122],[-6,17],[-2,9],[-3,8],[-6,17],[-14,52],[-18,87],[-21,156],[-30,346],[-29,236],[-49,283],[-17,121],[-3,35],[-3,34],[-1,35],[-1,17],[0,18],[1,34],[2,35],[5,52],[10,69],[16,86],[27,122],[55,173],[38,86],[72,121],[52,70],[62,69],[71,69],[41,36],[35,28],[34,26],[17,12],[3,2],[14,9],[86,51],[69,33],[52,21],[103,31],[154,21],[103,-3],[155,-34],[69,-29],[69,-38],[68,-48],[69,-61],[34,-37],[3,-3],[15,-17],[17,-21],[47,-66],[68,-121],[30,-69],[40,-121],[34,-138],[28,-174],[13,-173],[0,-69],[-1,-86],[-1,-70],[0,-17],[0,-17],[0,-35],[0,-52],[16,-173],[47,-363],[3,-35],[4,-52],[2,-17],[1,-17],[4,-139],[-5,-138],[-25,-156],[-24,-87],[-46,-121],[-73,-138],[-47,-69],[-81,-95],[-69,-63],[-137,-92],[-120,-53],[-52,-17],[-17,-5],[-34,-8],[-155,-19]],[[7164,13351],[-86,-10],[-137,-1],[-69,8],[-17,3],[-8,1],[-9,2],[-52,11],[-137,47],[-189,102],[-138,99],[-76,68],[-34,35],[-33,34],[-11,13],[-4,4],[-16,18],[-42,52],[-87,121],[-52,86],[-6,10],[-4,8],[-17,34],[-25,52],[-63,173],[-29,156],[-3,52],[1,35],[0,17],[2,17],[27,156],[44,121],[77,138],[52,70],[46,52],[13,13],[4,4],[18,17],[149,121],[18,11],[10,7],[7,4],[34,21],[69,36],[137,57],[69,19],[189,27],[138,-4],[17,-2],[17,-2],[34,-6],[86,-19],[17,-5],[35,-10],[172,-72],[120,-69],[69,-50],[34,-29],[17,-15],[3,-2],[14,-14],[84,-90],[97,-139],[68,-138],[36,-104],[34,-138],[19,-139],[1,-208],[-24,-173],[-46,-155],[-56,-122],[-42,-69],[-85,-105],[-68,-63],[-6,-5],[-12,-9],[-17,-12],[-34,-23],[-138,-70],[-86,-31],[-120,-29]],[[14742,14130],[-155,17],[-120,39],[-120,65],[-69,53],[-84,86],[-89,139],[-8,17],[-8,18],[0,0],[-7,17],[-13,34],[-36,139],[-12,138],[0,35],[1,17],[1,18],[2,34],[2,17],[3,18],[30,138],[46,121],[67,121],[51,70],[88,95],[138,104],[68,37],[35,16],[17,7],[1,0],[16,6],[17,7],[17,5],[18,6],[34,9],[137,21],[155,-8],[86,-20],[120,-49],[35,-19],[17,-10],[17,-12],[69,-53],[34,-32],[17,-18],[6,-6],[11,-13],[4,-4],[53,-69],[73,-139],[43,-138],[4,-17],[3,-18],[5,-34],[6,-70],[1,-69],[-1,-17],[-1,-17],[-3,-35],[-25,-139],[-42,-121],[-84,-155],[-87,-111],[-86,-82],[-34,-27],[-8,-5],[-10,-8],[-17,-12],[-17,-11],[-6,-4],[-11,-7],[-34,-20],[-138,-60],[-17,-5],[-17,-5],[-17,-4],[-35,-8],[-137,-13]],[[21237,25859],[-121,-3],[-137,29],[-137,71],[-69,59],[-63,74],[-12,17],[-11,18],[-19,34],[-50,139],[-12,86],[-1,69],[3,35],[3,17],[2,18],[22,86],[68,139],[70,85],[17,16],[17,16],[5,4],[12,10],[35,25],[17,11],[17,10],[69,33],[17,6],[17,6],[35,10],[51,11],[17,2],[17,2],[138,-5],[120,-35],[121,-69],[91,-86],[49,-70],[11,-17],[18,-35],[21,-51],[32,-139],[2,-17],[1,-18],[0,-17],[-3,-69],[-32,-138],[-22,-52],[-9,-18],[-5,-10],[-4,-7],[-10,-17],[-3,-5],[-8,-13],[-12,-17],[-27,-35],[-39,-42],[-17,-16],[-12,-11],[-5,-4],[-69,-49],[-69,-35],[-68,-23],[-35,-9],[-17,-3],[-17,-3]],[[30531,11627],[-17,-2],[-34,0],[-69,7],[-138,53],[-51,32],[-3,2],[-14,11],[-18,12],[-240,208],[-69,41],[-69,26],[-34,9],[-17,5],[-17,4],[-17,3],[-18,4],[-34,6],[-69,9],[-68,6],[-155,1],[-138,-9],[-17,-2],[-17,-1],[-69,-9],[-103,-13],[-34,-4],[-17,-1],[-18,-1],[-34,-2],[-103,-1],[-137,12],[-35,5],[-17,4],[-17,4],[-69,18],[-34,11],[-17,6],[-4,2],[-14,5],[-17,7],[-137,67],[-138,93],[-86,75],[-122,133],[-52,70],[-12,17],[-3,4],[-8,13],[-22,35],[-48,86],[-16,35],[-8,17],[-7,18],[-7,17],[-13,34],[-12,35],[-20,69],[-7,35],[-4,17],[-3,18],[-9,69],[-4,69],[-1,17],[0,18],[2,34],[1,17],[1,18],[4,34],[3,18],[2,17],[7,35],[44,138],[34,69],[31,52],[9,14],[2,4],[24,34],[103,121],[155,139],[25,20],[19,14],[15,12],[18,13],[13,10],[49,35],[127,81],[223,115],[172,75],[172,61],[68,19],[18,4],[17,4],[34,8],[17,4],[18,3],[34,6],[69,10],[68,5],[138,-2],[172,-26],[103,-29],[17,-6],[10,-4],[7,-2],[17,-7],[52,-21],[34,-15],[17,-9],[18,-8],[85,-49],[138,-99],[75,-67],[109,-121],[50,-69],[71,-121],[8,-17],[8,-18],[16,-34],[14,-35],[6,-17],[4,-10],[2,-7],[6,-18],[16,-52],[13,-52],[4,-17],[3,-17],[26,-173],[6,-35],[3,-17],[4,-18],[7,-34],[5,-17],[4,-18],[73,-243],[61,-172],[14,-35],[7,-17],[3,-7],[5,-10],[8,-18],[16,-34],[6,-14],[2,-4],[14,-34],[49,-139],[10,-34],[4,-17],[5,-18],[18,-104],[8,-121],[-2,-69],[-1,-17],[-3,-18],[-2,-17],[-7,-35],[-5,-17],[-5,-17],[-19,-52],[-38,-69],[-45,-59],[-69,-58],[-69,-37],[-103,-25]],[[6114,14030],[-51,-2],[-69,9],[-17,5],[-17,6],[-17,6],[-69,38],[-69,60],[-66,111],[-13,52],[2,87],[24,69],[42,69],[14,17],[14,16],[2,2],[67,54],[69,32],[137,28],[103,3],[121,-16],[34,-12],[7,-3],[10,-4],[17,-9],[77,-56],[42,-52],[33,-69],[12,-121],[-3,-18],[-4,-17],[-6,-17],[-65,-104],[-68,-54],[-86,-46],[-86,-34],[-121,-30]],[[14946,13897],[-103,-4],[-34,1],[-17,1],[-17,1],[-18,1],[-17,1],[-34,4],[-69,9],[-86,17],[-34,9],[-17,4],[-18,5],[-51,16],[-86,31],[-137,68],[-35,21],[-17,11],[-17,11],[-17,12],[-69,49],[-79,64],[-38,34],[-18,17],[-3,3],[-15,15],[-64,69],[-29,35],[-26,34],[-3,5],[-9,12],[-67,122],[-35,103],[-14,87],[0,104],[14,86],[33,104],[83,156],[108,138],[32,35],[10,10],[7,7],[17,18],[76,69],[123,94],[86,54],[69,36],[34,16],[17,7],[0,0],[17,8],[86,31],[35,10],[11,3],[6,2],[17,5],[137,26],[138,11],[172,-6],[137,-25],[172,-57],[138,-68],[192,-130],[84,-69],[16,-14],[4,-3],[18,-18],[36,-34],[34,-35],[11,-12],[4,-5],[15,-18],[28,-34],[47,-69],[54,-122],[18,-86],[2,-17],[1,-18],[2,-34],[-2,-69],[-11,-87],[-6,-35],[-3,-17],[-4,-17],[-4,-18],[-5,-17],[-4,-17],[-16,-52],[-43,-104],[-61,-104],[-115,-138],[-138,-117],[-137,-86],[-138,-63],[-103,-35],[-137,-33],[-121,-15]],[[9981,16141],[-138,-5],[-69,13],[-120,56],[-69,58],[-87,111],[-66,139],[-40,156],[-12,121],[1,69],[16,121],[19,69],[48,121],[81,139],[58,69],[103,89],[137,86],[69,31],[51,20],[18,5],[17,6],[17,5],[172,30],[154,-2],[138,-34],[69,-33],[68,-49],[77,-85],[42,-69],[34,-86],[23,-139],[-7,-138],[-29,-121],[-74,-173],[-9,-18],[-9,-17],[-9,-17],[-40,-70],[-87,-121],[-66,-72],[-103,-89],[-69,-46],[-138,-75],[-68,-28],[-103,-27]],[[4877,18542],[-68,14],[-35,27],[-34,58],[0,87],[34,61],[69,42],[52,2],[68,-34],[44,-88],[-7,-70],[-54,-73],[-69,-26]],[[35669,19802],[-69,26],[-11,8],[-6,5],[-24,29],[-23,69],[12,70],[20,34],[32,33],[17,11],[16,8],[1,1],[69,13],[69,-18],[40,-30],[38,-87],[-9,-69],[-52,-69],[-34,-21],[-86,-13]],[[28486,21336],[-137,-1],[-69,9],[-17,4],[-17,4],[-35,8],[-137,56],[-34,20],[-15,9],[-3,2],[-17,12],[-68,59],[-57,65],[-44,70],[-56,138],[-25,139],[-5,86],[11,121],[34,139],[62,138],[96,139],[69,72],[138,104],[137,71],[86,33],[155,40],[17,3],[17,3],[35,4],[17,2],[17,1],[34,2],[138,-5],[15,-2],[2,0],[17,-2],[52,-10],[120,-38],[138,-77],[70,-63],[77,-104],[50,-121],[21,-104],[1,-138],[-10,-69],[-7,-35],[-4,-17],[-4,-18],[-5,-17],[-5,-17],[-6,-18],[-19,-52],[-70,-138],[-46,-69],[-9,-13],[-4,-5],[-13,-17],[-29,-34],[-31,-35],[-78,-74],[-137,-103],[-69,-41],[-17,-10],[-17,-9],[-35,-17],[-103,-42],[-69,-20],[-103,-18]],[[2953,26044],[-69,31],[-36,60],[-3,17],[-1,17],[3,35],[38,69],[51,35],[68,7],[69,-37],[16,-22],[1,-2],[7,-15],[9,-35],[-11,-69],[-20,-35],[-71,-50],[-51,-6]],[[35987,9890],[-120,-4],[-18,1],[-17,2],[-34,6],[-69,17],[-137,66],[-18,12],[-12,8],[-5,4],[-34,28],[-71,72],[-13,18],[-2,2],[-11,15],[-24,34],[-67,139],[-29,104],[-15,155],[3,70],[2,17],[2,17],[2,8],[1,10],[6,34],[4,18],[4,17],[34,104],[32,69],[19,35],[3,4],[7,13],[12,17],[51,69],[33,37],[14,15],[3,3],[34,31],[69,53],[86,49],[137,48],[69,11],[17,2],[17,1],[35,0],[69,-5],[17,-2],[1,0],[16,-3],[34,-8],[138,-55],[34,-21],[1,0],[16,-11],[17,-13],[69,-60],[85,-106],[68,-139],[16,-52],[3,-10],[2,-7],[8,-35],[6,-34],[3,-17],[2,-18],[1,-17],[2,-17],[1,-18],[0,-34],[0,-35],[-1,-17],[-2,-18],[-25,-138],[-28,-87],[-51,-103],[-45,-70],[-10,-13],[-3,-4],[-15,-18],[-34,-38],[-103,-90],[-138,-77],[-154,-41]],[[30695,11605],[-52,-3],[-34,0],[-18,0],[-17,1],[-154,22],[-121,39],[-103,51],[-17,10],[-32,21],[-24,18],[-64,51],[-138,75],[-103,26],[-103,-14],[-206,-44],[-103,-16],[-155,-15],[-69,-2],[-17,0],[-17,-1],[-34,0],[-327,17],[-137,17],[-138,33],[-171,70],[-121,69],[-144,114],[-68,70],[-58,69],[-5,6],[-8,11],[-12,17],[-23,35],[-83,156],[-59,173],[-28,138],[-14,191],[6,121],[1,17],[2,17],[3,18],[2,17],[3,17],[7,35],[3,17],[4,17],[35,122],[33,86],[31,69],[8,18],[3,7],[5,10],[18,35],[90,155],[71,104],[55,69],[15,18],[16,17],[5,6],[69,69],[17,15],[16,14],[1,1],[35,29],[69,50],[51,34],[12,7],[5,3],[17,10],[18,10],[17,9],[17,9],[34,17],[52,23],[86,32],[137,35],[69,8],[120,-1],[69,-10],[17,-3],[15,-4],[2,0],[35,-9],[86,-31],[17,-8],[17,-8],[34,-18],[35,-20],[17,-11],[17,-11],[17,-13],[13,-9],[4,-3],[35,-28],[86,-85],[32,-40],[19,-25],[18,-24],[2,-3],[12,-17],[3,-4],[73,-117],[91,-191],[14,-34],[6,-17],[13,-35],[17,-52],[45,-156],[16,-46],[7,-23],[6,-17],[4,-11],[34,-98],[62,-168],[18,-52],[6,-18],[6,-17],[11,-34],[17,-46],[18,-39],[1,-2],[9,-17],[7,-12],[17,-24],[34,-38],[86,-55],[69,-17],[34,-4],[18,-1],[17,-1],[68,-1],[35,1],[17,2],[86,9],[69,2],[34,-1],[17,-2],[17,-1],[69,-9],[17,-3],[17,-4],[35,-8],[69,-21],[17,-7],[17,-7],[17,-7],[150,-85],[22,-18],[21,-17],[13,-12],[6,-5],[64,-69],[45,-70],[31,-69],[22,-104],[-2,-69],[-21,-86],[-33,-70],[-48,-69],[-69,-69],[-132,-88],[-120,-51],[-86,-22],[-103,-15]],[[44561,12797],[-52,-2],[-17,0],[-17,2],[-34,4],[-138,39],[-34,16],[-17,8],[-13,7],[-4,3],[-52,31],[-17,11],[-9,7],[-8,6],[-18,13],[-17,14],[-68,63],[-35,37],[-17,21],[-15,19],[-2,3],[-11,14],[-24,35],[-11,17],[-6,9],[-5,9],[-60,121],[-35,104],[-3,11],[-1,6],[-8,35],[-9,51],[-4,35],[-1,17],[-1,18],[-1,69],[9,86],[7,35],[4,17],[4,18],[18,52],[33,69],[53,71],[52,46],[69,38],[68,21],[69,7],[137,-16],[121,-45],[137,-86],[69,-60],[73,-80],[50,-69],[81,-156],[2,-5],[5,-12],[6,-18],[6,-17],[16,-52],[4,-17],[4,-17],[4,-18],[3,-17],[3,-17],[2,-18],[2,-17],[2,-17],[1,-18],[1,-17],[1,-35],[-3,-69],[-4,-34],[-1,-9],[-2,-9],[-33,-121],[-8,-17],[-8,-17],[-18,-35],[-69,-86],[-69,-50],[-68,-29],[-69,-13]],[[39630,16808],[-121,0],[-68,14],[-138,45],[-240,62],[-174,61],[-66,34],[-92,70],[-64,31],[-51,9],[-103,-22],[-94,-70],[-216,-143],[-103,-44],[-137,-11],[-138,32],[-137,75],[-69,55],[-69,71],[-63,86],[-74,138],[-41,122],[-11,51],[-6,35],[-3,17],[-2,18],[-4,138],[16,121],[45,139],[100,190],[130,225],[11,17],[12,18],[26,34],[98,104],[93,71],[155,82],[6,3],[11,4],[34,13],[52,15],[86,19],[51,7],[17,2],[18,1],[34,1],[69,-1],[17,-1],[17,-2],[52,-6],[68,-3],[17,0],[18,0],[34,0],[69,3],[86,8],[68,21],[138,111],[16,15],[1,2],[17,18],[14,15],[3,3],[52,61],[69,91],[68,104],[11,18],[7,10],[17,29],[17,29],[138,243],[91,174],[80,143],[103,153],[69,80],[138,118],[120,67],[120,40],[120,15],[103,-5],[138,-30],[86,-34],[223,-122],[120,-82],[155,-131],[88,-91],[71,-87],[13,-17],[0,0],[13,-17],[4,-6],[9,-12],[12,-17],[24,-35],[100,-155],[69,-122],[55,-121],[29,-86],[24,-104],[18,-156],[-3,-138],[-16,-121],[-37,-139],[-67,-156],[-71,-121],[-8,-13],[-3,-4],[-11,-17],[-24,-35],[-92,-121],[-130,-139],[-84,-74],[-120,-90],[-86,-54],[-69,-41],[-28,-17],[-6,-4],[-18,-11],[-5,-3],[-12,-7],[-17,-10],[-17,-11],[-86,-51],[-351,-198],[-103,-69],[-95,-104],[-70,-102],[-68,-75],[-69,-55],[-69,-40],[-69,-28],[-85,-20]],[[35832,19182],[-103,-2],[-69,9],[-120,32],[-137,71],[-69,52],[-69,69],[-53,69],[-51,86],[-47,122],[-20,86],[-10,87],[5,138],[11,69],[31,104],[69,139],[49,69],[68,72],[68,57],[69,44],[120,53],[155,31],[138,-4],[68,-13],[103,-35],[138,-79],[17,-13],[12,-9],[5,-5],[35,-31],[99,-120],[41,-69],[49,-121],[31,-156],[3,-104],[-19,-139],[-46,-138],[-80,-138],[-61,-73],[-121,-101],[-137,-70],[-52,-17],[-17,-4],[-17,-4],[-17,-4],[-69,-10]]],"transform":{"scale":[0.00007391146667985026,0.00007338638917665265],"translate":[-91.5583694083748,42.121606277322186]},"objects":{"clanTerritories":{"type":"GeometryCollection","geometries":[{"arcs":[[[0]],[[1]],[[2]],[[3]],[[4]],[[5]],[[6]],[[7]],[[8]],[[9]],[[10]],[[11]],[[12]],[[13]],[[14]],[[15]],[[16]],[[17]],[[18]],[[19]],[[20]]],"type":"MultiPolygon","properties":{"Clan":"Bear","Area_Type":"Total Territory"}},{"arcs":[[[21]],[[22]],[[23]],[[24]],[[25]],[[26]],[[27]]],"type":"MultiPolygon","properties":{"Clan":"Fork_Tailed_Bird","Area_Type":"Total Territory"}},{"arcs":[[[28]],[[29]],[[30]],[[31]],[[32]],[[33]],[[34]],[[35]],[[36]],[[37]]],"type":"MultiPolygon","properties":{"Clan":"Unknown_Turtle","Area_Type":"Total Territory"}},{"arcs":[[[38]],[[39]]],"type":"MultiPolygon","properties":{"Clan":"Goose","Area_Type":"Core Area"}},{"arcs":[[[40]],[[41]],[[42]],[[43]],[[44]],[[45]],[[46]],[[47]],[[48]],[[49]],[[50]]],"type":"MultiPolygon","properties":{"Clan":"Long_Tailed_Turtle","Area_Type":"Total Territory"}},{"arcs":[[[51]],[[52]],[[53]]],"type":"MultiPolygon","properties":{"Clan":"Mink","Area_Type":"Total Territory"}},{"arcs":[[[54]],[[55]],[[56]],[[57]],[[58]],[[59]],[[60]],[[61]],[[62]]],"type":"MultiPolygon","properties":{"Clan":"Bear","Area_Type":"Core Area"}},{"arcs":[[[40]],[[41]],[[42]],[[43]],[[44]],[[45]],[[46]],[[47]],[[48]],[[49]],[[50]]],"type":"MultiPolygon","properties":{"Clan":"Long_Tailed_Turtle","Area_Type":"Core Area"}},{"arcs":[[[63]],[[64]],[[65]],[[66]],[[67]],[[68]],[[69]],[[70]],[[71]],[[72]],[[73]],[[74]],[[75]],[[76]],[[77]],[[78]],[[79]],[[80]],[[81]],[[82]],[[83]]],"type":"MultiPolygon","properties":{"Clan":"Panther","Area_Type":"Total Territory"}},{"arcs":[[[84]],[[85]],[[86]],[[87]],[[88]],[[89]],[[90]],[[91]],[[92]],[[93]],[[94]],[[95]]],"type":"MultiPolygon","properties":{"Clan":"Unknown_Quadruped","Area_Type":"Core Area"}},{"arcs":[[96]],"type":"Polygon","properties":{"Clan":"No_Tailed_Turtle","Area_Type":"Core Area"}},{"arcs":[[[51]],[[52]],[[53]]],"type":"MultiPolygon","properties":{"Clan":"Mink","Area_Type":"Core Area"}},{"arcs":[[[97]],[[98]],[[99]],[[100]],[[101]],[[102]],[[103]],[[104]],[[105]],[[106]]],"type":"MultiPolygon","properties":{"Clan":"Panther","Area_Type":"Core Area"}},{"arcs":[[96]],"type":"Polygon","properties":{"Clan":"No_Tailed_Turtle","Area_Type":"Total Territory"}},{"arcs":[[[107]],[[108]],[[109]],[[110]]],"type":"MultiPolygon","properties":{"Clan":"Short_Tailed_Turtle","Area_Type":"Total Territory"}},{"arcs":[[[111]],[[112]],[[113]],[[114]],[[115]],[[116]],[[117]],[[118]],[[119]],[[120]],[[121]],[[122]],[[123]],[[124]],[[125]],[[126]],[[127]],[[128]],[[129]],[[130]],[[131]],[[132]],[[133]],[[134]],[[135]],[[136]],[[137]]],"type":"MultiPolygon","properties":{"Clan":"Bird","Area_Type":"Total Territory"}},{"arcs":[[[138]],[[139]],[[140]],[[141]],[[142]],[[143]],[[144]],[[145]]],"type":"MultiPolygon","properties":{"Clan":"Water_Spirit","Area_Type":"Total Territory"}},{"arcs":[[[146]],[[147]],[[148]],[[149]],[[150]]],"type":"MultiPolygon","properties":{"Clan":"Long_Tailed_Quadruped","Area_Type":"Core Area"}},{"arcs":[[[107]],[[108]],[[109]],[[110]]],"type":"MultiPolygon","properties":{"Clan":"Short_Tailed_Turtle","Area_Type":"Core Area"}},{"arcs":[[[84]],[[85]],[[86]],[[87]],[[88]],[[89]],[[90]],[[91]],[[92]],[[93]],[[94]],[[95]]],"type":"MultiPolygon","properties":{"Clan":"Unknown_Quadruped","Area_Type":"Total Territory"}},{"arcs":[[[138]],[[139]],[[140]],[[141]],[[142]],[[143]],[[144]],[[145]]],"type":"MultiPolygon","properties":{"Clan":"Water_Spirit","Area_Type":"Core Area"}},{"arcs":[[[151]],[[152]],[[153]],[[154]],[[155]],[[156]],[[157]],[[158]],[[159]],[[160]],[[161]],[[162]],[[163]],[[164]],[[165]],[[166]],[[167]]],"type":"MultiPolygon","properties":{"Clan":"Short_Tailed_Quadruped","Area_Type":"Core Area"}},{"arcs":[[[168]],[[169]],[[170]],[[171]],[[172]],[[173]],[[174]],[[175]],[[176]],[[177]],[[178]],[[179]],[[180]],[[181]],[[182]],[[183]],[[184]],[[185]],[[186]]],"type":"MultiPolygon","properties":{"Clan":"Long_Tailed_Quadruped","Area_Type":"Total Territory"}},{"arcs":[[[151]],[[152]],[[153]],[[154]],[[155]],[[156]],[[157]],[[158]],[[159]],[[160]],[[161]],[[162]],[[163]],[[164]],[[165]],[[166]],[[167]]],"type":"MultiPolygon","properties":{"Clan":"Short_Tailed_Quadruped","Area_Type":"Total Territory"}},{"arcs":[[[28]],[[29]],[[30]],[[31]],[[32]],[[33]],[[34]],[[35]],[[36]],[[37]]],"type":"MultiPolygon","properties":{"Clan":"Unknown_Turtle","Area_Type":"Core Area"}},{"arcs":[[[187]],[[188]],[[189]]],"type":"MultiPolygon","properties":{"Clan":"Fork_Tailed_Bird","Area_Type":"Core Area"}},{"arcs":[[[190]],[[191]],[[192]],[[193]],[[194]],[[195]],[[196]],[[197]]],"type":"MultiPolygon","properties":{"Clan":"Bird","Area_Type":"Core Area"}},{"arcs":[[[198]],[[199]],[[200]],[[201]],[[202]]],"type":"MultiPolygon","properties":{"Clan":"Goose","Area_Type":"Total Territory"}}]}}}