{
"type": "FeatureCollection",
"name": "other_states",
"crs": { "type": "name", "properties": { "name": "urn:ogc:def:crs:OGC:1.3:CRS84" } },
"features": [
{ "type": "Feature", "properties": { "featurecla": "Admin-1 scale rank", "scalerank": 2, "adm1_code": "CAN-630", "diss_me": 630, "iso_3166_2": "CA-MB", "wikipedia": "http://en.wikipedia.org/wiki/Manitoba", "iso_a2": "CA", "adm0_sr": 1, "name": "Manitoba", "name_alt": null, "name_local": null, "type": "Province", "type_en": "Province", "code_local": null, "code_hasc": "CA.MB", "note": null, "hasc_maybe": null, "region": "Western Canada", "region_cod": null, "provnum_ne": 11, "gadm_level": 1, "check_me": 20, "datarank": 2, "abbrev": "Man.", "postal": "MB", "area_sqkm": 0, "sameascity": -99, "labelrank": 2, "name_len": 8, "mapcolor9": 2, "mapcolor13": 2, "fips": "CA03", "fips_alt": null, "woe_id": 2344917, "woe_label": "Manitoba, CA, Canada", "woe_name": "Manitoba", "latitude": 54.85, "longitude": -97.3828, "sov_a3": "CAN", "adm0_a3": "CAN", "adm0_label": 2, "admin": "Canada", "geonunit": "Canada", "gu_a3": "CAN", "gn_id": 6065171, "gn_name": "Manitoba", "gns_id": -568643, "gns_name": "Manitoba, Province de", "gn_level": 1, "gn_region": null, "gn_a1_code": "CA.03", "region_sub": "Prairies", "sub_code": null, "gns_level": 1, "gns_lang": "fra", "gns_adm1": "CA03", "gns_region": null, "min_label": 3.5, "max_label": 7.5, "min_zoom": 2.0, "wikidataid": "Q1948", "name_ar": "مانيتوبا", "name_bn": "ম্যানিটোবা", "name_de": "Manitoba", "name_en": "Manitoba", "name_es": "Manitoba", "name_fr": "Manitoba", "name_el": "Μανιτόμπα", "name_hi": "मानिटोबा", "name_hu": "Manitoba", "name_id": "Manitoba", "name_it": "Manitoba", "name_ja": "マニトバ州", "name_ko": "매니토바", "name_nl": "Manitoba", "name_pl": "Manitoba", "name_pt": "Manitoba", "name_ru": "Манитоба", "name_sv": "Manitoba", "name_tr": "Manitoba", "name_vi": "Manitoba", "name_zh": "曼尼托巴", "ne_id": 1159308777, "name_he": "מניטובה", "name_uk": "Манітоба", "name_ur": "مانیٹوبا", "name_fa": "مانیتوبا", "name_zht": "曼尼托巴省", "FCLASS_ISO": null, "FCLASS_US": null, "FCLASS_FR": null, "FCLASS_RU": null, "FCLASS_ES": null, "FCLASS_CN": null, "FCLASS_TW": null, "FCLASS_IN": null, "FCLASS_NP": null, "FCLASS_PK": null, "FCLASS_DE": null, "FCLASS_GB": null, "FCLASS_BR": null, "FCLASS_IL": null, "FCLASS_PS": null, "FCLASS_SA": null, "FCLASS_EG": null, "FCLASS_MA": null, "FCLASS_PT": null, "FCLASS_AR": null, "FCLASS_JP": null, "FCLASS_KO": null, "FCLASS_VN": null, "FCLASS_TR": null, "FCLASS_ID": null, "FCLASS_PL": null, "FCLASS_GR": null, "FCLASS_IT": null, "FCLASS_NL": null, "FCLASS_SE": null, "FCLASS_BD": null, "FCLASS_UA": null, "FCLASS_TLC": null }, "geometry": { "type": "MultiPolygon", "coordinates": [ [ [ [ -88.948495061717026, 56.851306871373311 ], [ -89.205223587135436, 56.694839580248299 ], [ -89.463687952463815, 56.535252171816779 ], [ -89.722141331463661, 56.375675749713793 ], [ -89.980572737806412, 56.216099327610806 ], [ -90.330036862465533, 55.991341018255696 ], [ -90.679500987124655, 55.766571722572053 ], [ -91.028987084440871, 55.541780454231343 ], [ -91.378451209099993, 55.3170111585477 ], [ -91.68388212895438, 55.107930340025007 ], [ -91.989335021465862, 54.898849521502342 ], [ -92.294776927648797, 54.689757716651116 ], [ -92.600207847503185, 54.480676898128451 ], [ -92.855206026175907, 54.297512828641288 ], [ -93.110204204848628, 54.114315800168498 ], [ -93.36522435617843, 53.931129758024269 ], [ -93.620222534851152, 53.747932729551479 ], [ -94.003634414711527, 53.516549664084295 ], [ -94.387024321914822, 53.285166598617081 ], [ -94.770408735953836, 53.053761560492831 ], [ -95.153826108978492, 52.822356522368551 ], [ -95.154781919561827, 52.39096734575611 ], [ -95.155710264323801, 51.959512251172384 ], [ -95.156638609085775, 51.52806814291722 ], [ -95.157572447012029, 51.096624034662085 ], [ -95.158500791774003, 50.665179926406921 ], [ -95.159429136535977, 50.233757790808824 ], [ -95.160362974462231, 49.802335655210754 ], [ -95.155298277003396, 49.369672064487219 ], [ -95.158242613053218, 49.203097351101633 ], [ -95.162043882729478, 48.99176433522743 ], [ -95.397920356571191, 48.993181571609597 ], [ -95.824299767367535, 48.993181571609597 ], [ -96.250684671328131, 48.993181571609597 ], [ -96.677064082124474, 48.993181571609597 ], [ -97.10344898608507, 48.993181571609597 ], [ -97.225737809109404, 48.993181571609597 ], [ -97.529828396881413, 48.993181571609597 ], [ -97.956213300842009, 48.993181571609597 ], [ -98.382592711638353, 48.993181571609597 ], [ -98.808977615598948, 48.993159598952531 ], [ -99.235357026395292, 48.993137626295436 ], [ -99.661741930355888, 48.993137626295436 ], [ -100.088121341152231, 48.993137626295436 ], [ -100.514506245112827, 48.993137626295436 ], [ -100.94088565590917, 48.993137626295436 ], [ -101.367270559869766, 48.993137626295436 ], [ -101.404217582763565, 49.420549751974903 ], [ -101.444010064750273, 49.847039026056677 ], [ -101.483802546736996, 50.273473368495729 ], [ -101.523589535559424, 50.69995165624897 ], [ -101.563382017546147, 51.12641895767365 ], [ -101.603174499532855, 51.552875272769796 ], [ -101.642961488355297, 51.979331587865943 ], [ -101.682753970342006, 52.405798889290622 ], [ -101.722546452328729, 52.832255204386769 ], [ -101.762333441151156, 53.258711519482915 ], [ -101.802125923137879, 53.68520079356469 ], [ -101.841918405124588, 54.111657108660836 ], [ -101.881710887111296, 54.538113423756982 ], [ -101.921497875933738, 54.964602697838757 ], [ -101.961290357920461, 55.391037040277809 ], [ -102.00110481256425, 55.817526314359583 ], [ -102.001132278385612, 56.07900093370904 ], [ -102.001181716864068, 56.340464566729963 ], [ -102.001209182685429, 56.601917213422354 ], [ -102.00123664850679, 56.863402819100344 ], [ -102.001286086985232, 57.124888424778362 ], [ -102.001313552806593, 57.386363044127819 ], [ -102.001341018627954, 57.647848649805837 ], [ -102.001390457106396, 57.909279323841133 ], [ -102.001417922927757, 58.170764929519123 ], [ -102.001445388749119, 58.432250535197142 ], [ -102.001494827227575, 58.693725154546598 ], [ -102.001522293048936, 58.955210760224617 ], [ -102.001544265706016, 59.216696365902635 ], [ -102.001599197348739, 59.478149012594997 ], [ -102.001621170005834, 59.739612645615921 ], [ -102.001648635827195, 60.001087264965378 ], [ -101.551731016125132, 60.001087264965378 ], [ -101.101807903258802, 60.001087264965378 ], [ -100.651884790392472, 60.001087264965378 ], [ -100.201967170690409, 60.001087264965378 ], [ -99.752044057824079, 60.001087264965378 ], [ -99.302126438122031, 60.001087264965378 ], [ -98.85217585943434, 60.001087264965378 ], [ -98.402258239732276, 60.001087264965378 ], [ -97.952335126865947, 60.001087264965378 ], [ -97.502390041342537, 60.001087264965378 ], [ -97.052466928476207, 60.001087264965378 ], [ -96.602549308774144, 60.001087264965378 ], [ -96.152626195907814, 60.001087264965378 ], [ -95.702708576205751, 60.001087264965378 ], [ -95.252785463339421, 60.001087264965378 ], [ -94.771886397143021, 60.001768417335114 ], [ -94.785811568572655, 59.953340681112763 ], [ -94.776637984238349, 59.478127039937903 ], [ -94.788267013002269, 59.267859697932465 ], [ -94.819556076695847, 59.15132771106525 ], [ -94.870252489762578, 59.087969554351474 ], [ -94.957352102460163, 59.068853342684747 ], [ -94.84660991073568, 59.050352365416472 ], [ -94.776171065275221, 59.020579415061974 ], [ -94.743772382398674, 58.975414618417204 ], [ -94.713384197645709, 58.903333316839394 ], [ -94.673388468580939, 58.870099672993518 ], [ -94.623730263561626, 58.875735659536616 ], [ -94.579180701315323, 58.8684517237119 ], [ -94.539701329692107, 58.84836871513329 ], [ -94.419241730370388, 58.745514707303471 ], [ -94.287054225327822, 58.716005428834023 ], [ -94.280803004386243, 58.658931452047455 ], [ -94.332636502457277, 58.339097455471745 ], [ -94.332219021972605, 58.297371379661286 ], [ -94.272145777493492, 58.378043990160563 ], [ -94.208919456722228, 58.626346001585659 ], [ -94.123187641928382, 58.736703671811114 ], [ -94.055753557324721, 58.76002764731021 ], [ -93.780035163017843, 58.772541075521957 ], [ -93.486172847120372, 58.744481992420333 ], [ -93.375046133896859, 58.741010312600395 ], [ -93.278124743480845, 58.756413145219199 ], [ -93.178753401799511, 58.725618466310124 ], [ -93.154566999509683, 58.694560115515969 ], [ -93.126507916408059, 58.564383108596985 ], [ -93.100201152709232, 58.489862842082374 ], [ -92.925150486851891, 58.224510048756855 ], [ -92.841769746366481, 58.075886996212319 ], [ -92.739838590134354, 57.844042504946287 ], [ -92.70167208477217, 57.777761984839771 ], [ -92.489646930199683, 57.468584726951832 ], [ -92.449387529249847, 57.38484693078874 ], [ -92.432803666312537, 57.320324223249258 ], [ -92.439779984938028, 57.275060549647606 ], [ -92.47835298445635, 57.205297363392589 ], [ -92.548478719553316, 57.110935787527353 ], [ -92.614111046275738, 57.039030267206243 ], [ -92.675244471459351, 56.98954784344366 ], [ -92.738003873267502, 56.952644765864022 ], [ -92.802389251700163, 56.928310048138854 ], [ -92.798154022046418, 56.921948963911831 ], [ -92.725292691141973, 56.933528554197295 ], [ -92.650981164869719, 56.958280752407148 ], [ -92.510317707355398, 57.022309075162156 ], [ -92.456314409396896, 57.036723138211983 ], [ -92.303351757077465, 57.045874749889236 ], [ -92.29828705961863, 57.022748528303907 ], [ -92.372131666927771, 56.975122794065243 ], [ -92.355701612590067, 56.970574454048005 ], [ -92.249040841919722, 57.008971672309599 ], [ -92.018020325294486, 57.063749506430469 ], [ -91.111285671564687, 57.241211671403249 ], [ -90.897447772782414, 57.256922121221294 ], [ -90.592192634184727, 57.224468506702038 ], [ -90.344813474357338, 57.149069333903924 ], [ -90.075165026571071, 57.051917230588487 ], [ -89.790838843849883, 56.98133006969266 ], [ -89.342310994708654, 56.915412098428106 ], [ -89.211551712376831, 56.883815417535288 ], [ -88.948495061717026, 56.851306871373311 ] ] ] ] } },
{ "type": "Feature", "properties": { "featurecla": "Admin-1 scale rank", "scalerank": 2, "adm1_code": "CAN-682", "diss_me": 682, "iso_3166_2": "CA-ON", "wikipedia": "http://en.wikipedia.org/wiki/Ontario", "iso_a2": "CA", "adm0_sr": 1, "name": "Ontario", "name_alt": "Upper Canada", "name_local": null, "type": "Province", "type_en": "Province", "code_local": null, "code_hasc": "CA.ON", "note": null, "hasc_maybe": null, "region": "Eastern Canada", "region_cod": null, "provnum_ne": 7, "gadm_level": 1, "check_me": 20, "datarank": 2, "abbrev": "Ont.", "postal": "ON", "area_sqkm": 0, "sameascity": -99, "labelrank": 2, "name_len": 7, "mapcolor9": 2, "mapcolor13": 2, "fips": "CA08", "fips_alt": null, "woe_id": 2344922, "woe_label": "Ontario, CA, Canada", "woe_name": "Ontario", "latitude": 50.5244, "longitude": -84.7943, "sov_a3": "CAN", "adm0_a3": "CAN", "adm0_label": 2, "admin": "Canada", "geonunit": "Canada", "gu_a3": "CAN", "gn_id": 6093943, "gn_name": "Ontario", "gns_id": -570663, "gns_name": "Ontario, Province d'", "gn_level": 1, "gn_region": null, "gn_a1_code": "CA.08", "region_sub": "Ontario", "sub_code": null, "gns_level": 1, "gns_lang": "fra", "gns_adm1": "CA08", "gns_region": null, "min_label": 3.5, "max_label": 7.5, "min_zoom": 2.0, "wikidataid": "Q1904", "name_ar": "أونتاريو", "name_bn": "অন্টারিও", "name_de": "Ontario", "name_en": "Ontario", "name_es": "Ontario", "name_fr": "Ontario", "name_el": "Οντάριο", "name_hi": "ओण्टारियो", "name_hu": "Ontario", "name_id": "Ontario", "name_it": "Ontario", "name_ja": "オンタリオ州", "name_ko": "온타리오", "name_nl": "Ontario", "name_pl": "Ontario", "name_pt": "Ontário", "name_ru": "Онтарио", "name_sv": "Ontario", "name_tr": "Ontario", "name_vi": "Ontario", "name_zh": "安大略省", "ne_id": 1159309687, "name_he": "אונטריו", "name_uk": "Онтаріо", "name_ur": "انٹاریو", "name_fa": "انتاریو", "name_zht": "安大略省", "FCLASS_ISO": null, "FCLASS_US": null, "FCLASS_FR": null, "FCLASS_RU": null, "FCLASS_ES": null, "FCLASS_CN": null, "FCLASS_TW": null, "FCLASS_IN": null, "FCLASS_NP": null, "FCLASS_PK": null, "FCLASS_DE": null, "FCLASS_GB": null, "FCLASS_BR": null, "FCLASS_IL": null, "FCLASS_PS": null, "FCLASS_SA": null, "FCLASS_EG": null, "FCLASS_MA": null, "FCLASS_PT": null, "FCLASS_AR": null, "FCLASS_JP": null, "FCLASS_KO": null, "FCLASS_VN": null, "FCLASS_TR": null, "FCLASS_ID": null, "FCLASS_PL": null, "FCLASS_GR": null, "FCLASS_IT": null, "FCLASS_NL": null, "FCLASS_SE": null, "FCLASS_BD": null, "FCLASS_UA": null, "FCLASS_TLC": null }, "geometry": { "type": "MultiPolygon", "coordinates": [ [ [ [ -95.160362974462231, 49.802335655210754 ], [ -95.159429136535977, 50.233757790808824 ], [ -95.158500791774003, 50.665179926406921 ], [ -95.157572447012029, 51.096624034662085 ], [ -95.156638609085775, 51.52806814291722 ], [ -95.155710264323801, 51.959512251172384 ], [ -95.154781919561827, 52.39096734575611 ], [ -95.153826108978492, 52.822356522368551 ], [ -94.770408735953836, 53.053761560492831 ], [ -94.387024321914822, 53.285166598617081 ], [ -94.003634414711527, 53.516549664084295 ], [ -93.620222534851152, 53.747932729551479 ], [ -93.36522435617843, 53.931129758024269 ], [ -93.110204204848628, 54.114315800168498 ], [ -92.855206026175907, 54.297512828641288 ], [ -92.600207847503185, 54.480676898128451 ], [ -92.294776927648797, 54.689757716651116 ], [ -91.989335021465862, 54.898849521502342 ], [ -91.68388212895438, 55.107930340025007 ], [ -91.378451209099993, 55.3170111585477 ], [ -91.028987084440871, 55.541780454231343 ], [ -90.679500987124655, 55.766571722572053 ], [ -90.330036862465533, 55.991341018255696 ], [ -89.980572737806412, 56.216099327610806 ], [ -89.722141331463661, 56.375675749713793 ], [ -89.463687952463815, 56.535252171816779 ], [ -89.205223587135436, 56.694839580248299 ], [ -88.948495061717026, 56.851306871373311 ], [ -88.826480896906304, 56.8142609715226 ], [ -88.679901301470977, 56.725062970073111 ], [ -88.447057054307422, 56.608684791805501 ], [ -88.271352701901719, 56.535669652301436 ], [ -88.075081942461452, 56.467301729771549 ], [ -87.87814101698001, 56.341629117555641 ], [ -87.560877821283626, 56.056369096908213 ], [ -87.482402476493149, 56.02131172252399 ], [ -87.286867801065341, 55.974674757854302 ], [ -86.919397083922448, 55.91454658173248 ], [ -86.376947112057749, 55.773240423998317 ], [ -86.138664632264877, 55.717891300793184 ], [ -85.984482497477046, 55.69587469839081 ], [ -85.830520089260091, 55.656917177373458 ], [ -85.676678530657128, 55.601051696726728 ], [ -85.559322569149103, 55.540176450263885 ], [ -85.478441218407468, 55.474291437984959 ], [ -85.407260795770284, 55.431137139463743 ], [ -85.282697802737331, 55.383291678654217 ], [ -85.217999313941149, 55.348970388282453 ], [ -85.212033737541702, 55.297477466396288 ], [ -85.362019094825698, 55.095449870798916 ], [ -85.365271048074746, 55.079277995182025 ], [ -85.213582809866423, 55.224385422592434 ], [ -85.128856244134369, 55.26618840270271 ], [ -85.060949747403313, 55.285667163211372 ], [ -84.91992923421131, 55.283349047888578 ], [ -84.705783718229796, 55.259212084077205 ], [ -84.517961445439951, 55.258904466877965 ], [ -84.356473402170295, 55.282514086919235 ], [ -84.218935555126762, 55.293137866621379 ], [ -84.105347904309369, 55.290808764970024 ], [ -84.022983399214283, 55.297818042581156 ], [ -83.971765135541716, 55.314143726797681 ], [ -83.910604244536742, 55.31466008423925 ], [ -83.667652575112612, 55.264485521778369 ], [ -83.569467756914037, 55.261793871285079 ], [ -83.214345673054709, 55.214618576516727 ], [ -82.986269492479295, 55.231405686532099 ], [ -82.947026326919783, 55.222210129540684 ], [ -82.867748980145592, 55.16071964867939 ], [ -82.800677444383894, 55.155907636777073 ], [ -82.687507274051171, 55.165520674253173 ], [ -82.577435248367877, 55.14872257790924 ], [ -82.393260436654671, 55.067797281853444 ], [ -82.308248226380456, 54.998143958883873 ], [ -82.226608818969282, 54.855925935880549 ], [ -82.219390801115807, 54.813474762386164 ], [ -82.370628599853831, 54.48350038456428 ], [ -82.418067566507233, 54.355828260553352 ], [ -82.424164978849205, 54.244591684044394 ], [ -82.394139342938189, 54.180464484332504 ], [ -82.263555841863081, 54.072974245857068 ], [ -82.239913262836183, 54.044816285798561 ], [ -82.162624441528479, 53.885701289494421 ], [ -82.141442800095462, 53.817640984163745 ], [ -82.150023122688395, 53.739561147200874 ], [ -82.190606620330286, 53.610944198935158 ], [ -82.180356375798638, 53.512858257693466 ], [ -82.146199880355056, 53.364597753990893 ], [ -82.159163748037088, 53.264138765783684 ], [ -82.219269951501829, 53.211459320414747 ], [ -82.259908380786442, 53.159801603600414 ], [ -82.291614924964691, 53.066110193776382 ], [ -82.291559993321982, 53.030712243207319 ], [ -82.260446710885091, 52.961113851880469 ], [ -82.202702568057333, 52.92168391873571 ], [ -82.107978443350149, 52.877398028374472 ], [ -82.020021897026126, 52.811611893052429 ], [ -81.859291910426009, 52.651409250222429 ], [ -81.742342443074108, 52.563617498826545 ], [ -81.599410308715434, 52.432616517266752 ], [ -81.571680815470145, 52.367291807743584 ], [ -81.611528229099576, 52.324071591251112 ], [ -81.661241365761597, 52.293914119397556 ], [ -81.776345129918084, 52.253605279969292 ], [ -81.827892983446986, 52.22420586478529 ], [ -81.814533607937364, 52.217196587174158 ], [ -81.647980867208886, 52.239081353633992 ], [ -81.549488431811071, 52.23676323831117 ], [ -81.46619008878973, 52.204518364034271 ], [ -81.398074851816347, 52.142247853846328 ], [ -81.285058490083244, 52.089227832292522 ], [ -81.127184948904599, 52.045403367730131 ], [ -80.968487433085144, 51.972223433297927 ], [ -80.705529659382222, 51.798331825101968 ], [ -80.657936884129199, 51.758341589201478 ], [ -80.588041861931671, 51.667231966585291 ], [ -80.495855579118157, 51.52506887522469 ], [ -80.447592637823959, 51.43221242637 ], [ -80.443296983363211, 51.388596702049938 ], [ -80.495493030276208, 51.344673360530663 ], [ -80.672691523363923, 51.264725847715283 ], [ -80.851230348534017, 51.125023693948549 ], [ -80.794980346388243, 51.13181324498882 ], [ -80.677239863381175, 51.190875747241876 ], [ -80.478343371418873, 51.307308857152179 ], [ -80.367952742207805, 51.329863789653217 ], [ -80.26565903713373, 51.316350605543988 ], [ -80.103555759465607, 51.282842303484472 ], [ -79.960414884864591, 51.235172623931646 ], [ -79.836236413330695, 51.173363539542578 ], [ -79.651512285190279, 51.00778858205453 ], [ -79.51955549304715, 50.918524662633757 ], [ -79.519379711790435, 50.742150144186837 ], [ -79.518885327005961, 50.500275134960049 ], [ -79.51840192855002, 50.258400125733232 ], [ -79.517907543765531, 50.016536102834976 ], [ -79.517413158981043, 49.774683066265283 ], [ -79.516918774196569, 49.532819043367027 ], [ -79.516435375740627, 49.29094403414021 ], [ -79.515940990956139, 49.04910198389905 ], [ -79.515446606171651, 48.807226974672261 ], [ -79.514963207715709, 48.565351965445444 ], [ -79.514468822931235, 48.323487942547189 ], [ -79.513974438146747, 48.0816129333204 ], [ -79.513458080705178, 47.839737924093612 ], [ -79.512974682249236, 47.556422483598482 ], [ -79.513249340462835, 47.551050168940407 ], [ -79.559293043391136, 47.483044795252454 ], [ -79.546713697208148, 47.407447868540544 ], [ -79.479224680961778, 47.318865101489507 ], [ -79.441937081883111, 47.227656601916436 ], [ -79.434916817943432, 47.13381138349277 ], [ -79.3649448914461, 47.021959572585331 ], [ -79.16555401469931, 46.827171967498515 ], [ -79.014579887846352, 46.606511558690386 ], [ -78.90316753008068, 46.486463946689042 ], [ -78.780999556670352, 46.393442702906185 ], [ -78.460451448739278, 46.306892406635797 ], [ -77.682674319460062, 46.186669013377781 ], [ -77.37300267678765, 46.063699037983724 ], [ -77.371343741177498, 46.06285309068582 ], [ -77.292747546773043, 45.97677520654284 ], [ -77.282464343255768, 45.961998594651021 ], [ -77.266797838751884, 45.92939117153216 ], [ -77.233234605049674, 45.903584285782074 ], [ -77.100684551165173, 45.832656548701408 ], [ -77.030844460610354, 45.807464897349774 ], [ -76.976747778859234, 45.79810454543022 ], [ -76.940932347805486, 45.800971977180239 ], [ -76.925529515186653, 45.819681694690814 ], [ -76.912895237360942, 45.875799860894062 ], [ -76.890208468917393, 45.89026885558664 ], [ -76.871608614692235, 45.887434382822249 ], [ -76.823708222239986, 45.879678034870125 ], [ -76.753813200042444, 45.797829887216608 ], [ -76.666581751402333, 45.642593064888558 ], [ -76.553125936527465, 45.542079145038628 ], [ -76.41344575541784, 45.496343059309567 ], [ -76.26994233197486, 45.483939494383264 ], [ -76.122637638855636, 45.504868450259778 ], [ -76.000623474044914, 45.483631877184024 ], [ -75.903965755513966, 45.420229775156059 ], [ -75.626132492962341, 45.450760782180112 ], [ -75.167134672718589, 45.57530180255597 ], [ -74.864186663115163, 45.642175584403873 ], [ -74.717211559852259, 45.651371141395288 ], [ -74.577223761543408, 45.632199998085838 ], [ -74.396564574964302, 45.567710249532013 ], [ -74.41501062058984, 45.508845501192724 ], [ -74.453067262666579, 45.393554969451003 ], [ -74.478061160104403, 45.317903111096371 ], [ -74.41294519082355, 45.269101839703495 ], [ -74.340446408761068, 45.214444855196632 ], [ -74.358299192645219, 45.2063918763738 ], [ -74.708872936487296, 45.003869895991954 ], [ -74.762464247125394, 44.999057884089638 ], [ -74.856639055405381, 45.003924827634677 ], [ -74.996143455258292, 44.970119894704482 ], [ -75.179384429045257, 44.899378925209049 ], [ -75.401253333993267, 44.772278090282413 ], [ -75.706123476016344, 44.557515365035329 ], [ -75.706123478294842, 44.57983754715336 ], [ -75.804309387541693, 44.512916427281709 ], [ -75.81605973155601, 44.492462550306364 ], [ -75.831147381570759, 44.486964617988946 ], [ -75.874156370999799, 44.448543562109883 ], [ -75.915693602901584, 44.409039857260879 ], [ -75.910219788987035, 44.406156978460466 ], [ -75.917070760685235, 44.401481847696495 ], [ -76.002409129780048, 44.369334588444033 ], [ -76.016813456998932, 44.367012646827405 ], [ -76.047537407964413, 44.350640264162834 ], [ -76.092886635773752, 44.351959654544402 ], [ -76.10855036395931, 44.34109952088302 ], [ -76.166122931047212, 44.327149115247678 ], [ -76.199463942850883, 44.306431046759023 ], [ -76.221995297285773, 44.322929993314084 ], [ -76.244310928640175, 44.309098099942162 ], [ -76.315566042094531, 44.297413653746915 ], [ -76.345574436798188, 44.273644399179894 ], [ -76.381808119831348, 44.266469242014736 ], [ -76.412749907921437, 44.243769298058645 ], [ -76.415500375059807, 44.241749965463967 ], [ -76.454702265676175, 44.225392226137224 ], [ -76.456059748945535, 44.231049238575473 ], [ -76.465002211689878, 44.228393745795046 ], [ -76.493294079210827, 44.219402309217415 ], [ -76.505230852273172, 44.217665628047058 ], [ -76.505592535099609, 44.217612979836169 ], [ -76.536629597752551, 44.213089170205038 ], [ -76.546441920586531, 44.20484925178507 ], [ -76.55151539486846, 44.204513606750332 ], [ -76.55433021036616, 44.211452978388998 ], [ -76.56876555943073, 44.206814328177806 ], [ -76.585260634286399, 44.218129013245722 ], [ -76.591013152027912, 44.21314710183259 ], [ -76.609899656945885, 44.21134138952435 ], [ -76.610072621339654, 44.211468861317968 ], [ -76.613025222786135, 44.216244907850871 ], [ -76.613032789652834, 44.219857435831713 ], [ -76.615046977659333, 44.222741375663055 ], [ -76.618678694000877, 44.223515796967952 ], [ -76.622073928548346, 44.222009021034381 ], [ -76.624462066588805, 44.219064092523247 ], [ -76.626155895255494, 44.216504442756339 ], [ -76.629627427509249, 44.21455516543346 ], [ -76.634182358861423, 44.213601536804681 ], [ -76.642597911217166, 44.212091004858962 ], [ -76.649693522064368, 44.210912338182823 ], [ -76.65734609237542, 44.21023340422034 ], [ -76.66119908293976, 44.209668870676481 ], [ -76.66536490773909, 44.207326693291563 ], [ -76.670766732715848, 44.205095124215489 ], [ -76.675169049215199, 44.205030289713449 ], [ -76.678081717199149, 44.204987343805868 ], [ -76.679563735797217, 44.204965455725429 ], [ -76.679709720933516, 44.205360485896513 ], [ -76.681287992428437, 44.209630830783247 ], [ -76.683920195386534, 44.212568153574594 ], [ -76.684553418335682, 44.216234075314382 ], [ -76.688810762153437, 44.217058062783863 ], [ -76.693281748967124, 44.216550723427453 ], [ -76.694357559703121, 44.213937663450011 ], [ -76.692335729215444, 44.211049934277661 ], [ -76.690237598097184, 44.20861233900898 ], [ -76.690374507193582, 44.20780400244147 ], [ -76.690840378638782, 44.205053233004634 ], [ -76.689436550729212, 44.2022227272777 ], [ -76.694838376513331, 44.199991151214057 ], [ -76.698767665293204, 44.198980272667661 ], [ -76.70101906616398, 44.198779260592509 ], [ -76.706412597107857, 44.198297470666496 ], [ -76.710273214377651, 44.197732911157438 ], [ -76.718360697340458, 44.194379827503212 ], [ -76.723831197999914, 44.191698121429098 ], [ -76.727218786397415, 44.190191331685924 ], [ -76.731300680619782, 44.188291631964553 ], [ -76.737763065019053, 44.183443186544253 ], [ -76.742066235944108, 44.18020834783168 ], [ -76.747384136273226, 44.17841546568134 ], [ -76.751786449625342, 44.178346795160778 ], [ -76.758111427080692, 44.177995796415352 ], [ -76.763353006057088, 44.176645357025947 ], [ -76.767900282048728, 44.175687833747688 ], [ -76.770822458624352, 44.173234963834666 ], [ -76.776209004009473, 44.170995695095442 ], [ -76.78035954698737, 44.168649623758846 ], [ -76.787134696154894, 44.165628334389595 ], [ -76.794596538171447, 44.162217958120024 ], [ -76.801364083904744, 44.159192874200365 ], [ -76.804859638206793, 44.157739799522908 ], [ -76.806750655634431, 44.156953626108923 ], [ -76.811366620469968, 44.155549796999551 ], [ -76.815990217216708, 44.15414596898632 ], [ -76.823742059363767, 44.148950352709804 ], [ -76.829891636151515, 44.145871887716048 ], [ -76.835972272499617, 44.143239563247292 ], [ -76.842876630954549, 44.13932529713496 ], [ -76.848262806489018, 44.137081963761339 ], [ -76.855167286469282, 44.133167766609567 ], [ -76.865382944510372, 44.128181534311196 ], [ -76.872981880132059, 44.123874501025696 ], [ -76.877201039664186, 44.121078235354929 ], [ -76.881809196725669, 44.11967045028819 ], [ -76.889118227354899, 44.117137272170162 ], [ -76.893185403054275, 44.115650279626379 ], [ -76.895107408629485, 44.114947483328841 ], [ -76.901249313911009, 44.111865126115326 ], [ -76.907314922680072, 44.109225274816751 ], [ -76.914067266585633, 44.106196350638889 ], [ -76.918897099034297, 44.103453694275196 ], [ -76.921727954007252, 44.101439677800407 ], [ -76.92517679922048, 44.099479061081105 ], [ -76.928015279773533, 44.097468858091553 ], [ -76.933676980120694, 44.093440819108828 ], [ -76.937057092097703, 44.091926485734064 ], [ -76.939338673514996, 44.089416591603211 ], [ -76.942932587933399, 44.086567209325402 ], [ -76.945984850880379, 44.083218130836173 ], [ -76.94841884810414, 44.079819331108752 ], [ -76.949761860764653, 44.075428745273435 ], [ -76.951425231435493, 44.072865342677133 ], [ -76.953317554018895, 44.06897065147546 ], [ -76.956140600014749, 44.066956545220066 ], [ -76.958967821843274, 44.063630802359306 ], [ -76.960787284963473, 44.061490241261168 ], [ -76.967928669484323, 44.059842323620572 ], [ -76.973551684620077, 44.05986900968972 ], [ -76.977175707417288, 44.060628100805964 ], [ -76.983409085725697, 44.06070437458245 ], [ -76.987796109871496, 44.060624256058858 ], [ -76.992259452303045, 44.060097832598949 ], [ -76.996570158910416, 44.060464019353162 ], [ -77.00027050389248, 44.060776817286694 ], [ -77.00582488135862, 44.061242318720787 ], [ -77.011188657323885, 44.058991833006701 ], [ -77.015820153820286, 44.053525627019063 ], [ -77.018246568242617, 44.050123061102788 ], [ -77.025388032183784, 44.048471477136275 ], [ -77.031331451847137, 44.050325486350339 ], [ -77.037427512544454, 44.05128688609738 ], [ -77.043401665676569, 44.049085969794717 ], [ -77.048078757048344, 44.047224524077862 ], [ -77.052966141006308, 44.046388178698308 ], [ -77.055143901798658, 44.046015417693091 ], [ -77.058836649201098, 44.046324469664214 ], [ -77.06094993931525, 44.048754429552211 ], [ -77.060522532686491, 44.051420849837406 ], [ -77.059840755657135, 44.052275752509054 ], [ -77.058164803726868, 44.054377142541071 ], [ -77.055194870548135, 44.055293151422156 ], [ -77.053564033853249, 44.055796089192981 ], [ -77.046353880109038, 44.057893980776477 ], [ -77.040517109225121, 44.059206083201524 ], [ -77.03646565280188, 44.061117114763469 ], [ -77.034039236285011, 44.064519689763266 ], [ -77.03400850340752, 44.068574616359193 ], [ -77.035427472028772, 44.071397460556703 ], [ -77.039455823939662, 44.073537557411264 ], [ -77.04439219757198, 44.07394966140405 ], [ -77.048374962806705, 44.072481133077957 ], [ -77.052624644925814, 44.073289940729566 ], [ -77.054585291616348, 44.076608715542029 ], [ -77.058972355211182, 44.076524908107359 ], [ -77.063107762363089, 44.074167571730193 ], [ -77.066548849000981, 44.0722031199155 ], [ -77.071149616617731, 44.070784187938365 ], [ -77.073694391114046, 44.072444020779749 ], [ -77.075109274223436, 44.0733668012846 ], [ -77.075299866779858, 44.076086650078757 ], [ -77.073636459469881, 44.07865386349701 ], [ -77.070737052233824, 44.081114230651494 ], [ -77.066395588326444, 44.084806684961855 ], [ -77.060810485979204, 44.088396087541845 ], [ -77.054004579806431, 44.091882419909886 ], [ -77.047473405048308, 44.093587311715751 ], [ -77.043009955721189, 44.094113560881716 ], [ -77.039088178527763, 44.095135718399625 ], [ -77.032091608043046, 44.095902177308353 ], [ -77.026865080957947, 44.097267576583235 ], [ -77.022401598449278, 44.097793802320346 ], [ -77.01689255541352, 44.100932908121827 ], [ -77.01370282832093, 44.105170660573613 ], [ -77.011344869405022, 44.108130582243305 ], [ -77.009063244876614, 44.110640389820155 ], [ -77.006674260833293, 44.117651243061786 ], [ -77.004789189322153, 44.12154950599475 ], [ -77.002423520704639, 44.12450555970409 ], [ -77.000614768758595, 44.127957515185244 ], [ -76.996334085494908, 44.131203541508192 ], [ -76.991572904719419, 44.133507459619558 ], [ -76.986964427358501, 44.134922612977995 ], [ -76.982569747976044, 44.135002715182424 ], [ -76.97363531202582, 44.136047866214049 ], [ -76.96847755991385, 44.136963327071079 ], [ -76.964624518532446, 44.137539303931945 ], [ -76.96125202128718, 44.139057442523708 ], [ -76.956239346422123, 44.139084140942721 ], [ -76.95100523540097, 44.140445886509319 ], [ -76.94555731596887, 44.143138863993613 ], [ -76.941482833432332, 44.145046069884373 ], [ -76.938033974087801, 44.147006677293049 ], [ -76.934035843311676, 44.148471408783379 ], [ -76.929602463590328, 44.152602414548547 ], [ -76.926763962817404, 44.154616421030518 ], [ -76.921751276777258, 44.15463929861999 ], [ -76.917501670356629, 44.153826821633949 ], [ -76.913542519130459, 44.151237041064363 ], [ -76.908202527391097, 44.149429386816813 ], [ -76.904426207234053, 44.14955553371987 ], [ -76.899886901542857, 44.150520916725156 ], [ -76.895194935503582, 44.152375089151668 ], [ -76.888252633638743, 44.152684575009054 ], [ -76.88403361128583, 44.155480919101855 ], [ -76.880035972846457, 44.156942183588335 ], [ -76.880607773737381, 44.161050371835167 ], [ -76.882491740594929, 44.164818956922041 ], [ -76.885833011886731, 44.16735920868075 ], [ -76.889716356891995, 44.170395583671329 ], [ -76.895346396995436, 44.170425649919466 ], [ -76.900839233301937, 44.171344622035456 ], [ -76.905012350869882, 44.172603245639976 ], [ -76.907736183598772, 44.175090430009774 ], [ -76.911406298493517, 44.179462191440855 ], [ -76.914748148960982, 44.182002782914445 ], [ -76.919547253695285, 44.183311249142939 ], [ -76.925185572579878, 44.183341787228571 ], [ -76.929656467015874, 44.182819137336359 ], [ -76.934890200013939, 44.181460990332013 ], [ -76.935469505577146, 44.177901536618847 ], [ -76.936598222530208, 44.174841858275357 ], [ -76.941579831662267, 44.171206114639304 ], [ -76.947576409531834, 44.169008653867273 ], [ -76.952123541568071, 44.168039638960003 ], [ -76.953176403623132, 44.165426539196453 ], [ -76.953070003229811, 44.16226056871092 ], [ -76.952269253255196, 44.159487482323179 ], [ -76.954230645072599, 44.155142859034456 ], [ -76.95750437834711, 44.150462567055634 ], [ -76.961357426961044, 44.149886594188906 ], [ -76.965897193655678, 44.148917736276104 ], [ -76.971237714309282, 44.150721967333354 ], [ -76.974686567596194, 44.148761356114321 ], [ -76.978135419676818, 44.146796929844591 ], [ -76.984895671820837, 44.143760649899008 ], [ -76.995356255064209, 44.141037153734885 ], [ -76.999209295038852, 44.140461176555505 ], [ -77.002909869183142, 44.140774200755629 ], [ -77.007381232902333, 44.140248141590604 ], [ -77.01177623875806, 44.140168366459086 ], [ -77.015766988966234, 44.138700087913143 ], [ -77.019178246754379, 44.133127358628883 ], [ -77.021750023658015, 44.128836217719289 ], [ -77.024543169791272, 44.123209992652164 ], [ -77.028274596481552, 44.119468169849014 ], [ -77.032769057002298, 44.114887167297042 ], [ -77.037736447056062, 44.111248349047059 ], [ -77.041803339383634, 44.109337457539226 ], [ -77.049090067337332, 44.106793484219942 ], [ -77.054316618118719, 44.105428102047135 ], [ -77.06042046966364, 44.106389669168188 ], [ -77.062526201847675, 44.108819689365873 ], [ -77.064067169967601, 44.114804931789187 ], [ -77.063281055983197, 44.119699066949664 ], [ -77.063295959213448, 44.12736267082547 ], [ -77.063959608801525, 44.131024765801477 ], [ -77.063310863993706, 44.135026274938369 ], [ -77.062593417543155, 44.139474087474085 ], [ -77.061471629283162, 44.142537152233814 ], [ -77.060067423638699, 44.147377803902039 ], [ -77.058258867268108, 44.150829889158842 ], [ -77.055687216053187, 44.155124927034223 ], [ -77.052207415645185, 44.161144063772134 ], [ -77.049017636158339, 44.165385595862276 ], [ -77.044591918127153, 44.16952405680999 ], [ -77.042234182332592, 44.17248022977634 ], [ -77.039044826702039, 44.17672193328638 ], [ -77.035664697794218, 44.178243770494959 ], [ -77.030979860476293, 44.18010506293917 ], [ -77.026508631829856, 44.180631217605239 ], [ -77.022655462183806, 44.181207015257797 ], [ -77.018657412598586, 44.182675501558954 ], [ -77.016918040140879, 44.185685368672921 ], [ -77.016483388157894, 44.188355790660516 ], [ -77.015980117000012, 44.191468747622743 ], [ -77.01260024629984, 44.192990783926305 ], [ -77.008815859965608, 44.193120361051214 ], [ -77.005504360779824, 44.192347902547041 ], [ -77.002780461865044, 44.191712399916085 ], [ -76.998049731187905, 44.189961159522063 ], [ -76.990991883478074, 44.187111279203464 ], [ -76.985498400305246, 44.18619564481024 ], [ -76.980264663965983, 44.18755760814733 ], [ -76.973650080956148, 44.189705470908876 ], [ -76.971140505460966, 44.193554866419305 ], [ -76.970011779436035, 44.196614547881303 ], [ -76.968593396729588, 44.201455863958337 ], [ -76.968090309724715, 44.204568957687819 ], [ -76.966343577253696, 44.207579039927147 ], [ -76.96336083079639, 44.21048611048446 ], [ -76.958997241918823, 44.214175263173999 ], [ -76.955320261711861, 44.21747146654937 ], [ -76.95412294470043, 44.220977507809934 ], [ -76.952299991060855, 44.224433950210965 ], [ -76.952193863077909, 44.228935729063437 ], [ -76.952553285089593, 44.234379830129861 ], [ -76.95750496742339, 44.234799508954829 ], [ -76.961113342425463, 44.231945855315601 ], [ -76.96292866721997, 44.228489411625389 ], [ -76.96459916584007, 44.2259256931791 ], [ -76.965659287622444, 44.223308562067075 ], [ -76.967550845856479, 44.219409569848146 ], [ -76.971441256765019, 44.214778093091411 ], [ -76.973111759585521, 44.212210558460363 ], [ -76.97671251625961, 44.209356900489809 ], [ -76.982243531340387, 44.20621711952279 ], [ -76.986241240796332, 44.204748332098916 ], [ -76.991406368692424, 44.20383273446344 ], [ -76.99802094600966, 44.201684873011175 ], [ -77.003809039986209, 44.20069844965375 ], [ -77.005116352103329, 44.200475596176396 ], [ -77.009991811385959, 44.201337867637278 ], [ -77.01555387133844, 44.201807190066297 ], [ -77.022168596843514, 44.19965569845025 ], [ -77.026784466106776, 44.198240486583984 ], [ -77.032567753166887, 44.197370848921608 ], [ -77.039945636607726, 44.194380298305134 ], [ -77.047178690632776, 44.192282473208508 ], [ -77.051794771480559, 44.190863609357216 ], [ -77.058478638123461, 44.188266171544569 ], [ -77.067642352146734, 44.185874926076259 ], [ -77.071632952102831, 44.184406577213906 ], [ -77.080102493218646, 44.182408324273389 ], [ -77.084787319968896, 44.18054316425998 ], [ -77.092233556461977, 44.177105856241482 ], [ -77.095674402928339, 44.175137361742806 ], [ -77.102838129122645, 44.173477505269261 ], [ -77.106683160357505, 44.172897390202344 ], [ -77.113152584910807, 44.1716304444437 ], [ -77.118996421096412, 44.170310131747151 ], [ -77.122704055336072, 44.170614967928941 ], [ -77.128746085507245, 44.17201818643386 ], [ -77.134521220743679, 44.171144161273858 ], [ -77.141959530613647, 44.167698953037522 ], [ -77.147116683031598, 44.166771538878095 ], [ -77.1521288559059, 44.16673674928105 ], [ -77.157408008168517, 44.168971649170111 ], [ -77.16303813450341, 44.168986407448877 ], [ -77.172117105740767, 44.167029191487501 ], [ -77.175489421966816, 44.165503326984869 ], [ -77.180715746652396, 44.164130053908174 ], [ -77.183683694497745, 44.161219457347997 ], [ -77.186559244665361, 44.160464264595838 ], [ -77.187605345255974, 44.160189502454237 ], [ -77.193518341129447, 44.15841950415652 ], [ -77.198126663009518, 44.156996639349074 ], [ -77.204924692508257, 44.157553600565727 ], [ -77.20925071146084, 44.157904562728653 ], [ -77.212890060502076, 44.158656065625323 ], [ -77.214316798278205, 44.161475121570142 ], [ -77.215416739310356, 44.163635566441634 ], [ -77.216231834030921, 44.165236405850663 ], [ -77.218482568280393, 44.170828740639976 ], [ -77.219634633551038, 44.175429253567145 ], [ -77.224708349724537, 44.178999811666259 ], [ -77.227516061173958, 44.181033045778968 ], [ -77.231224077005393, 44.18133441567263 ], [ -77.23714470268331, 44.179564417780384 ], [ -77.244751483212454, 44.177885976496498 ], [ -77.252061024137802, 44.176272574077608 ], [ -77.257837478308289, 44.175388060004693 ], [ -77.263613950843862, 44.174507372231822 ], [ -77.268360347242023, 44.172188498486399 ], [ -77.273244178921402, 44.168980863314729 ], [ -77.27490017286911, 44.166409979973892 ], [ -77.279646550132966, 44.164091089716706 ], [ -77.282675985865211, 44.160730621343973 ], [ -77.284383214330035, 44.159505558162529 ], [ -77.288315161013955, 44.156683745927459 ], [ -77.292237402799799, 44.155650324953882 ], [ -77.296014659347122, 44.155505716323653 ], [ -77.304942716990638, 44.154423166777576 ], [ -77.311749411749858, 44.154973116351727 ], [ -77.315931108724968, 44.15621328897749 ], [ -77.318746891856023, 44.158242983724001 ], [ -77.320669879387609, 44.162000665431023 ], [ -77.3245845101371, 44.165022295422034 ], [ -77.330147388143359, 44.165469142955018 ], [ -77.336602475217944, 44.164187688304139 ], [ -77.344918689609244, 44.163050946533815 ], [ -77.351655578137056, 44.159987768658155 ], [ -77.358590850632751, 44.159640673520045 ], [ -77.363809466921253, 44.15825978308574 ], [ -77.368280391501514, 44.157714310233068 ], [ -77.372881015267552, 44.156280014360611 ], [ -77.379266960702878, 44.155440826348055 ], [ -77.383043596086821, 44.155292080349987 ], [ -77.385805498194557, 44.15455967999322 ], [ -77.388262218335981, 44.153903572215796 ], [ -77.394922829751465, 44.151282934305279 ], [ -77.403094101126072, 44.146980043488902 ], [ -77.410571086558136, 44.143070070841709 ], [ -77.413935731325111, 44.141532791121527 ], [ -77.421626370287413, 44.140342649173107 ], [ -77.4295840610326, 44.137371033631887 ], [ -77.434940056054259, 44.135093681848339 ], [ -77.440288422804329, 44.132816328826578 ], [ -77.446399756288145, 44.129695930042857 ], [ -77.453182501435521, 44.126178803844006 ], [ -77.457069429036736, 44.125029316171151 ], [ -77.460392501178404, 44.124046402699932 ], [ -77.466358877114359, 44.121814817001386 ], [ -77.472599906923463, 44.121856780828367 ], [ -77.478161898752631, 44.122295471410979 ], [ -77.485158268028655, 44.121494390313366 ], [ -77.491338258067955, 44.121982672757568 ], [ -77.49771662798139, 44.121131999303202 ], [ -77.50217998246643, 44.120582685187095 ], [ -77.506086390687983, 44.119537461870891 ], [ -77.509863087226037, 44.119384875440915 ], [ -77.516577237562245, 44.116306424632434 ], [ -77.52055231841058, 44.114814883268693 ], [ -77.523978066319856, 44.112831248136672 ], [ -77.530692219682948, 44.109756616419723 ], [ -77.539878392605971, 44.106872722280421 ], [ -77.547073210985303, 44.104732692119264 ], [ -77.552017247801743, 44.105117980385948 ], [ -77.558945009962159, 44.104755593125333 ], [ -77.563202370102118, 44.105537606956879 ], [ -77.568695737901606, 44.106414988705467 ], [ -77.572396134674889, 44.106704907686037 ], [ -77.57470031119297, 44.105770314776329 ], [ -77.577057895713011, 44.104812832961308 ], [ -77.576974006933611, 44.101204147863747 ], [ -77.573731423051612, 44.097801450828051 ], [ -77.569809791605039, 44.094795478455531 ], [ -77.568558564235573, 44.090645104952117 ], [ -77.569024006800419, 44.087528513454927 ], [ -77.570107455115803, 44.084461513746867 ], [ -77.575425382189067, 44.078121561802917 ], [ -77.576432562669538, 44.077252419557588 ], [ -77.578294154805548, 44.075645857986274 ], [ -77.581162927809189, 44.073166339748425 ], [ -77.586831764688881, 44.068653623768363 ], [ -77.590715254400038, 44.063553442737373 ], [ -77.592348000891207, 44.060978554703894 ], [ -77.591440080017918, 44.060166029798381 ], [ -77.588495056497166, 44.057530094779572 ], [ -77.579659926388914, 44.058193819440305 ], [ -77.575753522928835, 44.059239022202242 ], [ -77.570817116919613, 44.058857540499069 ], [ -77.56684967287822, 44.060349058504123 ], [ -77.561783558726503, 44.060852578094774 ], [ -77.556931062531405, 44.064075949116337 ], [ -77.553505324126434, 44.066059561157218 ], [ -77.553050090988123, 44.066323760109697 ], [ -77.550087213833578, 44.068043174382495 ], [ -77.546470724685278, 44.071365733021395 ], [ -77.543594318652495, 44.07384143921756 ], [ -77.536407137511873, 44.075981446827072 ], [ -77.532981394747566, 44.077965062819828 ], [ -77.526740305548373, 44.077926901995227 ], [ -77.520567885975893, 44.077442425269254 ], [ -77.515364425845263, 44.078834765332154 ], [ -77.509138569557265, 44.082847780116715 ], [ -77.504339469373406, 44.085624861598554 ], [ -77.499898949642457, 44.090229185292145 ], [ -77.496206173083323, 44.093990476957828 ], [ -77.488736729300456, 44.097908173830241 ], [ -77.486478339205675, 44.100433500204034 ], [ -77.480862900949177, 44.104492332761119 ], [ -77.475583184094958, 44.106327200545721 ], [ -77.467770431302839, 44.108413837974432 ], [ -77.460789194547885, 44.110480785721357 ], [ -77.460568050108137, 44.110546248343638 ], [ -77.455288338608085, 44.112381111451768 ], [ -77.449321960717455, 44.114612699064409 ], [ -77.440883586963821, 44.116645922029036 ], [ -77.432445216061424, 44.11867914300386 ], [ -77.427165513131911, 44.120513998391786 ], [ -77.418040479875529, 44.122940124494356 ], [ -77.409594514975467, 44.124973252458986 ], [ -77.405001501767046, 44.126407509537572 ], [ -77.401224855261432, 44.130611237273335 ], [ -77.398279836076824, 44.133529433485421 ], [ -77.394022530626444, 44.136794753832902 ], [ -77.385507921599952, 44.139270396214435 ], [ -77.380083287785055, 44.137935195795301 ], [ -77.376108270644821, 44.13536404649431 ], [ -77.372194286609499, 44.132346574641375 ], [ -77.366563652567123, 44.13234650827674 ], [ -77.361070365288953, 44.135512652093333 ], [ -77.355096411895275, 44.137736563339296 ], [ -77.351045113815488, 44.139662952739229 ], [ -77.345414485484582, 44.139662893981075 ], [ -77.339921183192089, 44.138770191744989 ], [ -77.336213205280472, 44.138472604003574 ], [ -77.328384515455824, 44.140543544626645 ], [ -77.322478279280105, 44.142320670092637 ], [ -77.317533511494943, 44.141923489476653 ], [ -77.312657421059313, 44.141079993792978 ], [ -77.307918681881318, 44.139343866867108 ], [ -77.307740153144394, 44.139140004219449 ], [ -77.305797309212721, 44.1369213306698 ], [ -77.304423752499048, 44.133655811241177 ], [ -77.304912113558743, 44.130539232424496 ], [ -77.307796547931702, 44.128071368145946 ], [ -77.3106755811542, 44.126178173039271 ], [ -77.312680244527797, 44.124859808938368 ], [ -77.316732186883726, 44.122933733263906 ], [ -77.321745618285917, 44.12288839831421 ], [ -77.32613332449111, 44.122793417062745 ], [ -77.330666009585514, 44.121805802034771 ], [ -77.334992341402, 44.118101937953448 ], [ -77.338700302127322, 44.114344486943025 ], [ -77.340966277689745, 44.111822988040061 ], [ -77.335343262796258, 44.111822899223306 ], [ -77.329300052226287, 44.114489032625578 ], [ -77.324011928131668, 44.116315825987343 ], [ -77.318388037368422, 44.116311521095952 ], [ -77.32223392888092, 44.111665521302761 ], [ -77.324164492443373, 44.107316901957958 ], [ -77.323752400831083, 44.101877067629495 ], [ -77.324164447586668, 44.099206794932563 ], [ -77.323966032788718, 44.096490693400042 ], [ -77.32691912380632, 44.093572676857043 ], [ -77.333092387740422, 44.090017864659927 ], [ -77.337967691596702, 44.086805962626606 ], [ -77.339066337802961, 44.083742760910674 ], [ -77.338929012414965, 44.08058039883538 ], [ -77.335434649824734, 44.078947651751889 ], [ -77.330909972962573, 44.079931614325147 ], [ -77.324805417927493, 44.078988923424177 ], [ -77.318838258646025, 44.077157453681465 ], [ -77.31458799780269, 44.076363700484372 ], [ -77.308758109021653, 44.07769454326008 ], [ -77.304301761595639, 44.078232053766037 ], [ -77.29970800004142, 44.079662144145381 ], [ -77.295106585453425, 44.081092219342729 ], [ -77.291268284613309, 44.081683156306156 ], [ -77.286048747467433, 44.08305975451065 ], [ -77.280287498008832, 44.083944268791463 ], [ -77.273496122405533, 44.083394391027298 ], [ -77.267666220923928, 44.084721424215665 ], [ -77.260531457850135, 44.086391668101115 ], [ -77.256685552675577, 44.086978811016266 ], [ -77.252839647710047, 44.087569768680638 ], [ -77.242958772253516, 44.090815788279258 ], [ -77.238907414624535, 44.092738378838419 ], [ -77.235191755807392, 44.096492018490196 ], [ -77.233398774076463, 44.099948118256833 ], [ -77.236710045768945, 44.10116501206447 ], [ -77.238129161693138, 44.101687628017402 ], [ -77.242516219108182, 44.101592271616219 ], [ -77.246430241225241, 44.100562316945911 ], [ -77.252129951960114, 44.100123841826715 ], [ -77.257410451714051, 44.098300869121175 ], [ -77.264339192526165, 44.097965762749816 ], [ -77.270176734173461, 44.096638742186833 ], [ -77.277242827133733, 44.095411005308563 ], [ -77.281912856156126, 44.093538380113401 ], [ -77.286239501506117, 44.093885881300494 ], [ -77.290207506180352, 44.096461141630762 ], [ -77.29364135616774, 44.098540447909286 ], [ -77.295694040298443, 44.101409283621543 ], [ -77.295686419055684, 44.105464319894487 ], [ -77.29396950043018, 44.108477792678983 ], [ -77.292244949329884, 44.111495078372094 ], [ -77.292069360655006, 44.111616317868261 ], [ -77.288742423541976, 44.113913299413035 ], [ -77.283591644637454, 44.114847454379046 ], [ -77.279264988739641, 44.114496125244081 ], [ -77.275350395261214, 44.115529568204828 ], [ -77.271847863250741, 44.117947780840488 ], [ -77.268337697452537, 44.120365990261355 ], [ -77.262698537142981, 44.12441288373779 ], [ -77.256586262968426, 44.127521314559864 ], [ -77.249028204132046, 44.129862485103239 ], [ -77.247376230181118, 44.130374082607595 ], [ -77.241402195852245, 44.132590398358076 ], [ -77.237411876972658, 44.134070485721232 ], [ -77.232879852426791, 44.135050848232723 ], [ -77.229034498799379, 44.135638299133838 ], [ -77.223884472154666, 44.136569068536879 ], [ -77.21858947919786, 44.138388659366136 ], [ -77.214049825577462, 44.139372836347803 ], [ -77.210280771089373, 44.139513970462666 ], [ -77.205123114296242, 44.140440924579678 ], [ -77.201346430532467, 44.140585872832837 ], [ -77.197989384674088, 44.138056728237757 ], [ -77.198485321940197, 44.134940131981558 ], [ -77.201376972776387, 44.13247585252023 ], [ -77.204199954784372, 44.130454077290864 ], [ -77.207022937144828, 44.128432301495728 ], [ -77.209365252559891, 44.125468297599276 ], [ -77.207198432041338, 44.124060673472627 ], [ -77.205397833858811, 44.122889559685177 ], [ -77.201285449492175, 44.121203458180538 ], [ -77.195990456131881, 44.123019234212961 ], [ -77.193640510484542, 44.125983238589463 ], [ -77.191015892817433, 44.130724884905575 ], [ -77.189291579405364, 44.133734666735009 ], [ -77.187422300230025, 44.137637084826459 ], [ -77.185141022314809, 44.140154771065745 ], [ -77.18025802667664, 44.143359093527124 ], [ -77.175100370779475, 44.144286047912573 ], [ -77.170774351564049, 44.143931271124615 ], [ -77.167696567756693, 44.14440016630445 ], [ -77.16308400380268, 44.14510266635196 ], [ -77.157240305079441, 44.146423077072853 ], [ -77.150160732714795, 44.147644418256164 ], [ -77.139922811566748, 44.14905296663369 ], [ -77.133461164872401, 44.150320030584666 ], [ -77.126930850493295, 44.152033419601949 ], [ -77.120392901326852, 44.153746809645646 ], [ -77.108964798094135, 44.158661174410852 ], [ -77.101457928385514, 44.162545217811243 ], [ -77.097391703989956, 44.164460566582974 ], [ -77.090571327309476, 44.167951528580055 ], [ -77.087191575093613, 44.169473756024175 ], [ -77.08196542368573, 44.170843369439133 ], [ -77.077821927232478, 44.173204106199712 ], [ -77.073495572932728, 44.172841384667478 ], [ -77.068223165238422, 44.170598049103347 ], [ -77.065636651629404, 44.167225820109593 ], [ -77.066064076872451, 44.164555631560795 ], [ -77.065949756771985, 44.161393281149451 ], [ -77.069208122519711, 44.156705371384831 ], [ -77.069994236050732, 44.15181123617387 ], [ -77.071665367108366, 44.149247924111187 ], [ -77.074305602622289, 44.144510320687843 ], [ -77.077228176669863, 44.137991262714287 ], [ -77.078632263887698, 44.133150530685015 ], [ -77.081966752821742, 44.128019996808824 ], [ -77.082745131056626, 44.12312579056286 ], [ -77.083180082070413, 44.120459325225589 ], [ -77.08422528445611, 44.117842348665221 ], [ -77.084248257908854, 44.113787323066191 ], [ -77.084751825513678, 44.11067448484873 ], [ -77.08375257569088, 44.105185223287457 ], [ -77.086392230608638, 44.100443319532097 ], [ -77.087101799228037, 44.095999134741348 ], [ -77.085492251786832, 44.090456521590433 ], [ -77.086606113583372, 44.08739322114473 ], [ -77.087033378582206, 44.08472670995998 ], [ -77.089741843097798, 44.079546176052801 ], [ -77.090553310832689, 44.078555717949364 ], [ -77.092854622785453, 44.075746544677891 ], [ -77.096028484501915, 44.071508247209877 ], [ -77.098737080552112, 44.06632398240891 ], [ -77.102605255469271, 44.061688961454053 ], [ -77.107701715596136, 44.057156880962502 ], [ -77.111966557160528, 44.053906583692523 ], [ -77.119123028958057, 44.048195748753116 ], [ -77.122090980354074, 44.045285079834841 ], [ -77.125669264381983, 44.042431609449089 ], [ -77.128629621804947, 44.039520969911699 ], [ -77.130711202414901, 44.037426799727044 ], [ -77.132352989226675, 44.035774929839718 ], [ -77.135923707370765, 44.032917695129477 ], [ -77.138548640055006, 44.028179979075873 ], [ -77.139052504994709, 44.025071152483228 ], [ -77.138999496319201, 44.021462652471129 ], [ -77.135871939435305, 44.017598690615898 ], [ -77.131080919820619, 44.016301927012698 ], [ -77.125183351753464, 44.018064440254953 ], [ -77.122222943428284, 44.020971222928765 ], [ -77.122062269669243, 44.025914867998807 ], [ -77.120948130074581, 44.028974174776032 ], [ -77.120874336821885, 44.032582988787212 ], [ -77.120856166239605, 44.033471521329425 ], [ -77.119597005063426, 44.037423448800908 ], [ -77.116163749650028, 44.039388120303904 ], [ -77.110945359885804, 44.040757826639094 ], [ -77.104498715001142, 44.042024617762316 ], [ -77.098952435854983, 44.041563354982756 ], [ -77.091414921702039, 44.041834605236623 ], [ -77.086486584400632, 44.041426708069167 ], [ -77.08278649158116, 44.04111790307639 ], [ -77.075935046895211, 44.040995718744647 ], [ -77.071624299001883, 44.040633254361992 ], [ -77.067992612227343, 44.039881709379046 ], [ -77.063071490547117, 44.039469647489177 ], [ -77.058135110736288, 44.03905758599609 ], [ -77.050886996372142, 44.037546876304773 ], [ -77.04540893502751, 44.036638910013927 ], [ -77.040007192651558, 44.035284637194856 ], [ -77.034460440119858, 44.0348153549754 ], [ -77.027761633977391, 44.033804384037261 ], [ -77.021520558167197, 44.03372799797836 ], [ -77.016523115635025, 44.033758440386165 ], [ -77.01268535611392, 44.034334385249586 ], [ -77.005765218836146, 44.034654704415416 ], [ -77.000683826657806, 44.035127634821968 ], [ -76.994854723837335, 44.036436027488861 ], [ -76.986446605473347, 44.042032024616901 ], [ -76.981845878617065, 44.043447241265405 ], [ -76.970027438957786, 44.046952863435052 ], [ -76.964267042107309, 44.047814970994203 ], [ -76.958361641032099, 44.049569691186889 ], [ -76.952372296110539, 44.051763088253836 ], [ -76.947550256290526, 44.054509597521644 ], [ -76.944579883750123, 44.055420884523727 ], [ -76.942949540150821, 44.055921004366063 ], [ -76.93866918357206, 44.059159594474586 ], [ -76.928872489813955, 44.065537603251755 ], [ -76.92190647456836, 44.069901507157141 ], [ -76.914101155021115, 44.075547152303976 ], [ -76.905754170405757, 44.080693200557945 ], [ -76.898170077542858, 44.085003798704982 ], [ -76.894026977696527, 44.08735360890995 ], [ -76.889052159387234, 44.090985125357776 ], [ -76.884069761544254, 44.094616668872696 ], [ -76.879853649710256, 44.095148235806946 ], [ -76.877683834098121, 44.095421722719351 ], [ -76.872823939691415, 44.0945559701549 ], [ -76.872030687285417, 44.09178282316806 ], [ -76.868551757597857, 44.090131218917463 ], [ -76.864630123636871, 44.091145995515028 ], [ -76.861433101206075, 44.095380256424114 ], [ -76.859533135035292, 44.099274996252369 ], [ -76.85716784936001, 44.102227562064407 ], [ -76.853963287245492, 44.106461874627868 ], [ -76.850980075879036, 44.109361086640952 ], [ -76.8462956013244, 44.111211367021042 ], [ -76.846232081040299, 44.111189765698015 ], [ -76.842740396713822, 44.11000228171455 ], [ -76.842244656965875, 44.105451451823342 ], [ -76.84213796088585, 44.102289130079782 ], [ -76.842115203827547, 44.098676678981235 ], [ -76.842016136353038, 44.095514356696739 ], [ -76.842680046935868, 44.091512794047397 ], [ -76.844175632875746, 44.086233317800612 ], [ -76.846693536444064, 44.082391930350106 ], [ -76.852438755294287, 44.077928666099929 ], [ -76.855887392865583, 44.075971683269273 ], [ -76.861403691629292, 44.072839755773828 ], [ -76.867690614270501, 44.068868603807402 ], [ -76.873969917628429, 44.064901281584476 ], [ -76.87803656476882, 44.062997718331857 ], [ -76.880943537156156, 44.060541057272999 ], [ -76.891464889512946, 44.057386218759895 ], [ -76.897515277433698, 44.054750243588572 ], [ -76.900498576005532, 44.051847292490187 ], [ -76.898766842904735, 44.047193497955249 ], [ -76.89797347462509, 44.044420289995749 ], [ -76.894021430490952, 44.041830210730055 ], [ -76.890588322370419, 44.03612739778621 ], [ -76.890237571889926, 44.030691577864012 ], [ -76.891366880396973, 44.027632252998714 ], [ -76.897958984327758, 44.025492224556231 ], [ -76.904482407894307, 44.02379851231948 ], [ -76.910250463838267, 44.022940205143115 ], [ -76.91862025517122, 44.021399084981546 ], [ -76.924449349232063, 44.020094489294266 ], [ -76.934818116696789, 44.017824799836035 ], [ -76.941188894934072, 44.017016101078028 ], [ -76.948253988935662, 44.015814499952086 ], [ -76.952168037958572, 44.014796002426579 ], [ -76.957096760856174, 44.015215600095473 ], [ -76.96223917625484, 44.014300095764057 ], [ -76.968686276212836, 44.013045093067724 ], [ -76.978353114674775, 44.011160682150077 ], [ -76.979719383063426, 44.010917478352951 ], [ -76.983495534308958, 44.010245179389493 ], [ -76.990018958246495, 44.008543872721226 ], [ -76.998457438119445, 44.006552658066667 ], [ -77.003050575917285, 44.005137475821293 ], [ -77.004266914947124, 44.004627164882557 ], [ -77.008414364788592, 44.00288691320317 ], [ -77.011237455320057, 44.00087283297119 ], [ -77.014129154549309, 43.998416221472475 ], [ -77.018180524698622, 43.996505096554984 ], [ -77.02245315572813, 43.993258837866364 ], [ -77.024871769926648, 43.989859981281604 ], [ -77.025375332570448, 43.986747212509478 ], [ -77.024574220693609, 43.983977756517668 ], [ -77.023300071147332, 43.980269888751423 ], [ -77.018920641925476, 43.980349969918549 ], [ -77.015960321700845, 43.983252917067475 ], [ -77.011145988593668, 43.985999450487476 ], [ -77.008254332625228, 43.988459894902427 ], [ -77.004599702281922, 43.991755748279608 ], [ -76.999998996829689, 43.99316714743383 ], [ -76.992613503828039, 43.992545356315858 ], [ -76.989689089671302, 43.990536206631987 ], [ -76.988127288217626, 43.989463102844439 ], [ -76.986021517851611, 43.987029342478856 ], [ -76.984755015731636, 43.983317665742888 ], [ -76.988554598700958, 43.979136786228025 ], [ -76.994665961731442, 43.976050718747203 ], [ -77.002226967619578, 43.971732529364587 ], [ -77.005263585923942, 43.96838708205668 ], [ -77.008185769524147, 43.961875456321032 ], [ -77.01375542322323, 43.958293513642666 ], [ -77.019653140508552, 43.956538799369945 ], [ -77.02301781404347, 43.955020579791906 ], [ -77.025833154057452, 43.953006449130122 ], [ -77.028793455513267, 43.950103501498752 ], [ -77.028867440261024, 43.949646186074048 ], [ -77.029297012431968, 43.946990733008299 ], [ -77.028022868606328, 43.943282865622301 ], [ -77.026825021447962, 43.939128682005766 ], [ -77.028228875120675, 43.934291686385805 ], [ -77.030670635097664, 43.931601609311635 ], [ -77.031265463225608, 43.930946236247337 ], [ -77.03169272283148, 43.928279783462585 ], [ -77.033417143873663, 43.924432138385569 ], [ -77.033638272357109, 43.923938698084413 ], [ -77.033600124934068, 43.920333833796768 ], [ -77.029327564660406, 43.915920237370962 ], [ -77.024765112407309, 43.913284279083925 ], [ -77.018661384436328, 43.916374125347019 ], [ -77.01733381905963, 43.920764803731352 ], [ -77.014915225859482, 43.924163662175978 ], [ -77.014549897522073, 43.924862327363286 ], [ -77.011306400797139, 43.931064381216842 ], [ -77.00791120178458, 43.936629966665151 ], [ -77.006179266024233, 43.939635916875872 ], [ -77.004479859941455, 43.940607021071649 ], [ -77.00137259076422, 43.942382452984333 ], [ -76.99420836300996, 43.940425507123244 ], [ -76.990408813923338, 43.936954148244169 ], [ -76.984762887108644, 43.933322567529849 ], [ -76.977644413315446, 43.934970490425563 ], [ -76.969396735858723, 43.93967396629273 ], [ -76.964879976534718, 43.940642885653808 ], [ -76.960355588335148, 43.941611804349783 ], [ -76.955838829758889, 43.942576909129286 ], [ -76.949613033864651, 43.942496788871907 ], [ -76.945927914009147, 43.942183978385714 ], [ -76.94238013017339, 43.940982347551177 ], [ -76.937283533815176, 43.937842855681716 ], [ -76.931034860029868, 43.93415786064385 ], [ -76.924885361919777, 43.933631420557354 ], [ -76.919277566253712, 43.933604704628543 ], [ -76.911396113680496, 43.93608041537928 ], [ -76.905353405389178, 43.938716346256783 ], [ -76.896335112195999, 43.944251429276399 ], [ -76.888522318678653, 43.946284635802741 ], [ -76.882693242845306, 43.947585428797382 ], [ -76.878176471545828, 43.948550531898938 ], [ -76.873110365680262, 43.949015910642267 ], [ -76.865953741517274, 43.947047515380035 ], [ -76.861719276345582, 43.946231161753772 ], [ -76.860391729938954, 43.942965788981397 ], [ -76.859354119370138, 43.937918959516914 ], [ -76.859323618656276, 43.934314082439904 ], [ -76.861306436062549, 43.932377278357357 ], [ -76.862291574457828, 43.931414930767552 ], [ -76.865984332452342, 43.931731559018992 ], [ -76.871119104978845, 43.93082367672946 ], [ -76.876032609992663, 43.931247119974209 ], [ -76.881640417814069, 43.931277652062235 ], [ -76.889056470477811, 43.927859713856733 ], [ -76.893947100895403, 43.924678280493623 ], [ -76.897922164562047, 43.923217266985503 ], [ -76.903674937247416, 43.922358977458629 ], [ -76.910648455777533, 43.921603688606552 ], [ -76.914333584313169, 43.921920316478143 ], [ -76.918713010289252, 43.921844034493141 ], [ -76.923557839626042, 43.922709981517805 ], [ -76.927929632285327, 43.922633699208909 ], [ -76.934292767761875, 43.921825004669536 ], [ -76.939030793751328, 43.919524765616416 ], [ -76.941304440976012, 43.91701852812978 ], [ -77.001548659145939, 43.895114911707836 ], [ -77.006202729449797, 43.893257194467203 ], [ -77.011482418373703, 43.891452884840085 ], [ -77.017837853879016, 43.890636578660505 ], [ -77.023361643199635, 43.891101994988112 ], [ -77.030808087109989, 43.891281322125302 ], [ -77.037445836918167, 43.888687382764033 ], [ -77.040802860275932, 43.887169162162301 ], [ -77.049645563308971, 43.882511498323446 ], [ -77.054520874914019, 43.879318646234765 ], [ -77.058442507524916, 43.874245159188895 ], [ -77.061257823002464, 43.872231028417644 ], [ -77.065576167250796, 43.868542266192193 ], [ -77.070161519783667, 43.867127045988859 ], [ -77.078569261866221, 43.865128199063761 ], [ -77.086221695808902, 43.863968571185914 ], [ -77.09311883095269, 43.863648160905242 ], [ -77.097765249501251, 43.861782802893465 ], [ -77.100580572597607, 43.859768666570361 ], [ -77.10435723379554, 43.855583985354677 ], [ -77.106768196901996, 43.852185121526318 ], [ -77.10957589039073, 43.850167169967065 ], [ -77.113894249553454, 43.846474582071551 ], [ -77.117785337189517, 43.845452261221105 ], [ -77.123805086996455, 43.842801081605295 ], [ -77.130297863414498, 43.841092127015528 ], [ -77.134188952240962, 43.84006599123655 ], [ -77.143130822358643, 43.838559219759823 ], [ -77.147685663055057, 43.841187541150823 ], [ -77.152438856241844, 43.846531911683691 ], [ -77.154735328687565, 43.851670283182258 ], [ -77.158328828228278, 43.856469153672151 ], [ -77.164905463350905, 43.866017303266823 ], [ -77.169063584112493, 43.867260894066753 ], [ -77.17411438771866, 43.866776434907344 ], [ -77.180607193896293, 43.865063651488526 ], [ -77.184238908675837, 43.86176396171831 ], [ -77.189640690463932, 43.859059362354898 ], [ -77.19421846543392, 43.857636493248179 ], [ -77.19879624043422, 43.85621362354415 ], [ -77.20547977088097, 43.857213074486367 ], [ -77.21100360477584, 43.857667025167217 ], [ -77.216130709661556, 43.856740063875726 ], [ -77.221318854841087, 43.855366786512782 ], [ -77.225614321923473, 43.855717740629345 ], [ -77.233259199456953, 43.854546642574753 ], [ -77.233864647323315, 43.854795723089566 ], [ -77.237348657195469, 43.856228916940715 ], [ -77.236516987259265, 43.861561829011251 ], [ -77.234868970385747, 43.864125288023729 ], [ -77.229734205319161, 43.869107246281025 ], [ -77.224881751194985, 43.872307753183883 ], [ -77.221524713465087, 43.873833619720919 ], [ -77.218106634594506, 43.875801988710847 ], [ -77.215161586027776, 43.878712582269188 ], [ -77.211529869331031, 43.882016086159865 ], [ -77.21322360387498, 43.887104861615967 ], [ -77.217374068763291, 43.892395816823758 ], [ -77.221133299537527, 43.894268942858119 ], [ -77.22602600363625, 43.896706403527702 ], [ -77.232862124666852, 43.89681703393537 ], [ -77.23403844041016, 43.896772249981964 ], [ -77.240369653159007, 43.896530938633603 ], [ -77.248098452354739, 43.894913522637779 ], [ -77.253973289943517, 43.893143524164067 ], [ -77.258551095072988, 43.89171684513407 ], [ -77.264425943464389, 43.889946848567298 ], [ -77.269194433043737, 43.895287399563372 ], [ -77.273627232535148, 43.898796907334948 ], [ -77.278884047025656, 43.901024685939596 ], [ -77.282492833857006, 43.905819736549951 ], [ -77.28794799653717, 43.910763562785242 ], [ -77.291770425243428, 43.9142272929383 ], [ -77.295043525658897, 43.917191297937563 ], [ -77.298316643473655, 43.920159105726391 ], [ -77.301658421056516, 43.926731756853037 ], [ -77.305480874779192, 43.930191647629293 ], [ -77.309509331615473, 43.932320221170521 ], [ -77.313949790687204, 43.935829694098921 ], [ -77.317840914180834, 43.938843260148992 ], [ -77.320503662250772, 43.941761458565068 ], [ -77.320820346238392, 43.942665876304794 ], [ -77.321800702042651, 43.945465473039178 ], [ -77.318855648645695, 43.948379867330523 ], [ -77.313247845075992, 43.948376067085547 ], [ -77.309150718716452, 43.946693817232749 ], [ -77.302253508597445, 43.942982176463921 ], [ -77.298217419905328, 43.940857420922733 ], [ -77.295150303662609, 43.936554493643008 ], [ -77.291663552389622, 43.934921823512092 ], [ -77.289008436445883, 43.932007424602482 ], [ -77.286895026203368, 43.92958511549508 ], [ -77.283072574880222, 43.926121401152784 ], [ -77.27754108495165, 43.921620092646243 ], [ -77.274405306306221, 43.917767274343248 ], [ -77.270590501148391, 43.914303545440752 ], [ -77.266424719607002, 43.913063768860802 ], [ -77.262594627822068, 43.913651221046528 ], [ -77.259176526468949, 43.915623400405444 ], [ -77.256368800765827, 43.917645172805351 ], [ -77.25513278293441, 43.921593362650526 ], [ -77.254644473394507, 43.924706138949766 ], [ -77.255727868286556, 43.929745329247815 ], [ -77.255926229993264, 43.932465194442855 ], [ -77.25481991841616, 43.935524566288784 ], [ -77.250028481926364, 43.938282583782716 ], [ -77.246129735551278, 43.939316333720846 ], [ -77.240582974349451, 43.942913522056251 ], [ -77.238179618644978, 43.946319997271615 ], [ -77.236935962544948, 43.950268161575011 ], [ -77.238980691943638, 43.95313681593538 ], [ -77.24294046775853, 43.955711769724495 ], [ -77.248822939144077, 43.953941837300498 ], [ -77.252866667923755, 43.952023054712313 ], [ -77.256902766434365, 43.950100445595247 ], [ -77.262861542741916, 43.947884103075374 ], [ -77.268744019336097, 43.946114081585918 ], [ -77.273733818669967, 43.946068293998415 ], [ -77.278792287470367, 43.945580005794788 ], [ -77.282279040041018, 43.947212673713565 ], [ -77.282744437614525, 43.952206066676347 ], [ -77.284041472346701, 43.955910099578631 ], [ -77.28752822643149, 43.957542762022904 ], [ -77.292380692745112, 43.958389597304659 ], [ -77.295867447507078, 43.960022256388811 ], [ -77.304756012156673, 43.95894267259537 ], [ -77.311798197398204, 43.957710512640034 ], [ -77.315490955430363, 43.958011854729605 ], [ -77.322266099587551, 43.95855732221478 ], [ -77.322998997025564, 43.958495995395992 ], [ -77.330467993109778, 43.957870654999397 ], [ -77.339570173800809, 43.95545220754299 ], [ -77.351808138299006, 43.95283926063302 ], [ -77.359056309982179, 43.9502720539571 ], [ -77.361128715309505, 43.94938913011525 ], [ -77.367059817945716, 43.946861815510054 ], [ -77.38169349936976, 43.940834768331349 ], [ -77.39297013320018, 43.936337367934428 ], [ -77.39680022084346, 43.935746119902731 ], [ -77.40191971926501, 43.934803931009327 ], [ -77.408214185557327, 43.934407242751931 ], [ -77.415729395140062, 43.934105927568197 ], [ -77.422016236449849, 43.933709230086748 ], [ -77.433842211681124, 43.933751237334612 ], [ -77.442044100714227, 43.933053187464175 ], [ -77.447171236262818, 43.932107172757611 ], [ -77.451543032413241, 43.932008007605454 ], [ -77.456052165373151, 43.931016213686519 ], [ -77.462339008661743, 43.930611883782163 ], [ -77.46944223052688, 43.928925830320452 ], [ -77.476484412820625, 43.927682275802326 ], [ -77.479654123987501, 43.927553453671877 ], [ -77.480238207599527, 43.927529703033571 ], [ -77.483999631926864, 43.927377130035602 ], [ -77.48755505203026, 43.92855587358617 ], [ -77.489897339546332, 43.933690420391621 ], [ -77.491881038856576, 43.9369977427489 ], [ -77.494688746883895, 43.939019526880777 ], [ -77.493887612089779, 43.94435624027993 ], [ -77.493483230031075, 43.947026504868013 ], [ -77.491232471289081, 43.949547988039647 ], [ -77.487616000611311, 43.952862913839787 ], [ -77.484480196920288, 43.957116247929427 ], [ -77.487020859892965, 43.960915666259254 ], [ -77.493933328576915, 43.960560939450176 ], [ -77.498640835757982, 43.958230203837623 ], [ -77.499833443252882, 43.957265960338567 ], [ -77.502188640536744, 43.955361590264999 ], [ -77.506758833374093, 43.949872303186105 ], [ -77.512832060780227, 43.946748113377176 ], [ -77.517341197518633, 43.945752502895587 ], [ -77.518640973777437, 43.947985008944393 ], [ -77.519813192599969, 43.949998238533695 ], [ -77.521812153511448, 43.953305565512785 ], [ -77.527427572433638, 43.95734532497773 ], [ -77.532020621747847, 43.959954579593116 ], [ -77.535865960943653, 43.96340687373258 ], [ -77.540939675128541, 43.966954541985125 ], [ -77.546082060237495, 43.970055894636687 ], [ -77.551293112957623, 43.972714746901204 ], [ -77.556702542042345, 43.974038464477353 ], [ -77.562111970818549, 43.975358368757448 ], [ -77.570954743223254, 43.978749659503414 ], [ -77.576509124118488, 43.983231932743983 ], [ -77.579324463822616, 43.985249912243368 ], [ -77.581262384759157, 43.989003564931693 ], [ -77.584077721021913, 43.991021537366443 ], [ -77.586893048919023, 43.993039495304082 ], [ -77.587043589866553, 43.993247813814151 ], [ -77.58835030358027, 43.99505596281157 ], [ -77.588960668461141, 43.995900497251753 ], [ -77.588296872872505, 44.000348410627481 ], [ -77.584947458886163, 44.001889540301768 ], [ -77.5813157479311, 44.00115712205303 ], [ -77.57733307095603, 43.998597457404003 ], [ -77.574517729749857, 43.99657947747459 ], [ -77.571771058836859, 43.994115180286748 ], [ -77.566972002592379, 43.99284105220665 ], [ -77.562813823239097, 43.995663888821539 ], [ -77.558846390665764, 43.997155403835961 ], [ -77.553704005728207, 43.994054044729673 ], [ -77.544655227456488, 43.991997886033261 ], [ -77.54109980747117, 43.990819132066967 ], [ -77.534736661042473, 43.991669769487316 ], [ -77.52720617786278, 43.991982530587826 ], [ -77.523238744686765, 43.993470230176378 ], [ -77.517493600978, 43.994370460359519 ], [ -77.512229123100028, 43.99620528596283 ], [ -77.511077029678574, 43.999714774814407 ], [ -77.514571408610422, 44.001339842657345 ], [ -77.516700071571478, 44.003758352126447 ], [ -77.521361787029377, 44.005925106994432 ], [ -77.522425444938193, 44.006467074307636 ], [ -77.526580466795323, 44.008583956222367 ], [ -77.533424280809399, 44.008671730856676 ], [ -77.53705599977738, 44.009404165535251 ], [ -77.54136676234971, 44.009743693441855 ], [ -77.545753824428644, 44.009636906205628 ], [ -77.551567639474072, 44.008290362599055 ], [ -77.55581736225281, 44.009072391062624 ], [ -77.560128125695726, 44.009408103769559 ], [ -77.563828515312025, 44.009698038359943 ], [ -77.567742524303725, 44.012704008220922 ], [ -77.573510546458962, 44.015851128961366 ], [ -77.5796753202753, 44.016331806357513 ], [ -77.581605615848758, 44.020081620378342 ], [ -77.581208864998032, 44.022751876395162 ], [ -77.580812113389143, 44.025422131901294 ], [ -77.583100998682269, 44.031002980711953 ], [ -77.586664030111265, 44.032177894472788 ], [ -77.590364395706459, 44.032467808861163 ], [ -77.595872966901538, 44.037396348384235 ], [ -77.600122663947673, 44.03817454224518 ], [ -77.604639404058901, 44.037175103947781 ], [ -77.609156145096335, 44.03617185133939 ], [ -77.612986217226052, 44.035569136210185 ], [ -77.616953628345712, 44.034077603942606 ], [ -77.617968379752199, 44.031453114045661 ], [ -77.619662168574081, 44.02843571291352 ], [ -77.621287290097172, 44.02586081233116 ], [ -77.623764608535794, 44.023852450197268 ], [ -77.624835079884619, 44.022984549987136 ], [ -77.631481541954727, 44.021801335812114 ], [ -77.631884860082835, 44.021729518956739 ], [ -77.640513965073282, 44.02239326456079 ], [ -77.647105951538251, 44.024251007680107 ], [ -77.650867359123325, 44.024090788941493 ], [ -77.658664848544817, 44.021988895308596 ], [ -77.663311302293906, 44.020096808921288 ], [ -77.666103757398943, 44.018059764942514 ], [ -77.670063550877344, 44.016564422821219 ], [ -77.671821475256337, 44.016541650560718 ], [ -77.675060966379121, 44.016499593641932 ], [ -77.679051248392994, 44.01905544851207 ], [ -77.679211445326047, 44.022217822281732 ], [ -77.677517643616142, 44.025239044941166 ], [ -77.675837824173257, 44.026047102656584 ], [ -77.674885210198596, 44.034111913051696 ], [ -77.693273346507056, 44.026959581126363 ], [ -77.697785407481121, 44.026803202532214 ], [ -77.712483809634051, 44.02629217762366 ], [ -77.716849191545037, 44.016213809100449 ], [ -77.725455004706504, 44.016274838519649 ], [ -77.734328454269118, 44.008538641092215 ], [ -77.717847902630723, 43.996732210788814 ], [ -77.67676198303819, 44.000170504208825 ], [ -77.668591521453493, 44.000851914858131 ], [ -77.666110995635535, 43.997483286010322 ], [ -77.698659674792594, 43.986371231028485 ], [ -77.718488675610843, 43.988496150065387 ], [ -77.738105555863967, 44.003480645976261 ], [ -77.776512148514655, 44.0048843744758 ], [ -77.813026777649952, 44.000645687883811 ], [ -77.872134121322105, 43.97705563282102 ], [ -77.891971872195668, 43.979154198724508 ], [ -77.924916176305828, 43.969609226186023 ], [ -77.965718843312374, 43.974999535103692 ], [ -78.002853977113574, 43.96200727423895 ], [ -78.04936311711964, 43.967697817171512 ], [ -78.087257982779178, 43.964831743947492 ], [ -78.110521326114366, 43.956058163129825 ], [ -78.178889922715328, 43.95398712478805 ], [ -78.205578312243105, 43.948608293849908 ], [ -78.254827774355661, 43.949546992200631 ], [ -78.283897613471908, 43.945659728711881 ], [ -78.287598459470374, 43.94081131111092 ], [ -78.340654031223096, 43.929752242140502 ], [ -78.369196899243519, 43.927654417016356 ], [ -78.39662587269207, 43.914920862813993 ], [ -78.434644208133193, 43.910338725897496 ], [ -78.468443745933257, 43.897246635204723 ], [ -78.612597204856641, 43.896258121869025 ], [ -78.650813662666337, 43.889318565072614 ], [ -78.66136488319728, 43.891942937491521 ], [ -78.683323325955655, 43.875871320134891 ], [ -78.710652669867329, 43.866278037885429 ], [ -78.805460449322283, 43.86843020414306 ], [ -78.829997990394759, 43.857977711897639 ], [ -78.860532002026005, 43.851038399022123 ], [ -78.884198850421598, 43.852701696967038 ], [ -78.894994707777713, 43.846128439593606 ], [ -78.931717062016418, 43.857393610195722 ], [ -78.930312538702424, 43.848829546934056 ], [ -78.967317496568228, 43.830477125512509 ], [ -79.026728936914495, 43.813227356347127 ], [ -79.046566440972029, 43.808233938625513 ], [ -79.065564911079264, 43.80871076442461 ], [ -79.075894636494994, 43.813581901813528 ], [ -79.076207851532857, 43.817038556267157 ], [ -79.089819515851104, 43.820921438929147 ], [ -79.090071307830058, 43.81473435472018 ], [ -79.082540212027794, 43.810461802402195 ], [ -79.139083873204001, 43.761789823585083 ], [ -79.17642985685309, 43.748674455552099 ], [ -79.224251366678843, 43.710793938513874 ], [ -79.229333305685472, 43.703691028483775 ], [ -79.254647769170035, 43.687546929518362 ], [ -79.264749314236795, 43.676220663792918 ], [ -79.291415448880443, 43.664856658261478 ], [ -79.303248444657569, 43.65646456849128 ], [ -79.30377426899588, 43.650521591915577 ], [ -79.313381087442949, 43.652810424885708 ], [ -79.318162616023884, 43.627553445312827 ], [ -79.329614556351672, 43.616155534674924 ], [ -79.336726095041698, 43.614423682249551 ], [ -79.33925885360631, 43.617986144900485 ], [ -79.323008959673288, 43.633519872741068 ], [ -79.32071183920938, 43.638005908899721 ], [ -79.324129550157551, 43.64229710611913 ], [ -79.338450534464442, 43.634243953403065 ], [ -79.365750229459294, 43.640339119887948 ], [ -79.410109297510374, 43.628854543215645 ], [ -79.450058521525094, 43.635054474877982 ], [ -79.457665442543501, 43.634944257694002 ], [ -79.464027833052057, 43.630877825453062 ], [ -79.493112480077613, 43.594334272070874 ], [ -79.517871588543173, 43.589490322912177 ], [ -79.532939652654747, 43.583287361699739 ], [ -79.541354751731987, 43.573567894787487 ], [ -79.578364248450825, 43.547002941376157 ], [ -79.596866784591441, 43.526026406449525 ], [ -79.596735756305705, 43.508810944674117 ], [ -79.606937429060906, 43.488841133813629 ], [ -79.622912998818535, 43.471418491270327 ], [ -79.635471770882702, 43.464631345547112 ], [ -79.660503751864098, 43.436591667801252 ], [ -79.685865402574933, 43.400531749561182 ], [ -79.701644711393286, 43.388831783398565 ], [ -79.713669898550705, 43.368933883727081 ], [ -79.787396044651175, 43.317745765785176 ], [ -79.792271057278157, 43.308087281734906 ], [ -79.781353366907354, 43.287423228954083 ], [ -79.759784363272104, 43.25872521673621 ], [ -79.74103765409744, 43.24574830685922 ], [ -79.686409052721132, 43.23371704127986 ], [ -79.657714155670874, 43.22350202829773 ], [ -79.621900020683626, 43.223513605550501 ], [ -79.586956330307572, 43.205652134602154 ], [ -79.550425070599488, 43.203084483173335 ], [ -79.519487274859046, 43.193875681983201 ], [ -79.408817865864023, 43.195203768014736 ], [ -79.368273533059579, 43.18481568741251 ], [ -79.311272510064953, 43.183041883579016 ], [ -79.281927736457092, 43.195190862945495 ], [ -79.245877394914473, 43.204940896068578 ], [ -79.21672514731705, 43.221676182988162 ], [ -79.215038930418984, 43.237438252578322 ], [ -79.212300326308707, 43.237594741842059 ], [ -79.210889028010826, 43.227001169991759 ], [ -79.207538517295561, 43.229690462289867 ], [ -79.206180847179994, 43.240722611950602 ], [ -79.201251637956915, 43.225979132954798 ], [ -79.197558800622659, 43.225108878799652 ], [ -79.128289711311695, 43.253876375720175 ], [ -79.110077915482933, 43.253670560198671 ], [ -79.085716515314871, 43.25866780119901 ], [ -79.063048993313856, 43.255479239885283 ], [ -79.0602230720732, 43.252988444227157 ], [ -79.066050837075437, 43.106102489613477 ], [ -79.060245467208674, 43.100049631384557 ], [ -79.072549478914055, 43.078245919432419 ], [ -79.072031493456151, 43.073626475457033 ], [ -79.063020699666041, 43.066062302474343 ], [ -79.046877075263879, 43.064568629445134 ], [ -79.04456620442734, 43.059518042038199 ], [ -79.063082611420896, 43.047408523944874 ], [ -79.094184339499293, 43.047402814209612 ], [ -79.112732413887898, 43.04453410763201 ], [ -79.101387303455581, 43.040643421965058 ], [ -79.067998594883633, 43.042662597534701 ], [ -79.055931708823337, 43.046070549828634 ], [ -79.037737249918777, 43.058374760116152 ], [ -79.028730497863592, 43.056526894188771 ], [ -79.026181450788926, 43.017321968648645 ], [ -79.022032336027877, 43.011519494520705 ], [ -79.021259150922106, 42.982928044121039 ], [ -79.010913578075318, 42.972994927941933 ], [ -78.978638374340349, 42.963331778975956 ], [ -78.968214296175006, 42.950860904219716 ], [ -78.961582026028026, 42.948229134508559 ], [ -78.934504415515775, 42.946623042149433 ], [ -78.930111985521393, 42.944807183800158 ], [ -78.920866505365225, 42.935210149110077 ], [ -78.915076710222479, 42.90913959147494 ], [ -78.929214793939593, 42.882573624253894 ], [ -78.947599423780062, 42.877255442104726 ], [ -78.955896063931945, 42.882042529816268 ], [ -78.962759521593824, 42.882159869769062 ], [ -78.967894411349164, 42.877368971962788 ], [ -78.98734178835349, 42.876517147774578 ], [ -78.991970315422549, 42.873241243717743 ], [ -79.000054673742753, 42.867517862689638 ], [ -79.028788348285815, 42.871031326325294 ], [ -79.048151957822739, 42.857538583094239 ], [ -79.084416777846712, 42.857279145118603 ], [ -79.088650885979533, 42.851980716780517 ], [ -79.08398139891321, 42.841646954694617 ], [ -79.092175101607211, 42.83402123804742 ], [ -79.098401156958033, 42.847872435235764 ], [ -79.106275558470131, 42.854002591519425 ], [ -79.139861013897544, 42.865991527535343 ], [ -79.148567048209088, 42.873308461839564 ], [ -79.173805136697638, 42.870641711326087 ], [ -79.180748627293241, 42.866392529507422 ], [ -79.185493287138357, 42.866741113353775 ], [ -79.208682431081613, 42.868440980304499 ], [ -79.213015704574559, 42.865439058303977 ], [ -79.22318522885358, 42.87052371737046 ], [ -79.252018665717927, 42.876508923830343 ], [ -79.262731043000798, 42.871973440422543 ], [ -79.268277489980605, 42.865812397511561 ], [ -79.279417181283407, 42.867036829744677 ], [ -79.290365548274011, 42.873987264819462 ], [ -79.296568420071125, 42.874513151983052 ], [ -79.307647268009831, 42.869306161021662 ], [ -79.321708117201084, 42.869286889022071 ], [ -79.327232009211315, 42.866796065445591 ], [ -79.339988652612988, 42.853169664522021 ], [ -79.352600268737604, 42.862489093947673 ], [ -79.365395700975014, 42.862637895166507 ], [ -79.378586896737858, 42.858208862389198 ], [ -79.38547670426982, 42.865189832493982 ], [ -79.393389418472623, 42.867627824936413 ], [ -79.40970071084682, 42.870458091045791 ], [ -79.415827622266391, 42.868218947935269 ], [ -79.419771952067578, 42.86910300601366 ], [ -79.439121786396356, 42.87343692736146 ], [ -79.462621441085375, 42.858002889719224 ], [ -79.471783058109537, 42.838459971454455 ], [ -79.525611838102847, 42.851723150331246 ], [ -79.532494329251364, 42.847908471269236 ], [ -79.534180727941944, 42.842705089180591 ], [ -79.539391432077693, 42.84386133980987 ], [ -79.539909492952461, 42.83768896153434 ], [ -79.548562476928751, 42.838772011162185 ], [ -79.550568892795127, 42.844601153029203 ], [ -79.568437524303874, 42.858287606714875 ], [ -79.59077014451087, 42.845508356134609 ], [ -79.629400193915572, 42.83141342552463 ], [ -79.634946520721087, 42.832351880898138 ], [ -79.647870858611313, 42.842109726122438 ], [ -79.6541960716592, 42.837341169023347 ], [ -79.658514294147068, 42.837993808481187 ], [ -79.659375958637682, 42.846523104952837 ], [ -79.663252066822523, 42.848762344270021 ], [ -79.69698313607104, 42.856223439015245 ], [ -79.710793097170708, 42.851557703831347 ], [ -79.727754116019597, 42.850237519014549 ], [ -79.744088545270841, 42.837416195060044 ], [ -79.754389263477464, 42.841311213901093 ], [ -79.767856248297662, 42.840749931992669 ], [ -79.785496344696682, 42.838766231263975 ], [ -79.801489606811515, 42.830049582228391 ], [ -79.815739823126506, 42.831357945241216 ], [ -79.830660966657092, 42.819911452670709 ], [ -79.831036718789846, 42.819623104109368 ], [ -79.844609769856092, 42.821584669670948 ], [ -79.864073936626866, 42.820124941874205 ], [ -79.873932496318275, 42.817794458299701 ], [ -79.878717380225737, 42.812492086347959 ], [ -79.911530500275163, 42.815724613700262 ], [ -79.922165567073861, 42.812685380414386 ], [ -79.926211731891243, 42.811528654192372 ], [ -79.928119766888614, 42.807019848438031 ], [ -79.935482984672134, 42.804574561180686 ], [ -79.952548635290455, 42.805753189454116 ], [ -79.96272652839086, 42.803197720096719 ], [ -79.976293829595519, 42.789083010410067 ], [ -79.996037062473278, 42.800001316452239 ], [ -80.020023374996356, 42.804436757291285 ], [ -80.026936159354577, 42.803802717847027 ], [ -80.036855089495958, 42.796413553566772 ], [ -80.056028551769444, 42.794447804577892 ], [ -80.075577172970895, 42.787446566912308 ], [ -80.114606887321443, 42.786744354490601 ], [ -80.125817452847187, 42.782838288163518 ], [ -80.162191953645362, 42.784302698911098 ], [ -80.21476094504952, 42.777225135478268 ], [ -80.224243345698355, 42.771178834748653 ], [ -80.235054197581746, 42.755316594278931 ], [ -80.238556594180437, 42.753553287924611 ], [ -80.255748032417159, 42.744894379596666 ], [ -80.284240750299958, 42.716879581749161 ], [ -80.313276867560603, 42.698282540113432 ], [ -80.322760699650445, 42.683053983730311 ], [ -80.330344025241416, 42.64641363633114 ], [ -80.333643588289178, 42.646898295950685 ], [ -80.351585390876636, 42.649531327853779 ], [ -80.368737522483869, 42.657760983348481 ], [ -80.380211724565228, 42.658199700052919 ], [ -80.396340763022096, 42.65445728361707 ], [ -80.414044385025605, 42.641002034448604 ], [ -80.430819473219771, 42.628242874743918 ], [ -80.444347500611556, 42.607884104109722 ], [ -80.442844314127129, 42.598194944218804 ], [ -80.429669470651262, 42.577515829936075 ], [ -80.419795803840302, 42.581040969750141 ], [ -80.42089343542419, 42.592087832036292 ], [ -80.413180128509836, 42.587269224621451 ], [ -80.406648802597985, 42.591319157835251 ], [ -80.407511487699921, 42.578963477633067 ], [ -80.402552738544671, 42.578775534337552 ], [ -80.390534308893308, 42.590698539501659 ], [ -80.387697121813204, 42.591278095430873 ], [ -80.384156774637674, 42.579675898626085 ], [ -80.358818426071537, 42.582135343773324 ], [ -80.352035361133076, 42.585773759652689 ], [ -80.344031324450029, 42.584775927632478 ], [ -80.339331888951079, 42.593180646622649 ], [ -80.331824500566839, 42.596407622858024 ], [ -80.327361112897563, 42.592264019801576 ], [ -80.333326552122799, 42.582294149887417 ], [ -80.339819384154396, 42.582776179187235 ], [ -80.345801350382601, 42.577275833823535 ], [ -80.332587356476097, 42.568871852257388 ], [ -80.329948169593976, 42.577345836769098 ], [ -80.32315002143865, 42.576853712791305 ], [ -80.322334250005014, 42.566499743397991 ], [ -80.297056007590669, 42.563191542116073 ], [ -80.273587443009674, 42.573416645319767 ], [ -80.254041883378378, 42.576885537461237 ], [ -80.258362630413714, 42.569337016370376 ], [ -80.276206765592548, 42.567672176262981 ], [ -80.288695776876878, 42.560895785329087 ], [ -80.280008718598509, 42.559119483157538 ], [ -80.253559193187513, 42.564043312098306 ], [ -80.247378601118854, 42.567930942447795 ], [ -80.237814460851354, 42.562737231193658 ], [ -80.221863077693044, 42.560042177549526 ], [ -80.195992479211625, 42.560884325494648 ], [ -80.191354530784096, 42.559302036093897 ], [ -80.216982568717142, 42.554909078323504 ], [ -80.220967103418587, 42.552257590718142 ], [ -80.219190161996963, 42.550553177583026 ], [ -80.183406543979871, 42.555068884300461 ], [ -80.163439111042791, 42.560461024478663 ], [ -80.158696384784179, 42.553159924469938 ], [ -80.151095956665159, 42.555147421079631 ], [ -80.146819963983958, 42.562544223068919 ], [ -80.140297326606557, 42.558382143586201 ], [ -80.134228875099097, 42.56478690377503 ], [ -80.141031135121381, 42.576989977304905 ], [ -80.153360096519606, 42.584450967038023 ], [ -80.14270841917444, 42.579881920082073 ], [ -80.132494162333117, 42.575498533041838 ], [ -80.116001837310677, 42.559229547256649 ], [ -80.115430984815603, 42.554389097769189 ], [ -80.123840679392103, 42.549914067343913 ], [ -80.103764918432915, 42.552538814681277 ], [ -80.096707129680354, 42.551333855595253 ], [ -80.097021219512825, 42.5465123701333 ], [ -80.08409466984655, 42.545542954636154 ], [ -80.088359425675492, 42.552481883872382 ], [ -80.068516988745671, 42.546279926232756 ], [ -80.036971561572429, 42.544517605279658 ], [ -80.037067296311321, 42.544500642118827 ], [ -80.065298002533993, 42.539493332272578 ], [ -80.069663595292965, 42.539280939724677 ], [ -80.091114725313645, 42.538234064590078 ], [ -80.146965471828807, 42.535483099206814 ], [ -80.268698847170782, 42.552255336737375 ], [ -80.375635678730049, 42.572692837538924 ], [ -80.433295981593787, 42.571131282512269 ], [ -80.49195910285691, 42.569502823896656 ], [ -80.530009734427964, 42.568425122260997 ], [ -80.614356517354921, 42.575181266511549 ], [ -80.672529761608374, 42.597346487756219 ], [ -80.743571523068482, 42.624336693519105 ], [ -80.782679449282583, 42.639157957666718 ], [ -80.850759637198763, 42.651382500987779 ], [ -80.864782940819239, 42.653893163571574 ], [ -80.966281844858912, 42.657058860995363 ], [ -81.020622263706514, 42.653106798144762 ], [ -81.133670844541797, 42.660854087410179 ], [ -81.216848819390421, 42.658168962695768 ], [ -81.239699832314059, 42.660934816212098 ], [ -81.313434087463932, 42.648947243568735 ], [ -81.35532036747945, 42.633226658087302 ], [ -81.38884502830291, 42.61060233892028 ], [ -81.393285651521296, 42.60316740426142 ], [ -81.444112969459837, 42.599368005112368 ], [ -81.463712143589447, 42.580900618212979 ], [ -81.49036919439088, 42.573023030454266 ], [ -81.518887254241562, 42.56458376880893 ], [ -81.714507289931262, 42.434464453155506 ], [ -81.787612626794655, 42.395501430728629 ], [ -81.823033853903297, 42.357518217631245 ], [ -81.83337807560369, 42.33440506249444 ], [ -81.837984554482603, 42.26760425405844 ], [ -81.838921428309476, 42.26250180032384 ], [ -81.840036624118426, 42.256426881855525 ], [ -81.849063624052704, 42.248179984155058 ], [ -81.862165367928128, 42.245300537747525 ], [ -81.889242026485874, 42.247353153210518 ], [ -81.897658574034537, 42.251676201457535 ], [ -81.872478923386083, 42.2492256665805 ], [ -81.875340464223726, 42.281608889230156 ], [ -81.864436876197161, 42.283626738875249 ], [ -81.866032470469548, 42.289398597255506 ], [ -81.841038278762824, 42.322453423126611 ], [ -81.851452391750186, 42.324551537687796 ], [ -81.866147250649263, 42.320793944581261 ], [ -81.888716700141941, 42.307148730893587 ], [ -81.897021458354445, 42.30070737000824 ], [ -81.898740475292612, 42.299373767412234 ], [ -81.926483399411623, 42.27783706239682 ], [ -81.931510338104744, 42.269021206834758 ], [ -81.928481669821622, 42.260697743109475 ], [ -81.904999550838951, 42.251141833424818 ], [ -81.903302593932864, 42.250450885856743 ], [ -81.975153864466407, 42.259771406419532 ], [ -82.051817524195044, 42.250592138159426 ], [ -82.116922659171706, 42.229417227715274 ], [ -82.208045539157453, 42.180831767946202 ], [ -82.294484447544548, 42.154282484363122 ], [ -82.396332536610956, 42.108750732583616 ], [ -82.445497884368407, 42.068728065474367 ], [ -82.48173360454912, 42.018356961956577 ], [ -82.497517357197509, 41.97147363050906 ], [ -82.497090572515233, 41.930919390367428 ], [ -82.502740499625446, 41.910509423854116 ], [ -82.50516231534786, 41.901755966969844 ], [ -82.507938273696169, 41.911605070340102 ], [ -82.51555378516143, 41.938606112390957 ], [ -82.539793710881767, 41.975269406601022 ], [ -82.588779095407773, 42.017884314188677 ], [ -82.606371897334284, 42.025082214664884 ], [ -82.65968528844806, 42.031325312811624 ], [ -82.672719293067289, 42.029607168377623 ], [ -82.719299054613842, 42.023449848356861 ], [ -82.743419013264145, 42.0192856623773 ], [ -82.822813336132867, 41.986495696970813 ], [ -82.88938242190649, 41.980017841303223 ], [ -82.899370063489769, 41.974620623533475 ], [ -82.899682337277994, 41.97445183789096 ], [ -82.915391080765303, 41.973097377913149 ], [ -82.932771211317103, 41.977949854305471 ], [ -82.952339077297566, 41.988162499310441 ], [ -82.998238443148821, 42.012085089945074 ], [ -82.998846325776483, 42.012401609027265 ], [ -83.0051892561019, 42.014315109726461 ], [ -83.049185768959816, 42.02757104356867 ], [ -83.050957815016787, 42.030958866789753 ], [ -83.055342479935192, 42.039339553281415 ], [ -83.061736540995497, 42.029810012594304 ], [ -83.106918475709051, 42.044650570364446 ], [ -83.109242461609469, 42.065363690212095 ], [ -83.109440887216053, 42.067131467942765 ], [ -83.10441286728917, 42.08332615586437 ], [ -83.111180151074819, 42.133122626846578 ], [ -83.088830871846881, 42.162822802790984 ], [ -83.077653786804845, 42.16587128194076 ], [ -83.081261976314465, 42.169357729180639 ], [ -83.057633283727867, 42.18320514940342 ], [ -83.093926977965253, 42.16884958824658 ], [ -83.110781536837877, 42.148923154207552 ], [ -83.105119615676145, 42.165567542010947 ], [ -83.114683730773748, 42.165699937030837 ], [ -83.099504677500832, 42.180376802205096 ], [ -83.103806042693591, 42.193494730753301 ], [ -83.097305595510718, 42.206461698931115 ], [ -83.10400886690303, 42.234727711654649 ], [ -83.102068231554, 42.250276338893798 ], [ -83.093859388456224, 42.270546401640622 ], [ -83.064635134747149, 42.303803115925788 ], [ -83.016087908505085, 42.318216707476687 ], [ -82.953673812657271, 42.326906932022965 ], [ -82.937644860443555, 42.335827195805962 ], [ -82.862912341502522, 42.321593308476167 ], [ -82.860063863552213, 42.320826387671886 ], [ -82.755334591379196, 42.292548233253896 ], [ -82.634498865644574, 42.294323964361908 ], [ -82.548071059808521, 42.310359854796687 ], [ -82.503878384409973, 42.301719189409468 ], [ -82.460167410747957, 42.305678629985266 ], [ -82.456910122873381, 42.310424137626718 ], [ -82.443366473255935, 42.309013033836351 ], [ -82.444992550686024, 42.315230854945057 ], [ -82.411580632186215, 42.358553969227366 ], [ -82.410072599771979, 42.399884057289412 ], [ -82.408384379676278, 42.446077005441744 ], [ -82.407988536369231, 42.456896551593147 ], [ -82.407347771137836, 42.474401237592396 ], [ -82.418647492962705, 42.487458540018544 ], [ -82.444229291819028, 42.482697085518616 ], [ -82.444345528668265, 42.482780798329273 ], [ -82.459938887451742, 42.494007159462953 ], [ -82.472916918094086, 42.495177974869421 ], [ -82.466874739945027, 42.508117765568223 ], [ -82.472581737608067, 42.513271126064133 ], [ -82.49152547664923, 42.503558387719643 ], [ -82.501154664678296, 42.5030547937927 ], [ -82.516956225298912, 42.485488613579342 ], [ -82.520640833455815, 42.486476603509821 ], [ -82.531009574493581, 42.504928150360698 ], [ -82.546855889001336, 42.511134723898365 ], [ -82.544009749207078, 42.54107984818242 ], [ -82.548771024570286, 42.539767572439395 ], [ -82.552929432049908, 42.512984889921412 ], [ -82.548000062428997, 42.504878544674987 ], [ -82.533503744643014, 42.500983651467614 ], [ -82.533274644390332, 42.497485627829377 ], [ -82.536723405309488, 42.495192938579493 ], [ -82.54435416912267, 42.499988183488576 ], [ -82.557041533427309, 42.500453700376156 ], [ -82.556591613038904, 42.495406876802548 ], [ -82.573811751545094, 42.499622315326469 ], [ -82.563962571897662, 42.507247846278929 ], [ -82.563614229712513, 42.508518886026678 ], [ -82.561298408302349, 42.516967342257558 ], [ -82.574132537846666, 42.537792010650641 ], [ -82.575444028792518, 42.552119621011485 ], [ -82.536356823866967, 42.587816966232239 ], [ -82.515147130227518, 42.599787454880484 ], [ -82.5008339463363, 42.627008973616121 ], [ -82.494608297077534, 42.627344951534845 ], [ -82.484270657030194, 42.621188220806147 ], [ -82.478401716768474, 42.601828774452088 ], [ -82.495621717772636, 42.576849579716303 ], [ -82.499826226508119, 42.540835276258839 ], [ -82.48333770075746, 42.551054988410073 ], [ -82.487113916504711, 42.577044300923475 ], [ -82.473671729263913, 42.600062627821643 ], [ -82.474221504886174, 42.615493003592292 ], [ -82.479691731232251, 42.627516836145496 ], [ -82.499002964379045, 42.634989383978024 ], [ -82.502384540237472, 42.658934397087528 ], [ -82.477380905327436, 42.701707995143508 ], [ -82.470250853172928, 42.736169410728436 ], [ -82.460439125773263, 42.749494423068661 ], [ -82.458596172937519, 42.775348582830524 ], [ -82.471439393551719, 42.805574323055758 ], [ -82.470004012106969, 42.811182799419221 ], [ -82.453760411896127, 42.867138833051484 ], [ -82.452898977686289, 42.878017424873875 ], [ -82.439622487865449, 42.92989275015556 ], [ -82.402732455249236, 42.971999803014747 ], [ -82.410369391339728, 42.988526826612159 ], [ -82.414597633341401, 42.997672398311451 ], [ -82.407554863117142, 43.000283675491211 ], [ -82.367079000565326, 43.015274989893015 ], [ -82.357729331734845, 43.016491906660505 ], [ -82.243598436547359, 43.031260980584904 ], [ -82.175536317135311, 43.051551270266877 ], [ -82.148853604648906, 43.069063312868082 ], [ -82.145219911919725, 43.08914997002703 ], [ -82.09726158871058, 43.105488972398597 ], [ -82.085153375368677, 43.115213166465772 ], [ -82.02975935113254, 43.159633327924801 ], [ -82.018361661102475, 43.184118512563629 ], [ -82.032101853381022, 43.193145421573071 ], [ -82.023841554707801, 43.195472768172678 ], [ -82.01731574296906, 43.208784665585107 ], [ -82.012509867927875, 43.218583477450544 ], [ -82.008826554415563, 43.213444486572087 ], [ -82.003323731999373, 43.20576473814333 ], [ -81.978816371036444, 43.206566522012835 ], [ -81.907220655214289, 43.229599616428395 ], [ -81.894011791886967, 43.230206178116973 ], [ -81.892870748721208, 43.234518440092167 ], [ -81.861540302600574, 43.246584227654886 ], [ -81.777612624241357, 43.297939070890735 ], [ -81.769029558590589, 43.303180786618661 ], [ -81.744061745791385, 43.325460168603151 ], [ -81.728321332137057, 43.345677489040654 ], [ -81.721216806447359, 43.360039852582425 ], [ -81.706030827354454, 43.390711219599808 ], [ -81.707177707763407, 43.396589533873836 ], [ -81.715116714012794, 43.437244196621009 ], [ -81.71467849413385, 43.465658691664594 ], [ -81.701794205441871, 43.522409344265505 ], [ -81.70241020570792, 43.537466294781368 ], [ -81.703663071740024, 43.568063448603844 ], [ -81.720923144799542, 43.685728793759864 ], [ -81.722160879098311, 43.694146141876182 ], [ -81.72383398913523, 43.744156537082738 ], [ -81.715017007275364, 43.775336332120361 ], [ -81.722703185904933, 43.806244900790695 ], [ -81.716538199595746, 43.821906153160178 ], [ -81.715570455766866, 43.931910238893401 ], [ -81.729907666944143, 43.99644345104808 ], [ -81.730920853309058, 44.027640155955389 ], [ -81.750273192109745, 44.068239724055999 ], [ -81.72550574718403, 44.098786678973262 ], [ -81.691848283498999, 44.121767664971273 ], [ -81.640019985246255, 44.169705381114994 ], [ -81.613845128338056, 44.208203403066264 ], [ -81.609745459601328, 44.218378886195154 ], [ -81.599584390693764, 44.243580719760146 ], [ -81.596873111622457, 44.252907759444824 ], [ -81.60265738506294, 44.264747023398407 ], [ -81.587545487598533, 44.284981061255223 ], [ -81.589853671873215, 44.289856026141159 ], [ -81.599259171326523, 44.293541798914632 ], [ -81.59416993603287, 44.299135386939227 ], [ -81.600825689619043, 44.306644707170882 ], [ -81.599029964545721, 44.31668572848961 ], [ -81.593155276055342, 44.325011288502772 ], [ -81.575604787423785, 44.33669072165447 ], [ -81.552468216183712, 44.332633497657675 ], [ -81.549157100462423, 44.334837629727971 ], [ -81.545513618349219, 44.350374314839272 ], [ -81.54424336315418, 44.355788734397791 ], [ -81.531254425924104, 44.359333773348943 ], [ -81.524196668632413, 44.365788834610036 ], [ -81.520809833995827, 44.375549992548933 ], [ -81.493748765910198, 44.402780205686049 ], [ -81.455882158565984, 44.416402587285631 ], [ -81.449648647980368, 44.413251404941086 ], [ -81.443674594275777, 44.41721088749425 ], [ -81.41958736851079, 44.418599504388517 ], [ -81.411095612728502, 44.423362603519202 ], [ -81.402078411414891, 44.428418568343062 ], [ -81.398552846956008, 44.434281870813784 ], [ -81.402489765813286, 44.444249163322986 ], [ -81.399187181447459, 44.451947368954244 ], [ -81.389199489065177, 44.458771818071511 ], [ -81.380218880313038, 44.476395520701153 ], [ -81.382051057917138, 44.483780748841767 ], [ -81.357241976038509, 44.509204453900594 ], [ -81.348920900693599, 44.526155879208048 ], [ -81.322005011330674, 44.542575795956097 ], [ -81.282794484144247, 44.588879894051914 ], [ -81.282672868595355, 44.589071896240306 ], [ -81.27081879408334, 44.607778844929918 ], [ -81.268325382624653, 44.635200623409879 ], [ -81.272694629524381, 44.654805033049023 ], [ -81.285260375288743, 44.659983310975754 ], [ -81.300269381742893, 44.690214730947446 ], [ -81.290765330238216, 44.693148562549261 ], [ -81.280029937360297, 44.689627718045458 ], [ -81.27194362439073, 44.695809105536981 ], [ -81.276752683084453, 44.731027637286438 ], [ -81.28167640175306, 44.733460687656041 ], [ -81.272980473027772, 44.751690103440211 ], [ -81.272508064173678, 44.75268002203871 ], [ -81.280231319763914, 44.769641064916819 ], [ -81.293249088247151, 44.778498050550176 ], [ -81.29454511891943, 44.789539907619073 ], [ -81.279850201283566, 44.798282697824874 ], [ -81.289933166806065, 44.80797659553366 ], [ -81.292283188089684, 44.817442535809462 ], [ -81.312193181734756, 44.818932555908965 ], [ -81.325546009045439, 44.84476047607555 ], [ -81.328078538772772, 44.851248964625285 ], [ -81.317751788854409, 44.87410377216073 ], [ -81.325260063133825, 44.872486284984532 ], [ -81.335128104566564, 44.857867296439501 ], [ -81.338912884751494, 44.859351654279635 ], [ -81.343702119442938, 44.871635028551722 ], [ -81.352530100284028, 44.87532737959198 ], [ -81.350826182905053, 44.882609644293659 ], [ -81.361964938465292, 44.891177592529786 ], [ -81.347077767774095, 44.8976324213114 ], [ -81.345528014500871, 44.902172397415526 ], [ -81.35819359627564, 44.900928750770838 ], [ -81.367707402004797, 44.903945866570368 ], [ -81.370160120992722, 44.917767025467427 ], [ -81.352422166148088, 44.957599882354671 ], [ -81.353131645857403, 44.96220396624981 ], [ -81.367971318919729, 44.962623632326981 ], [ -81.37409067681304, 44.968753736066468 ], [ -81.358518137301033, 44.981376372720376 ], [ -81.365591243373018, 44.987766403365846 ], [ -81.365157013465819, 44.995544260448369 ], [ -81.374792811011801, 44.996734394597127 ], [ -81.38079644917714, 44.993465284282387 ], [ -81.383681506151561, 44.982319080510706 ], [ -81.39336976970155, 44.976631372027853 ], [ -81.403776487270903, 44.981277846617211 ], [ -81.397505809117845, 44.995308090483093 ], [ -81.404684865563482, 44.994137218370007 ], [ -81.418868778650562, 44.971386389760575 ], [ -81.421607923727422, 44.96958928702206 ], [ -81.42490373324047, 44.967426687129446 ], [ -81.432899587310104, 44.969025294821684 ], [ -81.431868047015101, 44.973022566315187 ], [ -81.429199451943163, 44.98336050881845 ], [ -81.446946867484158, 45.001724706253924 ], [ -81.449167652867274, 45.012550496505064 ], [ -81.450777117910775, 45.020393301448784 ], [ -81.458246605165755, 45.025866755911736 ], [ -81.459306322383355, 45.041937582526835 ], [ -81.475168995730016, 45.041914419630693 ], [ -81.493229176315879, 45.055006142161702 ], [ -81.493853924126554, 45.061441198312856 ], [ -81.483706700286476, 45.063455725523717 ], [ -81.490298432257987, 45.066651726577966 ], [ -81.488628690436116, 45.071199435542589 ], [ -81.498554445790305, 45.064317702482548 ], [ -81.502408577034316, 45.070836697160864 ], [ -81.510735119333361, 45.072667207663706 ], [ -81.511445559023969, 45.089642745860544 ], [ -81.527662768640511, 45.113450289512741 ], [ -81.536599356480906, 45.110024882363696 ], [ -81.54041501421743, 45.117459939104187 ], [ -81.548077847356524, 45.113538365779021 ], [ -81.551557180823536, 45.121194898616217 ], [ -81.560630078140605, 45.121206474236757 ], [ -81.562040103887313, 45.131327201921174 ], [ -81.574708898263779, 45.130743751217544 ], [ -81.574181411658628, 45.13462729860909 ], [ -81.565579622384277, 45.137835135298197 ], [ -81.568050369463265, 45.146380837879498 ], [ -81.588173523999487, 45.145995969927206 ], [ -81.57527834151584, 45.187584488422402 ], [ -81.581717566134259, 45.188442722817896 ], [ -81.60707960598188, 45.174900951297069 ], [ -81.614410318145886, 45.189759082547653 ], [ -81.618324113224261, 45.189399946265851 ], [ -81.625153542430084, 45.176518291160491 ], [ -81.629930015016868, 45.178246463525134 ], [ -81.629074733535148, 45.188534164554063 ], [ -81.658120456958471, 45.178745681572735 ], [ -81.659211758725675, 45.182667145718931 ], [ -81.649039770451111, 45.191341508945982 ], [ -81.653723874981836, 45.194900538558485 ], [ -81.66671696852444, 45.194546104855092 ], [ -81.665844735687571, 45.211475018177737 ], [ -81.670078980311459, 45.211127939957763 ], [ -81.681388865187529, 45.193085116458683 ], [ -81.696830604329136, 45.195541512538327 ], [ -81.694043903332783, 45.212196570132896 ], [ -81.713103078155683, 45.207409235635019 ], [ -81.723196446553658, 45.213161339868314 ], [ -81.717455417798675, 45.222905536910602 ], [ -81.715747739471581, 45.22580316327447 ], [ -81.699245489901685, 45.231113307598193 ], [ -81.689265532569451, 45.229484504577798 ], [ -81.681856304461803, 45.234798090635572 ], [ -81.69185747562139, 45.242381466132251 ], [ -81.678720368324221, 45.254456722421509 ], [ -81.67584971411739, 45.257094315532079 ], [ -81.660262425520799, 45.250739292886692 ], [ -81.655150956479162, 45.26183601870467 ], [ -81.633392067276915, 45.261732946551916 ], [ -81.627746237330101, 45.257921987481403 ], [ -81.637084633762214, 45.253123505431049 ], [ -81.636131098235253, 45.246451518163418 ], [ -81.614204008048702, 45.249781398688576 ], [ -81.605088711105495, 45.244044444268688 ], [ -81.579559467279793, 45.247958254441343 ], [ -81.57740904487865, 45.239421033779763 ], [ -81.564995384622591, 45.234740239792359 ], [ -81.557502692664698, 45.241415894020285 ], [ -81.539694846354081, 45.234297930179189 ], [ -81.541350575352652, 45.239840304854873 ], [ -81.52954707728081, 45.242049128629397 ], [ -81.512906965604188, 45.237474935413722 ], [ -81.487621469519354, 45.236792108080458 ], [ -81.457331018021719, 45.226572254234249 ], [ -81.400673403372494, 45.229822719986437 ], [ -81.382698185222822, 45.237795196723219 ], [ -81.337659549613463, 45.23606698747264 ], [ -81.29796867212977, 45.243581244231002 ], [ -81.29663512438826, 45.243833367323333 ], [ -81.296122959805103, 45.243228811674975 ], [ -81.291462016981527, 45.237726250183471 ], [ -81.286396444331928, 45.241370860068521 ], [ -81.285030306332914, 45.242353637233421 ], [ -81.276408852508993, 45.22858220166156 ], [ -81.281177048455064, 45.219095081451727 ], [ -81.31808220589177, 45.186700995534132 ], [ -81.32861922656744, 45.172563680044057 ], [ -81.329321015689331, 45.137297295606004 ], [ -81.310498728620686, 45.120714459611285 ], [ -81.275967623584521, 45.112616223166192 ], [ -81.258021505980693, 45.075655551341406 ], [ -81.264774318627815, 45.048579647006648 ], [ -81.261913047515378, 45.030853584385717 ], [ -81.269511037605355, 45.016865234454841 ], [ -81.244211721585245, 44.984727826463995 ], [ -81.21921765633347, 45.003016004218104 ], [ -81.195099021258429, 45.001697242548445 ], [ -81.191818916178846, 45.001517386261867 ], [ -81.186554427550334, 44.997462727437458 ], [ -81.187532028792106, 44.991992855907341 ], [ -81.209962364752954, 44.967906233276274 ], [ -81.209985748156569, 44.961947829409645 ], [ -81.204095725517107, 44.957649349251881 ], [ -81.176575789227783, 44.953160153798159 ], [ -81.125199014105561, 44.958490203351396 ], [ -81.11150287003359, 44.955094923469865 ], [ -81.109763782350953, 44.935785422731385 ], [ -81.122273345996632, 44.93226907526023 ], [ -81.125206366722296, 44.93144430054663 ], [ -81.127732421639806, 44.921663232497494 ], [ -81.137345570507478, 44.922872508476878 ], [ -81.153099978084086, 44.902490877758233 ], [ -81.150711787990105, 44.899210154892572 ], [ -81.135773510213227, 44.90059091395441 ], [ -81.105643648585442, 44.918470194599287 ], [ -81.09169685320856, 44.919420131891449 ], [ -81.07903938717412, 44.909860235873111 ], [ -81.093130217614814, 44.890352270962303 ], [ -81.061505109366365, 44.890294751587525 ], [ -81.052662702021308, 44.897584614202891 ], [ -81.056082062604332, 44.905027361688568 ], [ -81.051595729189785, 44.909700576707664 ], [ -81.029454495196546, 44.912680005172859 ], [ -81.019641695017967, 44.919935063144102 ], [ -81.02444965698696, 44.925817441626315 ], [ -81.030895915722525, 44.920747873944364 ], [ -81.034691854810561, 44.922856235088609 ], [ -81.046201733969539, 44.929247053083863 ], [ -81.050321267288638, 44.941064864837671 ], [ -81.046895790852645, 44.949438482027055 ], [ -81.034679998410923, 44.958914073731982 ], [ -81.031573472430509, 44.960260098689282 ], [ -81.016414656604539, 44.96682568086991 ], [ -81.010990265808232, 44.965738535239204 ], [ -81.004009617111194, 44.953142428078017 ], [ -80.997943688881236, 44.952032438059277 ], [ -80.982973279745693, 44.969209996879393 ], [ -80.9730808435949, 44.963489421118446 ], [ -80.956147993418611, 44.953691979574216 ], [ -80.958322183054221, 44.944818749846931 ], [ -80.964418575332203, 44.942088941723902 ], [ -80.996547372969644, 44.927690746075314 ], [ -81.018344664664184, 44.904310408998384 ], [ -81.020358448639612, 44.887411332141909 ], [ -81.008259107661104, 44.884737700417972 ], [ -81.002787227975645, 44.878556296442184 ], [ -81.000117878285423, 44.875540147759274 ], [ -81.021900147020773, 44.836340767761428 ], [ -81.07044534783924, 44.803064841792981 ], [ -81.073397724308379, 44.80103883411401 ], [ -81.125126029488897, 44.771451267429597 ], [ -81.127537536693964, 44.752728582985213 ], [ -81.135220859866052, 44.742646479041937 ], [ -81.1319166464002, 44.738648157954508 ], [ -81.118313271015822, 44.740067714329591 ], [ -81.078211839998659, 44.774823512741015 ], [ -81.004679594271863, 44.80210380251463 ], [ -80.98484358873857, 44.804915701202837 ], [ -80.943255954092152, 44.789608593753464 ], [ -80.926837173104147, 44.789311543901718 ], [ -80.91521631227306, 44.794667319387443 ], [ -80.900861666163081, 44.789200167740972 ], [ -80.900743059670106, 44.789154979433746 ], [ -80.883615995830723, 44.764761312916313 ], [ -80.881764376804668, 44.754406495554591 ], [ -80.87982298663654, 44.743545067266723 ], [ -80.883300388691325, 44.729447023573428 ], [ -80.903466070828912, 44.705803299901945 ], [ -80.905842340384496, 44.688688757650255 ], [ -80.920859450776547, 44.651518922268238 ], [ -80.934441752782902, 44.617851363904592 ], [ -80.937681982761802, 44.576682211545332 ], [ -80.925315256000829, 44.584307839217495 ], [ -80.907222884053837, 44.608004642629659 ], [ -80.904299087859158, 44.611831719723263 ], [ -80.879434167157044, 44.618815344179545 ], [ -80.869548456999595, 44.626402906597875 ], [ -80.866251631900084, 44.628932564641254 ], [ -80.837149250605947, 44.66648682423957 ], [ -80.821120285861198, 44.680631152406058 ], [ -80.781079887115766, 44.702451484188536 ], [ -80.749980731351954, 44.710347333819023 ], [ -80.746639756098261, 44.721929592702558 ], [ -80.734371750643106, 44.717614593499313 ], [ -80.704286600200774, 44.71498595618818 ], [ -80.695836492345563, 44.716387999893875 ], [ -80.677918753332321, 44.719358011647678 ], [ -80.644486046542809, 44.718659770103422 ], [ -80.632255536314375, 44.713879793833819 ], [ -80.633308485777746, 44.703141199694592 ], [ -80.619368786838081, 44.681099802749564 ], [ -80.618834605354849, 44.660676038588512 ], [ -80.624563423895879, 44.65216111407431 ], [ -80.621931844748758, 44.64358623843242 ], [ -80.594999010517029, 44.614439030695365 ], [ -80.589478257961275, 44.611651636347204 ], [ -80.564258800003259, 44.598910238317366 ], [ -80.555316360595398, 44.598131955073782 ], [ -80.545443512610149, 44.58769153404409 ], [ -80.528826379913738, 44.586413774938229 ], [ -80.503190228117944, 44.590080127750383 ], [ -80.484140676435089, 44.582285250635501 ], [ -80.482751890472343, 44.574667140072641 ], [ -80.477487503077697, 44.571955390165016 ], [ -80.440859480945235, 44.558702022391905 ], [ -80.385652115569798, 44.531673186133176 ], [ -80.373498030551517, 44.535580026294141 ], [ -80.345085090811551, 44.533374891645501 ], [ -80.309422228674265, 44.518489111574901 ], [ -80.305227335812944, 44.516736638326378 ], [ -80.286085129600494, 44.528170927239522 ], [ -80.280348002043155, 44.519007404980179 ], [ -80.273321908684011, 44.522868439948667 ], [ -80.269063426213378, 44.519724417002337 ], [ -80.260340466212696, 44.520281100904292 ], [ -80.260029870436682, 44.520300906225827 ], [ -80.256177963185266, 44.516024262093772 ], [ -80.240749966054295, 44.516352347379289 ], [ -80.235958181639305, 44.507451834596885 ], [ -80.226833213415645, 44.509393747556523 ], [ -80.222986699692811, 44.500760358721934 ], [ -80.194055407196757, 44.501477713752507 ], [ -80.117666439342784, 44.466049066982734 ], [ -80.116291775993687, 44.465410454893814 ], [ -80.09850701725378, 44.463102735798088 ], [ -80.050768933975775, 44.487353224954965 ], [ -80.009841770476157, 44.523278135480638 ], [ -80.005280485139252, 44.527277624344592 ], [ -79.990914836106882, 44.546656713796587 ], [ -79.985107965799273, 44.579454898655477 ], [ -79.988939898110701, 44.581835878044153 ], [ -79.999834043437829, 44.588602859691377 ], [ -80.002855578149806, 44.594851320502997 ], [ -80.00228047363268, 44.595737762702882 ], [ -79.970627778012499, 44.644472537746182 ], [ -79.968994673548991, 44.665052980963516 ], [ -79.982239834189798, 44.672468592100913 ], [ -80.005312815108482, 44.702303665104033 ], [ -80.014568220932162, 44.703365042922336 ], [ -80.020091718949502, 44.711167153460828 ], [ -80.027607702057466, 44.721779305434069 ], [ -80.041844819024519, 44.720971845654695 ], [ -80.05360299662253, 44.727175422731172 ], [ -80.057828028317857, 44.726425253644429 ], [ -80.067321395937753, 44.724738862245552 ], [ -80.077720591886674, 44.735932563579112 ], [ -80.085220275984696, 44.738984687183745 ], [ -80.095940882254141, 44.737801822587429 ], [ -80.10228048517088, 44.743325413711467 ], [ -80.118249530805372, 44.745099247815745 ], [ -80.123665607108379, 44.750127089249531 ], [ -80.123830780555608, 44.753010898373056 ], [ -80.124554915570286, 44.76564992291668 ], [ -80.124626968586398, 44.766907195815108 ], [ -80.124150761059681, 44.769015638784779 ], [ -80.118194422594712, 44.795372741843224 ], [ -80.115326356083344, 44.808054153463651 ], [ -80.093018088850854, 44.808783283093355 ], [ -80.071668823719776, 44.817804336348402 ], [ -80.0616821287216, 44.796995683582239 ], [ -80.043607551467602, 44.801320085303118 ], [ -80.030102995522199, 44.833580071847209 ], [ -80.023236280170281, 44.83881354560085 ], [ -80.021313348062421, 44.850889783215088 ], [ -80.01353920371443, 44.847139698649173 ], [ -80.003445465498757, 44.84834118619851 ], [ -79.944358848059892, 44.864531567292531 ], [ -79.943722555272814, 44.864215523406422 ], [ -79.929770597066792, 44.857283511127832 ], [ -79.908818250963577, 44.856886909710745 ], [ -79.905131491168518, 44.851365777015154 ], [ -79.895280541031966, 44.836606751056628 ], [ -79.918312007748654, 44.811169277929814 ], [ -79.930245064323188, 44.811200516334992 ], [ -79.938478128732726, 44.805112287992813 ], [ -79.935403502874905, 44.78319718788913 ], [ -79.943650778197181, 44.7727530552473 ], [ -79.941667585274118, 44.765329497599964 ], [ -79.936883734817741, 44.764677489325983 ], [ -79.929803324458206, 44.772645690252389 ], [ -79.920837357109022, 44.803933142603135 ], [ -79.871952968499713, 44.809955159599859 ], [ -79.861332015041015, 44.801720123876407 ], [ -79.85668797313474, 44.787533209080351 ], [ -79.864571860433131, 44.773864013412265 ], [ -79.880422075388651, 44.765345737534652 ], [ -79.884511900002465, 44.758631294706653 ], [ -79.881155748215306, 44.752299291431797 ], [ -79.863530126939835, 44.75501153248139 ], [ -79.843533862243106, 44.743400000801536 ], [ -79.836932749267007, 44.757117924026602 ], [ -79.799523117043364, 44.769092808912887 ], [ -79.796442395921957, 44.75565317099197 ], [ -79.784861370778728, 44.747596438733069 ], [ -79.794566518852264, 44.735389577493898 ], [ -79.791773748359915, 44.730224041948325 ], [ -79.772615822453588, 44.747539263281681 ], [ -79.775483406413386, 44.755691184652996 ], [ -79.769701122024316, 44.755447521392853 ], [ -79.753656305894637, 44.766239473224537 ], [ -79.748574268453751, 44.7614366715136 ], [ -79.748207831631206, 44.746509378942847 ], [ -79.734014115655896, 44.731224893933813 ], [ -79.725298461231816, 44.735211021216095 ], [ -79.708982043036769, 44.756769131984839 ], [ -79.701991258403567, 44.759454772704061 ], [ -79.710255959198236, 44.768525852323414 ], [ -79.706203957042618, 44.782117574453693 ], [ -79.712881881957273, 44.794790060831119 ], [ -79.694214798154391, 44.821066421312636 ], [ -79.685560599671931, 44.82413727154848 ], [ -79.687726907835483, 44.82904646830238 ], [ -79.701167279853166, 44.826638943846469 ], [ -79.722458980759654, 44.80758742758379 ], [ -79.720558301392714, 44.795574943836144 ], [ -79.730167342528944, 44.796444812596384 ], [ -79.730350582783387, 44.78658772497144 ], [ -79.748437904412455, 44.794006172017326 ], [ -79.753197923522634, 44.80269610863013 ], [ -79.763839623932014, 44.802688933137489 ], [ -79.767790943561437, 44.809509698270361 ], [ -79.781689468827878, 44.809178149944415 ], [ -79.77205444024905, 44.828041798770954 ], [ -79.765981616397767, 44.831226728037805 ], [ -79.77000760689431, 44.8410306297299 ], [ -79.767055869721858, 44.845493851550557 ], [ -79.769999379728063, 44.848831953104209 ], [ -79.805516210358491, 44.852616004645419 ], [ -79.813681182601783, 44.867178729759729 ], [ -79.810104253137425, 44.871386390743304 ], [ -79.790908540598252, 44.869208966871732 ], [ -79.777886002799619, 44.862698328231843 ], [ -79.773284619248273, 44.863651516826884 ], [ -79.778243670240172, 44.870052770267655 ], [ -79.763687192202752, 44.870358385517576 ], [ -79.770589671041535, 44.876614065034637 ], [ -79.777311247536076, 44.877353378870708 ], [ -79.784110566245801, 44.873283336390649 ], [ -79.79808727668599, 44.876162333400565 ], [ -79.784734395937832, 44.885237934545245 ], [ -79.782765163324527, 44.893412592410748 ], [ -79.803292136978399, 44.887387915503808 ], [ -79.812782363851824, 44.892622685702094 ], [ -79.833891733394296, 44.904259028803246 ], [ -79.833954343303475, 44.907470646120082 ], [ -79.818967858356146, 44.912812493592753 ], [ -79.823540044826018, 44.920112598743117 ], [ -79.81519018794117, 44.927338747943679 ], [ -79.82091476071561, 44.940193698174042 ], [ -79.825318052072973, 44.941749356884571 ], [ -79.829049698177357, 44.935710161002376 ], [ -79.845248412509576, 44.951063505917865 ], [ -79.863643542942143, 44.955496465120817 ], [ -79.870593889953966, 44.953485906433393 ], [ -79.874057399710182, 44.946749146033461 ], [ -79.879894105757685, 44.946532007205626 ], [ -79.883282521988662, 44.940707247747916 ], [ -79.906515156095622, 44.929270646284337 ], [ -79.913870380386413, 44.930232091591321 ], [ -79.914189873001874, 44.930273839471823 ], [ -79.916035408998255, 44.941389997445782 ], [ -79.920415523941372, 44.941309764990905 ], [ -79.927633118042678, 44.956053294245777 ], [ -79.924223133358041, 44.974264768272398 ], [ -79.939337117388575, 44.975336913123591 ], [ -79.938406412581998, 44.982867110817807 ], [ -79.95007162856831, 44.982653223639751 ], [ -79.955366470505766, 44.989290805148471 ], [ -79.948409080376834, 44.999331443100168 ], [ -79.961989032384039, 45.000044582620554 ], [ -79.968009423348178, 45.005167523503978 ], [ -79.958891541435193, 45.009844568128855 ], [ -79.977180329756379, 45.01998755940614 ], [ -80.004380079835457, 45.019930397629054 ], [ -80.007035479729907, 45.023249227674306 ], [ -79.997025021379642, 45.035696720920079 ], [ -79.999832913022331, 45.049628068296585 ], [ -79.993636573276817, 45.050959221803076 ], [ -79.996040173802498, 45.055605476353101 ], [ -80.01212393413023, 45.061064460597251 ], [ -80.017730644260382, 45.055784606674841 ], [ -80.03514981976096, 45.056704010590153 ], [ -80.064767641767133, 45.067282088477349 ], [ -80.038895531745382, 45.066717855628191 ], [ -80.040253421523616, 45.069979193567235 ], [ -80.086557887992257, 45.082815689526981 ], [ -80.046121754154711, 45.086039056690673 ], [ -80.058320478266424, 45.099821403761958 ], [ -80.064287533440577, 45.102351114943183 ], [ -80.079005206777182, 45.100638115928241 ], [ -80.1019245485613, 45.110251489712766 ], [ -80.098872324525018, 45.116091576184488 ], [ -80.080500917353191, 45.118811191742253 ], [ -80.07740984222032, 45.108599406531241 ], [ -80.041985694512078, 45.10559681563943 ], [ -80.025376079255921, 45.110670442599499 ], [ -80.009269127602849, 45.10934278349189 ], [ -79.997489935341164, 45.122862085370713 ], [ -79.980840976617273, 45.124258210534428 ], [ -79.968596772747162, 45.119177162950422 ], [ -79.964125239256362, 45.11028500334384 ], [ -79.948080255814688, 45.104132158472254 ], [ -79.909259882022283, 45.099115199209649 ], [ -79.897418330420408, 45.10115603659554 ], [ -79.88176989346573, 45.094320107021574 ], [ -79.873332760012616, 45.094434676001661 ], [ -79.898669680726712, 45.105790989599086 ], [ -79.913753711729996, 45.103654655376815 ], [ -79.955159579053671, 45.112901802700122 ], [ -79.956777668416223, 45.120996771273305 ], [ -79.969534547433156, 45.12770271799068 ], [ -79.979323851713318, 45.143232362460417 ], [ -79.959417673476423, 45.1607801920157 ], [ -79.971930526949564, 45.158529233556131 ], [ -79.974348471279868, 45.164819698291943 ], [ -79.988302564818298, 45.172948498069772 ], [ -79.9925447075004, 45.172658996236649 ], [ -79.996795019988639, 45.16411431855478 ], [ -79.985960758869041, 45.161615142421063 ], [ -79.981124312539265, 45.153166287143421 ], [ -79.994735211919036, 45.145223576818964 ], [ -80.006446769334829, 45.144777545086995 ], [ -80.007820298858931, 45.164323948853266 ], [ -80.019729559321291, 45.169614801037312 ], [ -80.021323759650031, 45.174035860400714 ], [ -80.011908529562547, 45.174120061064237 ], [ -80.008033504981114, 45.181989626544137 ], [ -80.013511951867969, 45.190694939685208 ], [ -80.019316982170864, 45.191156190574631 ], [ -80.026154361939987, 45.182710708714737 ], [ -80.031655288394788, 45.182932246764757 ], [ -80.037704838631228, 45.172163451347906 ], [ -80.04393926304428, 45.171262941395376 ], [ -80.046539894116634, 45.183519562047607 ], [ -80.059235039344941, 45.195486531873847 ], [ -80.049705850870836, 45.205202550126856 ], [ -80.050690513978864, 45.20913931940175 ], [ -80.057617347213125, 45.207807890196968 ], [ -80.061409635837123, 45.213228291048324 ], [ -80.064614366102404, 45.213815945545932 ], [ -80.069489027933074, 45.201395037615441 ], [ -80.076676694378108, 45.196630653101629 ], [ -80.090112402753178, 45.195093757813147 ], [ -80.080865009364445, 45.188768414893893 ], [ -80.090303385782903, 45.18432453811905 ], [ -80.089906920409788, 45.176970023783653 ], [ -80.099038652997024, 45.176409183608669 ], [ -80.100267010550894, 45.185629366281546 ], [ -80.109956909925941, 45.178225258359198 ], [ -80.110307264928551, 45.189921031740035 ], [ -80.128756291520432, 45.199122173329513 ], [ -80.120234379256246, 45.200167100576998 ], [ -80.113123248961998, 45.20814737830846 ], [ -80.104646040513657, 45.208506081252331 ], [ -80.102213266997083, 45.198092342379958 ], [ -80.090654531922652, 45.208876167527336 ], [ -80.081932787940275, 45.208303916889236 ], [ -80.077782728184033, 45.223963254306923 ], [ -80.090111649779871, 45.228346320210491 ], [ -80.095246242582164, 45.216619544548593 ], [ -80.107088111763929, 45.218920369726682 ], [ -80.119958910248329, 45.212080333677648 ], [ -80.119394426167489, 45.223524679505232 ], [ -80.129328334164498, 45.225286809038536 ], [ -80.138399788413167, 45.238249438855711 ], [ -80.137308745185024, 45.248068644437048 ], [ -80.122925782594123, 45.244986034074181 ], [ -80.112039107111258, 45.247087897582361 ], [ -80.102715973690366, 45.256144005121008 ], [ -80.082687633876944, 45.260847481433387 ], [ -80.071404506081237, 45.27177674944712 ], [ -80.062309745823612, 45.276099168301492 ], [ -80.043006922550859, 45.28176055630253 ], [ -80.037795929897953, 45.285911171445541 ], [ -80.038047767228647, 45.299221174298758 ], [ -80.030616587375093, 45.31498052290825 ], [ -80.026870451125617, 45.317124585581958 ], [ -80.03024279830241, 45.331933786100862 ], [ -80.03833796174699, 45.340738154453319 ], [ -80.054253581751027, 45.35351735811129 ], [ -80.056649390682551, 45.360261950643469 ], [ -80.05082809585673, 45.368059701446263 ], [ -80.051385139457636, 45.373354704582788 ], [ -80.052171004662938, 45.374171061083999 ], [ -80.054398894047821, 45.376456096972049 ], [ -80.060128714418994, 45.37393049327526 ], [ -80.063989319801294, 45.374540759760173 ], [ -80.066285902226284, 45.378527230074774 ], [ -80.068704721723449, 45.393298336127934 ], [ -80.073015514610717, 45.39644931299037 ], [ -80.085161972975996, 45.395316108518692 ], [ -80.095195427697234, 45.396167150546574 ], [ -80.10062815990581, 45.401653155739304 ], [ -80.110409858970812, 45.401573374938067 ], [ -80.1164224347594, 45.403870162452009 ], [ -80.1190547847781, 45.40351546566778 ], [ -80.119970214839441, 45.400112582435973 ], [ -80.117696261444863, 45.395897014658615 ], [ -80.118939779228214, 45.392505584619123 ], [ -80.126569641660296, 45.39073569097733 ], [ -80.143531005192358, 45.390476789301268 ], [ -80.152244492772368, 45.391499464623593 ], [ -80.158478496682889, 45.39517729250818 ], [ -80.161110809207131, 45.394822583451457 ], [ -80.162277965430988, 45.392342883290596 ], [ -80.158752478823146, 45.387390934687105 ], [ -80.163238569619224, 45.384125441628719 ], [ -80.165099570578292, 45.376857948140412 ], [ -80.176057663349084, 45.378427414795489 ], [ -80.193479111948406, 45.384827147225074 ], [ -80.186107733181942, 45.379043128287456 ], [ -80.187786556598212, 45.378497886377779 ], [ -80.179605987643143, 45.375463871433404 ], [ -80.181696864243435, 45.373278362428877 ], [ -80.185734531228988, 45.372397833620276 ], [ -80.193730570033352, 45.376568305706158 ], [ -80.194653844768894, 45.373242515676075 ], [ -80.212786581159705, 45.376789153753315 ], [ -80.194830724335205, 45.361741789179987 ], [ -80.176560250607906, 45.360104754885917 ], [ -80.162778047238589, 45.347879413967902 ], [ -80.15359004030789, 45.331932459501985 ], [ -80.159694350154879, 45.328728224117512 ], [ -80.202784003463123, 45.344143687816597 ], [ -80.208699101360779, 45.343454711036493 ], [ -80.213767495202475, 45.336770125488435 ], [ -80.229330468489636, 45.337594852225799 ], [ -80.231754022467953, 45.352817431555906 ], [ -80.237241253261772, 45.353482272606421 ], [ -80.244478330747114, 45.348255519293076 ], [ -80.250657939575333, 45.352616003492855 ], [ -80.269773722025619, 45.353791514004484 ], [ -80.273039727692165, 45.349328859847276 ], [ -80.289074465387372, 45.352446389642786 ], [ -80.298806164204208, 45.36151921197267 ], [ -80.295647088031942, 45.368968590806034 ], [ -80.308224483210964, 45.37929233414058 ], [ -80.303058357156587, 45.387351736284451 ], [ -80.304339118113006, 45.409146142987879 ], [ -80.304489380147629, 45.411701868918669 ], [ -80.285163660410021, 45.417403913130755 ], [ -80.321119939432592, 45.420345087071233 ], [ -80.333854506910711, 45.433192721065971 ], [ -80.341261878046637, 45.434382681375943 ], [ -80.346755624031573, 45.421748589371255 ], [ -80.356621026706179, 45.429446875822919 ], [ -80.379364056418098, 45.43486330433025 ], [ -80.392859305796975, 45.477532385342101 ], [ -80.392508474235242, 45.482331329213942 ], [ -80.385946097186562, 45.482781589719032 ], [ -80.381644609525978, 45.488125906133746 ], [ -80.386045117651548, 45.512584205888004 ], [ -80.384046069861427, 45.517554582716258 ], [ -80.374028742319226, 45.520629381469391 ], [ -80.378873503063929, 45.530203827736052 ], [ -80.377744212082618, 45.545519242756356 ], [ -80.371098563131355, 45.551466323024052 ], [ -80.351941880601913, 45.551208485495877 ], [ -80.359982962505285, 45.561503538021469 ], [ -80.361570610109666, 45.556620829543164 ], [ -80.377323608546931, 45.555589186439008 ], [ -80.386531650640777, 45.568073453134815 ], [ -80.400218558033032, 45.568567767584952 ], [ -80.408076176529775, 45.572747536638154 ], [ -80.400911988735984, 45.576845191198082 ], [ -80.391681016188031, 45.573531374289296 ], [ -80.390498908750573, 45.580820862907878 ], [ -80.384044652255611, 45.579669345925275 ], [ -80.381863504748466, 45.587154439814171 ], [ -80.373166510990572, 45.589821654201685 ], [ -80.374921037569692, 45.592632959103788 ], [ -80.386769242170843, 45.591460457397098 ], [ -80.394543264186126, 45.601367069975275 ], [ -80.400119507925623, 45.601110725912605 ], [ -80.417294612395565, 45.612046730253468 ], [ -80.407719928546726, 45.6178914723953 ], [ -80.411413100004324, 45.621004618580727 ], [ -80.434185996642739, 45.61357248799424 ], [ -80.436886706642781, 45.607937507870645 ], [ -80.40475836759515, 45.595777416408175 ], [ -80.406442762344909, 45.581627453168863 ], [ -80.421076510696864, 45.573673786217832 ], [ -80.463962189565592, 45.563523503561505 ], [ -80.484913430695087, 45.553727735648593 ], [ -80.494381708827902, 45.553834391123765 ], [ -80.50075995896384, 45.562336914517374 ], [ -80.496961155329444, 45.567463978926988 ], [ -80.507550877768921, 45.565678507154971 ], [ -80.49029160528255, 45.575500343304888 ], [ -80.500569987444351, 45.57710677734314 ], [ -80.481900226430398, 45.586624321050003 ], [ -80.477879579212669, 45.597023363254443 ], [ -80.479916433007261, 45.600533193337021 ], [ -80.507550614271679, 45.579738696197332 ], [ -80.517949894189115, 45.58514791565446 ], [ -80.518552503693485, 45.590442498424132 ], [ -80.5078938116215, 45.592323061844986 ], [ -80.519255084775097, 45.598946163714842 ], [ -80.504301716707346, 45.611485485047652 ], [ -80.488187679514482, 45.612160781769006 ], [ -80.50589626673019, 45.621167239762975 ], [ -80.516760975818826, 45.620175453114449 ], [ -80.527685776213531, 45.632016133823406 ], [ -80.536398907430438, 45.624531485332824 ], [ -80.545813800413342, 45.630131267850373 ], [ -80.562431274460536, 45.630939589650453 ], [ -80.56807639899354, 45.634345762258945 ], [ -80.56517827375626, 45.638370469509539 ], [ -80.574622502772783, 45.638927171730913 ], [ -80.574959001438742, 45.648105351942647 ], [ -80.582778375189903, 45.653189867596993 ], [ -80.580581853773211, 45.656550787988778 ], [ -80.543755212378898, 45.659165577681584 ], [ -80.571692693886263, 45.661971566863308 ], [ -80.5657194169913, 45.667724694718487 ], [ -80.557204881418912, 45.667885134576998 ], [ -80.560615679692873, 45.670524914992356 ], [ -80.569412202481374, 45.671058298952687 ], [ -80.588699859030228, 45.662101147832892 ], [ -80.595588536303779, 45.666464826272808 ], [ -80.607254862016958, 45.686805029558997 ], [ -80.595887545796089, 45.68091504047505 ], [ -80.578766797663917, 45.682383862674087 ], [ -80.577805413278952, 45.686706061391206 ], [ -80.591797729819334, 45.68787679383577 ], [ -80.589799385020314, 45.697661425504364 ], [ -80.607423397022501, 45.698496442948141 ], [ -80.61371096777367, 45.70696516456222 ], [ -80.629007888346834, 45.71298852882979 ], [ -80.622774753112367, 45.717817707333388 ], [ -80.636386234818872, 45.719885429396292 ], [ -80.623455459074208, 45.729902715258234 ], [ -80.643230583907282, 45.725160808776423 ], [ -80.644672549216367, 45.727960552905891 ], [ -80.635021099299124, 45.732172270662645 ], [ -80.635753942069783, 45.73472036850265 ], [ -80.644565337239342, 45.730909596837236 ], [ -80.648526105500977, 45.733820224703173 ], [ -80.637760393287536, 45.742620076013985 ], [ -80.653730554788893, 45.772264471607215 ], [ -80.654050909790655, 45.781900324619876 ], [ -80.646916725329092, 45.790136082605159 ], [ -80.675824377850191, 45.7989055989352 ], [ -80.650373543773625, 45.806524086973035 ], [ -80.668026909512193, 45.812161438860656 ], [ -80.674932335243483, 45.807126164005176 ], [ -80.687536433928173, 45.814652653942311 ], [ -80.704291276808164, 45.81429819352266 ], [ -80.718146657566237, 45.827592298737379 ], [ -80.711584725908239, 45.832417712639234 ], [ -80.683957657566893, 45.83332153000795 ], [ -80.671376852827606, 45.830148234113686 ], [ -80.663922611859448, 45.833562291001797 ], [ -80.663021912199454, 45.839654373850877 ], [ -80.696424456918422, 45.842908179163167 ], [ -80.705251580015343, 45.848245009895038 ], [ -80.708212799712499, 45.857736128663781 ], [ -80.721733053683224, 45.852002524973628 ], [ -80.727790901942527, 45.854722550775122 ], [ -80.731254140999908, 45.876149677060653 ], [ -80.729605777389963, 45.881131344497817 ], [ -80.723372973891586, 45.882661322752043 ], [ -80.724485996105727, 45.889160887067064 ], [ -80.736816231827987, 45.895806600513652 ], [ -80.728362115044106, 45.909043130783807 ], [ -80.743399880153106, 45.919854039490581 ], [ -80.735175420409732, 45.944432528728484 ], [ -80.759941608345741, 45.923150196916133 ], [ -80.763885794648274, 45.932900700109585 ], [ -80.747458521375592, 45.947251188366472 ], [ -80.758713200038642, 45.951062307798431 ], [ -80.783258530253576, 45.898942209783144 ], [ -80.789392625476651, 45.900518004907575 ], [ -80.795984292941867, 45.895234200256894 ], [ -80.798234303028394, 45.905846570578973 ], [ -80.787332267981881, 45.936192721317347 ], [ -80.794168107777892, 45.937100672293667 ], [ -80.796563026727952, 45.95046716644314 ], [ -80.805429117259138, 45.955567753840221 ], [ -80.811845699549806, 45.933324220478752 ], [ -80.816668482768364, 45.929024871345334 ], [ -80.818437615403397, 45.936642734213564 ], [ -80.8212452415885, 45.935155233646796 ], [ -80.825952887901167, 45.918889516696126 ], [ -80.83104298447914, 45.916230437671736 ], [ -80.831133297773547, 45.92190665644673 ], [ -80.841532960875782, 45.916875333502212 ], [ -80.863376448139135, 45.924451017232123 ], [ -80.857089626957887, 45.935017806735907 ], [ -80.861965217954477, 45.940900445503047 ], [ -80.873821815831306, 45.930512797667404 ], [ -80.891781524805239, 45.942368742961094 ], [ -80.898587367866028, 45.939515347903573 ], [ -80.901441967479087, 45.932572716276795 ], [ -80.906759334282967, 45.934312279462482 ], [ -80.918408988355495, 45.922078256362973 ], [ -80.922391663975617, 45.926556896983385 ], [ -80.930174846881087, 45.92313921329449 ], [ -80.940612961991974, 45.924382278028716 ], [ -80.947487153448733, 45.92986775631168 ], [ -80.959968978606511, 45.930027712680442 ], [ -80.964654037517462, 45.933838657845435 ], [ -80.962997732184363, 45.944805904219187 ], [ -80.972367554964976, 45.946339352602386 ], [ -80.983751229301433, 45.941521239997833 ], [ -80.997424268947057, 45.950893737004463 ], [ -81.010966405017413, 45.944667524444647 ], [ -81.046292870685122, 45.947580998959019 ], [ -81.063810358825563, 45.938729801985808 ], [ -81.067672654461177, 45.936777389241676 ], [ -81.085900525096818, 45.934350787469896 ], [ -81.097946963622647, 45.941587456980109 ], [ -81.107866178357042, 45.935243892427067 ], [ -81.119310159177317, 45.941541435982231 ], [ -81.130212204140406, 45.929952611623818 ], [ -81.134356181246645, 45.91587599515281 ], [ -81.141856088266209, 45.916784247788748 ], [ -81.159106424757724, 45.924855924704019 ], [ -81.185131446932928, 45.929288533737193 ], [ -81.171618818573293, 45.935304293799064 ], [ -81.174831148242447, 45.942041232151134 ], [ -81.17080253946807, 45.954290485850144 ], [ -81.148623209570104, 45.967607846616431 ], [ -81.139093707260685, 45.978319689611553 ], [ -81.140131186373296, 45.993696436247845 ], [ -81.147723500312338, 45.998735775960604 ], [ -81.191402804704836, 46.000021541310396 ], [ -81.205349007852604, 46.003404872306362 ], [ -81.211941797204204, 46.003137967588877 ], [ -81.223431664387476, 45.992479761263496 ], [ -81.23210602288647, 45.990439073855029 ], [ -81.232311844751649, 45.981512550955081 ], [ -81.243680062971933, 45.967180257781372 ], [ -81.233304086017, 45.97031599531951 ], [ -81.208339796427225, 45.991808186198504 ], [ -81.158167324329057, 45.994692293739988 ], [ -81.1531317757332, 45.990877362888007 ], [ -81.166164393779368, 45.982099860687867 ], [ -81.166239618961356, 45.975458609985282 ], [ -81.190876056632916, 45.970457129867562 ], [ -81.194476509367888, 45.948800853887612 ], [ -81.209552913672567, 45.949472148617346 ], [ -81.215435438468447, 45.955598901987486 ], [ -81.229382440793287, 45.958749741234911 ], [ -81.253797220959143, 45.946172429652968 ], [ -81.258794253338891, 45.950666556584977 ], [ -81.271834417100166, 45.946916789199271 ], [ -81.285689569678183, 45.962888838280612 ], [ -81.309707793767345, 45.962652378157166 ], [ -81.316069838695796, 45.971994831380833 ], [ -81.337463972923459, 45.960226324156054 ], [ -81.346512418205009, 45.962999404357163 ], [ -81.353539878142428, 45.972357082347671 ], [ -81.388810245262334, 45.976541798337621 ], [ -81.394838837120048, 45.986555647501163 ], [ -81.426401155807824, 45.986505464911495 ], [ -81.4552269149805, 45.982706406712914 ], [ -81.462161433956737, 45.970297426441867 ], [ -81.502514561152552, 45.965883531049919 ], [ -81.492389829112838, 45.958742450714709 ], [ -81.494503120786277, 45.956053412458836 ], [ -81.521381125494301, 45.945314934460107 ], [ -81.530263127077134, 45.951277595444232 ], [ -81.529500034598598, 45.965456281478978 ], [ -81.505505218624009, 45.965277439238122 ], [ -81.513263658919783, 45.973726349588908 ], [ -81.51089877778746, 45.980993691652067 ], [ -81.489910799964264, 45.991884721291882 ], [ -81.499195237947291, 45.996485036863774 ], [ -81.485881296059901, 46.005289175296546 ], [ -81.492618676060374, 46.008444124431328 ], [ -81.52898848771261, 45.999106041000857 ], [ -81.532490289337872, 45.989122454773437 ], [ -81.539663148599828, 45.98427461010283 ], [ -81.561879935310202, 45.980734284763635 ], [ -81.609946771471712, 45.954729689930097 ], [ -81.635528659544974, 45.949656206549484 ], [ -81.665222278320897, 45.934610871184333 ], [ -81.676430650273801, 45.933977514252369 ], [ -81.689332234338352, 45.938650487607433 ], [ -81.688462978377245, 45.942751478305446 ], [ -81.671219313472363, 45.945753516642988 ], [ -81.661515036119624, 45.942763146648545 ], [ -81.650970093918545, 45.956003492656137 ], [ -81.625967872741882, 45.962694439803727 ], [ -81.558591798761782, 45.993013692556254 ], [ -81.55907913902513, 45.996233407572859 ], [ -81.571997153398954, 46.000693015714781 ], [ -81.646408445934128, 45.999399683821501 ], [ -81.668412308187143, 46.006369336287122 ], [ -81.695810043204204, 46.004538291314518 ], [ -81.70853600321648, 46.00668558283985 ], [ -81.708567160986277, 46.012411639929077 ], [ -81.660057927468728, 46.027910446332285 ], [ -81.622299267402383, 46.026262473507629 ], [ -81.545088531392111, 46.048307381190426 ], [ -81.546592237727154, 46.05704711986899 ], [ -81.55970745014362, 46.058076665379588 ], [ -81.555541725667723, 46.06208971194792 ], [ -81.559890528943242, 46.067014583480791 ], [ -81.53792564526961, 46.077199875065837 ], [ -81.540115830460863, 46.085501000946273 ], [ -81.551034045169146, 46.090826279590971 ], [ -81.566246887801881, 46.089212349926392 ], [ -81.581888538451253, 46.093003854220456 ], [ -81.592646085201181, 46.10129706089517 ], [ -81.614443667779085, 46.100530551973407 ], [ -81.60589800253814, 46.106218139662921 ], [ -81.608958311004471, 46.110646913933984 ], [ -81.658313889271767, 46.112130452711412 ], [ -81.654361765558278, 46.099439151858306 ], [ -81.663243245108106, 46.093480852003495 ], [ -81.66441025367503, 46.083661703011309 ], [ -81.65182004946621, 46.078763963253344 ], [ -81.662631747450874, 46.073541685426278 ], [ -81.641000963832511, 46.067166944711992 ], [ -81.643892931169603, 46.060678623150388 ], [ -81.660800583856272, 46.064336759808768 ], [ -81.670261315633113, 46.059766759929317 ], [ -81.741499167734446, 46.05741618059632 ], [ -81.727391259680175, 46.043561883043729 ], [ -81.742992961405648, 46.027917766008613 ], [ -81.738216420102617, 46.018183143138486 ], [ -81.741061307545976, 46.007491002113092 ], [ -81.758938921117434, 46.005178829442862 ], [ -81.76777380046056, 46.012723865581151 ], [ -81.767302786442642, 46.028737853991586 ], [ -81.782007441444762, 46.063901477220448 ], [ -81.753486413507886, 46.074425556714885 ], [ -81.748901333862463, 46.08049508144537 ], [ -81.731185397364499, 46.079144863197982 ], [ -81.725089477531782, 46.088841525174679 ], [ -81.737694671044139, 46.093731840789992 ], [ -81.715423353962052, 46.097531821421413 ], [ -81.723686160645983, 46.103459739885011 ], [ -81.761880901950207, 46.104168706646632 ], [ -81.786563328035726, 46.098126469930641 ], [ -81.837187830075905, 46.100483956076978 ], [ -81.86972205509521, 46.095528985624895 ], [ -81.876550186569219, 46.090653929944878 ], [ -81.892151950131193, 46.094907183475968 ], [ -81.974132747564056, 46.089005846143536 ], [ -82.01148737229488, 46.093274602152313 ], [ -82.024084096445819, 46.098821220084318 ], [ -82.048233108676101, 46.096608587776089 ], [ -82.068618105686468, 46.107260568492471 ], [ -82.071091367587144, 46.108552322957642 ], [ -82.120194652490582, 46.108239050150594 ], [ -82.115990741978266, 46.098992427172291 ], [ -82.127153374742875, 46.099915559481232 ], [ -82.135049923035027, 46.107639914120334 ], [ -82.136568826795923, 46.095536191754753 ], [ -82.147531596459402, 46.101032917395067 ], [ -82.149996053734029, 46.112534344046487 ], [ -82.158197355683356, 46.113392308736273 ], [ -82.161478405923816, 46.106136719554918 ], [ -82.189876305767314, 46.120006778902571 ], [ -82.189586842973156, 46.126869935349475 ], [ -82.20745551700729, 46.136456355004789 ], [ -82.203403932493813, 46.127384635203953 ], [ -82.208324705526195, 46.127941573081188 ], [ -82.221729304467445, 46.138290628278426 ], [ -82.255430174267516, 46.144470894731178 ], [ -82.279967290408848, 46.141072043248087 ], [ -82.295165147932678, 46.147198181008868 ], [ -82.298744641995029, 46.144840766159106 ], [ -82.279883652576814, 46.135117302717475 ], [ -82.293829715118946, 46.13264895647314 ], [ -82.331803176736813, 46.147362156093294 ], [ -82.336175719654733, 46.153397155922207 ], [ -82.348115603214609, 46.151569728122631 ], [ -82.352015339783847, 46.16125941050695 ], [ -82.360300102264077, 46.160275107411678 ], [ -82.363778874741612, 46.147522146949235 ], [ -82.369029365336573, 46.148083415042976 ], [ -82.371111822336701, 46.153843136029337 ], [ -82.360086694805332, 46.165764529172584 ], [ -82.317597805096923, 46.16425046270821 ], [ -82.318246595605842, 46.172734613933656 ], [ -82.310425604388271, 46.178528948016854 ], [ -82.288124011278555, 46.175339535965307 ], [ -82.24204014101295, 46.180824642741683 ], [ -82.226392510468756, 46.17638452188163 ], [ -82.222699710287188, 46.177910400245594 ], [ -82.235264869631237, 46.185036209047695 ], [ -82.372783664895366, 46.178139682159021 ], [ -82.374912639814397, 46.182759178349535 ], [ -82.418423981406804, 46.183586473306718 ], [ -82.431447938250656, 46.179481848361149 ], [ -82.441715710831659, 46.169830441186612 ], [ -82.455845723548137, 46.168235806599391 ], [ -82.451262079827785, 46.187630413760488 ], [ -82.442151965182831, 46.192955810184188 ], [ -82.458541003042043, 46.195778717114671 ], [ -82.482893103450749, 46.179974258343961 ], [ -82.495825343595186, 46.17815062422342 ], [ -82.51769811786113, 46.166412700890106 ], [ -82.533483987245972, 46.167610525708248 ], [ -82.540908312538534, 46.163166115640628 ], [ -82.576743177719365, 46.166083916037017 ], [ -82.587478540494828, 46.161007025476351 ], [ -82.59892253771261, 46.163722829703374 ], [ -82.619537638406186, 46.158813330442499 ], [ -82.622407434747615, 46.152454244577733 ], [ -82.628532834437479, 46.1512019446225 ], [ -82.631699444599505, 46.150554365799039 ], [ -82.681245914228086, 46.157565534834575 ], [ -82.673594305616191, 46.169112858078783 ], [ -82.695483817387284, 46.165584361979775 ], [ -82.676280340284023, 46.177394836610674 ], [ -82.670573572522343, 46.189887534747314 ], [ -82.644106798360525, 46.191963023778975 ], [ -82.618043803795757, 46.201133703752753 ], [ -82.620607409214514, 46.20346442043072 ], [ -82.741589674712614, 46.187159484709916 ], [ -82.758595857231143, 46.181712231839086 ], [ -82.784330357430846, 46.181429488999214 ], [ -82.816749010692746, 46.168204282694326 ], [ -82.878969538562544, 46.171664306406733 ], [ -82.909442071144937, 46.178063095944019 ], [ -82.962308249917982, 46.174935842809596 ], [ -82.962512957345083, 46.16807306119653 ], [ -82.999272840491486, 46.162642247498376 ], [ -83.002851301273537, 46.164656308243629 ], [ -83.0080311273597, 46.167571120240261 ], [ -83.086689978863006, 46.160850601604096 ], [ -83.100164980909028, 46.162403978518498 ], [ -83.099721165343595, 46.16674474912962 ], [ -83.062421079337994, 46.168082923347733 ], [ -83.047544290805646, 46.181384313883122 ], [ -83.074552165226947, 46.182661962313169 ], [ -83.088804143563294, 46.192461799497117 ], [ -83.104979492273557, 46.191985594341759 ], [ -83.121459095227138, 46.180070095657214 ], [ -83.140358373829727, 46.176423779241553 ], [ -83.150871808182302, 46.190514983132317 ], [ -83.169182771779575, 46.196695604111618 ], [ -83.184671402824577, 46.197348091333694 ], [ -83.19699222669685, 46.192923705838865 ], [ -83.216592728367928, 46.200713533570394 ], [ -83.25995943950241, 46.208324504245802 ], [ -83.281514227242781, 46.203770663000952 ], [ -83.285924527538882, 46.212513497739543 ], [ -83.327764808765721, 46.215733514580087 ], [ -83.405206064464025, 46.236020326111195 ], [ -83.447801350334331, 46.235546458336152 ], [ -83.503790892732255, 46.245764922982879 ], [ -83.537928799285908, 46.251976442755243 ], [ -83.550183459644146, 46.250035078496722 ], [ -83.561040846452102, 46.234803820327869 ], [ -83.564618464198489, 46.255199744007378 ], [ -83.575649604903248, 46.265822747808976 ], [ -83.595357259501284, 46.271492558420995 ], [ -83.607410731685277, 46.28097990826074 ], [ -83.635411335559368, 46.266810115955536 ], [ -83.669025254435098, 46.270985151359127 ], [ -83.671429048605944, 46.265510936623954 ], [ -83.685291343837648, 46.26608304759683 ], [ -83.722319064842083, 46.284224977154331 ], [ -83.743911175956313, 46.277069547856513 ], [ -83.748138082427857, 46.281219796934685 ], [ -83.743406956137775, 46.288047515113952 ], [ -83.74863252719986, 46.291746768615006 ], [ -83.751898995159635, 46.294058709455875 ], [ -83.762863517765382, 46.290251571420931 ], [ -83.78429602369927, 46.293382929781629 ], [ -83.789362267893154, 46.286329705826901 ], [ -83.826253781598382, 46.294365686286731 ], [ -83.849425341909068, 46.291092426770547 ], [ -83.864516091883331, 46.298974037056219 ], [ -83.873619064218218, 46.310017893515422 ], [ -83.875420053715985, 46.324213047680175 ], [ -83.886910187068594, 46.329779105679613 ], [ -83.901177005891782, 46.326437031991205 ], [ -83.923264885103535, 46.331377680119544 ], [ -83.934283139549393, 46.322752408156688 ], [ -83.950129061294163, 46.324221143044142 ], [ -83.950870269409464, 46.318273795458609 ], [ -83.98886546532772, 46.319635451201897 ], [ -84.010106548487215, 46.311973506479845 ], [ -84.043819782399765, 46.312385856320418 ], [ -84.078144176445718, 46.34000144416229 ], [ -84.083843868329538, 46.327952430051212 ], [ -84.095509755216483, 46.351046911551741 ], [ -84.112844299025156, 46.353212101361059 ], [ -84.113658041243667, 46.354007619885493 ], [ -84.115169682027783, 46.370810866105359 ], [ -84.117836588638781, 46.376400330505746 ], [ -84.117261339513334, 46.377248650902025 ], [ -84.122747258375469, 46.392600882575152 ], [ -84.104108841920393, 46.40281229152999 ], [ -84.096342426564803, 46.41924360674669 ], [ -84.095041166327789, 46.428395373420528 ], [ -84.091008597926745, 46.456734408884195 ], [ -84.066868150366133, 46.484986172318266 ], [ -84.047885704287083, 46.492897727800312 ], [ -84.052096119629297, 46.502754843042467 ], [ -84.074291719221307, 46.505379818363089 ], [ -84.070438996307104, 46.492550537768167 ], [ -84.075421536054066, 46.49166232553668 ], [ -84.100797268505104, 46.507794734465897 ], [ -84.100459257983488, 46.509720035888684 ], [ -84.09939273549162, 46.515793921165084 ], [ -84.110577498922751, 46.525907035187345 ], [ -84.126315500619825, 46.527934377566318 ], [ -84.149479986071, 46.542768880477524 ], [ -84.192172858793356, 46.549558431517795 ], [ -84.336708997119473, 46.518500080723641 ], [ -84.401715103114881, 46.515610676316527 ], [ -84.440496842875532, 46.498142413931419 ], [ -84.448990159187844, 46.493098361689832 ], [ -84.467008023969029, 46.49016045596894 ], [ -84.479299792458164, 46.481713967502252 ], [ -84.473285441536063, 46.478669760554254 ], [ -84.497225250145291, 46.464452269901798 ], [ -84.516800052929725, 46.468717336772833 ], [ -84.517697291014429, 46.469848537523035 ], [ -84.526061216423031, 46.480390482046673 ], [ -84.527356253183896, 46.498916782726702 ], [ -84.539962398732158, 46.500752602409655 ], [ -84.558848817901392, 46.51723194133929 ], [ -84.56842895117849, 46.521072571652006 ], [ -84.58969766982085, 46.529593364058059 ], [ -84.595322782429619, 46.542868949344445 ], [ -84.588981009528169, 46.570322940692179 ], [ -84.574295229651327, 46.581112512294226 ], [ -84.491150094375357, 46.642064172128507 ], [ -84.484125213012319, 46.65578175490149 ], [ -84.468162357165866, 46.656670332386845 ], [ -84.423850336830697, 46.67626843490924 ], [ -84.420819167584042, 46.68609529392694 ], [ -84.44271483519789, 46.703747503130316 ], [ -84.43702875904593, 46.711057045216748 ], [ -84.428961441882933, 46.730253311293588 ], [ -84.438268417327123, 46.735987195522043 ], [ -84.439908053118657, 46.742392493360278 ], [ -84.46285512184123, 46.752036505836173 ], [ -84.484172143940697, 46.751838053874479 ], [ -84.498180746933855, 46.744540654188476 ], [ -84.5182462039527, 46.71003193355174 ], [ -84.521614920310398, 46.690595057963286 ], [ -84.544926329095532, 46.681012655989406 ], [ -84.555577669923551, 46.680792127315172 ], [ -84.567539661573761, 46.686518280575527 ], [ -84.571857135687111, 46.694983527101833 ], [ -84.570467146613964, 46.73454761736874 ], [ -84.563469841383537, 46.737976676848888 ], [ -84.558481580953696, 46.733623872529805 ], [ -84.542160039630616, 46.735210424649168 ], [ -84.545806206728457, 46.74596489306699 ], [ -84.557775127291023, 46.757179822579808 ], [ -84.541418420119584, 46.776145718082724 ], [ -84.538708225804939, 46.801985830900215 ], [ -84.542363526512545, 46.807017269907249 ], [ -84.552029969129734, 46.807483005294962 ], [ -84.556690793640328, 46.811831796466819 ], [ -84.552341829288082, 46.820746308364079 ], [ -84.535328480329099, 46.826219685349052 ], [ -84.499997761833498, 46.816574798131178 ], [ -84.485929833907932, 46.838280861071041 ], [ -84.469907791776009, 46.841459310193102 ], [ -84.439565648217894, 46.838896452368807 ], [ -84.433927060365065, 46.82905126342699 ], [ -84.415952448850263, 46.820331220871608 ], [ -84.41498270339369, 46.811866194262535 ], [ -84.396649511489343, 46.811827871086365 ], [ -84.399953818572385, 46.818469760814409 ], [ -84.37383664408776, 46.840365258804717 ], [ -84.371112846987685, 46.85224775127277 ], [ -84.356357682802923, 46.865930887554505 ], [ -84.363604358218083, 46.885614146474509 ], [ -84.380267934546694, 46.892512028282461 ], [ -84.39988890314568, 46.909933995835679 ], [ -84.425936939229004, 46.912044259059847 ], [ -84.438921712232897, 46.924411052729916 ], [ -84.492359076572498, 46.931583289449748 ], [ -84.511106228587309, 46.917202324256955 ], [ -84.516445878681182, 46.917663699310864 ], [ -84.53278819071636, 46.930942237666954 ], [ -84.566853284820311, 46.943545775516867 ], [ -84.573536272291093, 46.943095658372194 ], [ -84.588253471505766, 46.928927938743485 ], [ -84.59994962464647, 46.926189835034755 ], [ -84.603299260921915, 46.914528752542601 ], [ -84.591626115205997, 46.900802879732645 ], [ -84.614003911080957, 46.885266198123105 ], [ -84.647726670334208, 46.914313345234696 ], [ -84.649104390813037, 46.919511106793706 ], [ -84.658096988658258, 46.95340952948348 ], [ -84.670136388065629, 46.961866698860184 ], [ -84.695549994378666, 46.964606498401501 ], [ -84.712235184044005, 46.950967731310044 ], [ -84.716256451158273, 46.947679066266979 ], [ -84.7213329820826, 46.947845027524195 ], [ -84.729959353662153, 46.948126400557591 ], [ -84.751963727676781, 46.962320449714163 ], [ -84.760415793568043, 46.967768882773356 ], [ -84.777139661064311, 46.970498011006477 ], [ -84.783180081462831, 46.981182905700258 ], [ -84.790576177280883, 46.994258826041552 ], [ -84.779916805320127, 47.011416545410114 ], [ -84.770548845094055, 47.012109683624303 ], [ -84.779619794115334, 47.028793334504726 ], [ -84.775971334365479, 47.042972501242318 ], [ -84.762926424400021, 47.048013463892957 ], [ -84.749559019680689, 47.061278012301806 ], [ -84.737175447018657, 47.067003326279412 ], [ -84.709412100681476, 47.096967167746001 ], [ -84.712439706937644, 47.10611146814432 ], [ -84.72081720708033, 47.10701938630946 ], [ -84.728545156975116, 47.116846841015395 ], [ -84.723860281613071, 47.127592750668562 ], [ -84.738295236863991, 47.133987131907745 ], [ -84.697736791325113, 47.154577316065023 ], [ -84.690701535822313, 47.167383409839061 ], [ -84.705137028899159, 47.172179159234844 ], [ -84.703800144230996, 47.18178069940452 ], [ -84.675951244552749, 47.196416505931197 ], [ -84.673945305564303, 47.203958157907202 ], [ -84.661858869225014, 47.21013317433183 ], [ -84.644394089594741, 47.242359495022264 ], [ -84.63876569873716, 47.246540882082634 ], [ -84.622548224163168, 47.25858299399308 ], [ -84.613812809246014, 47.260180828188311 ], [ -84.588581017745653, 47.280741363690325 ], [ -84.583185747677803, 47.298105960370528 ], [ -84.59663605529903, 47.302229942277854 ], [ -84.61343528395598, 47.336517877318592 ], [ -84.642038238873567, 47.355950677638333 ], [ -84.673349579892303, 47.354120278862723 ], [ -84.697595770539294, 47.366453834508228 ], [ -84.697968066735982, 47.399587566075169 ], [ -84.71079246313397, 47.419238046103203 ], [ -84.739807430059642, 47.433389600176334 ], [ -84.746902474611645, 47.442751089524911 ], [ -84.763436251825397, 47.448450804067292 ], [ -84.787445695060768, 47.473105531929022 ], [ -84.815232140785085, 47.477327803070544 ], [ -84.815798199565833, 47.477413724314481 ], [ -84.824586529798452, 47.48334238013075 ], [ -84.865114356330793, 47.492418427920917 ], [ -84.902338991455906, 47.512682930167657 ], [ -84.914157792883458, 47.513343320342258 ], [ -84.925622561949424, 47.518479200108672 ], [ -84.929385545077309, 47.520164357341493 ], [ -84.935841138878843, 47.527691557663339 ], [ -84.950718485500758, 47.531312089744759 ], [ -84.954120799560556, 47.535645614773038 ], [ -84.953317551051938, 47.537318003586194 ], [ -84.945438424718617, 47.553715937042497 ], [ -84.954615352918466, 47.563974012272787 ], [ -84.967120415066518, 47.563714566609022 ], [ -84.982051987854916, 47.573957789001263 ], [ -85.003375743709825, 47.579607682089836 ], [ -85.013515703915559, 47.578894275017149 ], [ -85.03961552961573, 47.589553400345494 ], [ -85.03152882937934, 47.593460000869108 ], [ -85.03058234161243, 47.603286789627688 ], [ -85.009623418482988, 47.604495202412586 ], [ -85.01475687541523, 47.612930193915041 ], [ -85.01152921269555, 47.636475349603153 ], [ -84.976179021472859, 47.667412586201188 ], [ -84.974210436370583, 47.677014386861323 ], [ -84.981730396800089, 47.689557722185718 ], [ -84.987788463657196, 47.692217602975511 ], [ -85.004487784472033, 47.699546101443957 ], [ -85.002139989181458, 47.701790471346328 ], [ -84.974508830840762, 47.728183908779073 ], [ -84.945707149114071, 47.729400564267351 ], [ -84.916763478594135, 47.77218271142722 ], [ -84.890714915954987, 47.789130375297518 ], [ -84.916517244501549, 47.791594228574468 ], [ -84.936964086523062, 47.807764652292924 ], [ -84.938299060954961, 47.810664408963149 ], [ -84.94211291030409, 47.818946550887944 ], [ -84.927310148640544, 47.846384570662771 ], [ -84.916617249988491, 47.848907913368379 ], [ -84.902887436446321, 47.85214574356025 ], [ -84.88576697099559, 47.873857896547378 ], [ -84.880887695120236, 47.880041528766064 ], [ -84.876188589271152, 47.885995043914221 ], [ -84.864317041743703, 47.89172341789704 ], [ -84.850101759096106, 47.907733233661205 ], [ -84.836170141955776, 47.910723103298814 ], [ -84.844659420127385, 47.939640466577671 ], [ -84.846156755576089, 47.944737102460167 ], [ -84.86081236237149, 47.952707458081363 ], [ -84.890774529274893, 47.955621527911752 ], [ -84.909138211921388, 47.952391918265832 ], [ -84.901593448852694, 47.939387218823413 ], [ -84.905667697500192, 47.938925798162053 ], [ -84.921122131701168, 47.951936632878315 ], [ -84.925145667046678, 47.955322376664718 ], [ -84.952070580049906, 47.962571230765498 ], [ -84.964614139586715, 47.953634071408935 ], [ -84.980292739158344, 47.958159307253027 ], [ -84.992865731439949, 47.954470456587828 ], [ -85.111463413167968, 47.950872675458804 ], [ -85.136099062835612, 47.95010662308858 ], [ -85.182762211963038, 47.954253106828766 ], [ -85.233720928325397, 47.946028890090709 ], [ -85.252499138424994, 47.951190380451038 ], [ -85.326911302203854, 47.94212299744752 ], [ -85.391606408924275, 47.920512731460313 ], [ -85.4048505455292, 47.91905946956804 ], [ -85.440231809589633, 47.919296011278831 ], [ -85.47619902904934, 47.913578192521108 ], [ -85.522116437986753, 47.913943542986281 ], [ -85.53134781049215, 47.916846454203323 ], [ -85.55442908011733, 47.913936226754245 ], [ -85.628288675481514, 47.917254229066067 ], [ -85.695457417492278, 47.925604108072591 ], [ -85.70356115441983, 47.922796748952855 ], [ -85.719772029089512, 47.929845772766882 ], [ -85.722095256747821, 47.930855587063348 ], [ -85.738760478199907, 47.930706738294624 ], [ -85.81134233978463, 47.951963237872931 ], [ -85.881255111748231, 47.988505529306927 ], [ -85.887230959466962, 47.996664997301707 ], [ -85.910616940725703, 48.008543182276249 ], [ -85.907198672622883, 48.01407792370766 ], [ -85.917607306537718, 48.023813279106129 ], [ -85.932234540519246, 48.024167177020928 ], [ -85.929800347734002, 48.018994939119004 ], [ -85.949523966439187, 48.022373607596741 ], [ -85.942695708630993, 48.027951224223536 ], [ -85.951744186207279, 48.037605374216788 ], [ -85.935157358894926, 48.036461081071955 ], [ -85.937202287602076, 48.039322033329306 ], [ -85.964907005458173, 48.050011462523351 ], [ -85.967890923336668, 48.056354995478642 ], [ -85.981700677379578, 48.063525714327199 ], [ -86.006651785950936, 48.069011194339787 ], [ -86.028336085101927, 48.078893621393348 ], [ -86.020850648814786, 48.081462161999802 ], [ -86.032837404808276, 48.089670863796968 ], [ -86.013090310270755, 48.089053021001 ], [ -85.986347304646927, 48.08140831948969 ], [ -86.032538407536123, 48.103391960746613 ], [ -86.053380429846257, 48.131766099866532 ], [ -86.064520433304693, 48.135801240208771 ], [ -86.07161619273208, 48.147863287026695 ], [ -86.087744033501195, 48.158804018411303 ], [ -86.083089971306279, 48.163362457621858 ], [ -86.094952576279809, 48.181402399318458 ], [ -86.115575025958847, 48.197847390613433 ], [ -86.104204578337999, 48.204107559033858 ], [ -86.134020761865443, 48.229741564819591 ], [ -86.129365415349113, 48.234300932256033 ], [ -86.146928157243238, 48.245081370124332 ], [ -86.139693158633335, 48.251108538989982 ], [ -86.143035144529946, 48.260443480716312 ], [ -86.131313955240032, 48.260961645977517 ], [ -86.150168340537519, 48.272497935708003 ], [ -86.159059286994733, 48.304338391782096 ], [ -86.169573299750652, 48.308329473084839 ], [ -86.18293774436296, 48.334448025069577 ], [ -86.190802086433607, 48.355013465881008 ], [ -86.183689658101301, 48.359904430283812 ], [ -86.193684971252722, 48.365469803872813 ], [ -86.194651059134401, 48.374678951380567 ], [ -86.20270784031112, 48.379222141505487 ], [ -86.199239906023195, 48.380878246143197 ], [ -86.19104239358532, 48.384791977692281 ], [ -86.18543832033879, 48.394343575682271 ], [ -86.202422916611681, 48.401878187011988 ], [ -86.215654122201826, 48.400507908404769 ], [ -86.228088022634878, 48.420394926106702 ], [ -86.235290831522761, 48.42351855359685 ], [ -86.235710248944144, 48.425830794904357 ], [ -86.221158579794206, 48.426674015590834 ], [ -86.232996838707876, 48.445839696852453 ], [ -86.236128591883087, 48.46889887015061 ], [ -86.247608010617938, 48.486791887879043 ], [ -86.253002278367347, 48.495194675945982 ], [ -86.253038791135637, 48.500691729667956 ], [ -86.243745303946028, 48.50066446025928 ], [ -86.259718385411659, 48.52301895877973 ], [ -86.268794964475447, 48.548448189302803 ], [ -86.27375521490687, 48.547329817461467 ], [ -86.276125591222538, 48.553216073656429 ], [ -86.276958401382487, 48.555283784130495 ], [ -86.268480184899019, 48.559885015765047 ], [ -86.269073897520698, 48.569532443121012 ], [ -86.28121507457108, 48.569013349400862 ], [ -86.284662233483687, 48.571939696941946 ], [ -86.270698247816767, 48.576257873993846 ], [ -86.252857028319468, 48.57533448045686 ], [ -86.251163597076442, 48.577993587507876 ], [ -86.298166346091435, 48.580419889856003 ], [ -86.281929567709369, 48.583474850856803 ], [ -86.285932623576997, 48.58757580667109 ], [ -86.274534710311869, 48.587675825035596 ], [ -86.274837087816024, 48.590899070357636 ], [ -86.284977093887832, 48.592794587024351 ], [ -86.298392977048934, 48.587301231968304 ], [ -86.303909686824056, 48.590334159761021 ], [ -86.301916126344324, 48.595495338776011 ], [ -86.309117116336239, 48.604796068956865 ], [ -86.335835872370907, 48.612574685732 ], [ -86.329493630588303, 48.616602846148005 ], [ -86.34074527167563, 48.622131301593193 ], [ -86.31736672514063, 48.622851595551388 ], [ -86.314619847235534, 48.625690384397707 ], [ -86.329298236008469, 48.630103436973407 ], [ -86.331745883116227, 48.63537984695499 ], [ -86.31010577883859, 48.640571532914834 ], [ -86.305791206377449, 48.650887130982568 ], [ -86.331696950948356, 48.64808667528132 ], [ -86.343668201797428, 48.64320375716396 ], [ -86.351877379608254, 48.64683053392239 ], [ -86.357140158677467, 48.649154933753621 ], [ -86.349768904592437, 48.653129991147757 ], [ -86.381778285936051, 48.699177605073579 ], [ -86.410473359486019, 48.714363800971981 ], [ -86.409925338851536, 48.715294148352292 ], [ -86.407459773803282, 48.719479305776744 ], [ -86.40091054064284, 48.719043166138974 ], [ -86.39338277012051, 48.718541300257826 ], [ -86.387644941962421, 48.723290208609249 ], [ -86.394755832726105, 48.739677785140991 ], [ -86.404613077233634, 48.747269930671415 ], [ -86.408923812851242, 48.742909791324408 ], [ -86.415897886613337, 48.748525065714546 ], [ -86.426732336869449, 48.73555847392926 ], [ -86.428339799857056, 48.735490049315999 ], [ -86.448995027156514, 48.734608411665732 ], [ -86.445935844997791, 48.740182742255456 ], [ -86.438251954738675, 48.743133115774036 ], [ -86.427463804817421, 48.747273748475962 ], [ -86.429669404102881, 48.752190375190047 ], [ -86.421253800059375, 48.753144612500549 ], [ -86.426952483266533, 48.757779535727096 ], [ -86.429760381353304, 48.772576124827047 ], [ -86.433995045666691, 48.771871311315373 ], [ -86.436069959158075, 48.762818481983466 ], [ -86.447904252244641, 48.768444865570487 ], [ -86.454253828334643, 48.764958248091681 ], [ -86.458990218260539, 48.76235682875766 ], [ -86.468946816288835, 48.763081748862646 ], [ -86.473303081200413, 48.758816742809067 ], [ -86.475180384925196, 48.756978460185636 ], [ -86.483534806431891, 48.759682496660645 ], [ -86.48579278260101, 48.77032588500802 ], [ -86.528083720407352, 48.745392671243444 ], [ -86.538224150536124, 48.756881967661037 ], [ -86.54314491500503, 48.743843904668637 ], [ -86.541891308358075, 48.731903135417248 ], [ -86.540970634968801, 48.72312961983387 ], [ -86.549103763326769, 48.726192169196651 ], [ -86.554254135959681, 48.728130986765031 ], [ -86.571543385596939, 48.728311067404555 ], [ -86.578104306887255, 48.728378590388871 ], [ -86.585001114173792, 48.72550994969977 ], [ -86.59685374669678, 48.729690145122653 ], [ -86.602320927318104, 48.73161756501294 ], [ -86.63112300826883, 48.727746080972032 ], [ -86.631554723386017, 48.727808259246331 ], [ -86.63827187116577, 48.728775437367851 ], [ -86.642315530593621, 48.736065622612479 ], [ -86.635711833107763, 48.747369497916473 ], [ -86.634640183837845, 48.749203323954902 ], [ -86.621486428123575, 48.75543675627052 ], [ -86.620105528567336, 48.777348720692402 ], [ -86.640705885111728, 48.78841472761539 ], [ -86.651150259137268, 48.784798274371539 ], [ -86.673596605894474, 48.788617447087248 ], [ -86.675184129175634, 48.788296666348508 ], [ -86.68458393584622, 48.786396677206646 ], [ -86.694524998735631, 48.790532336073667 ], [ -86.695136062173205, 48.79765750933722 ], [ -86.705839915588456, 48.807553375422998 ], [ -86.713255929465191, 48.7998936161991 ], [ -86.734481508173715, 48.795861441859778 ], [ -86.731239733481814, 48.79066907507115 ], [ -86.736061079188971, 48.787693803410818 ], [ -86.742363361487634, 48.790279502386973 ], [ -86.750435929222292, 48.779670894339517 ], [ -86.767739990712641, 48.77338833604361 ], [ -86.768119304903806, 48.773546181810815 ], [ -86.781999659247361, 48.779320502513549 ], [ -86.793444392334564, 48.779167791684046 ], [ -86.805201412614068, 48.769646347525182 ], [ -86.804617262774656, 48.76844589124083 ], [ -86.803491949078463, 48.766133130012115 ], [ -86.819702669332699, 48.757655468159285 ], [ -86.83282810533899, 48.750786997852209 ], [ -86.864567116964665, 48.745155626500313 ], [ -86.880818417881642, 48.748650729814536 ], [ -86.89476486288946, 48.757531632141287 ], [ -86.897183583523471, 48.767483330876303 ], [ -86.904432479060191, 48.771019819169084 ], [ -86.929220041189737, 48.769972961177253 ], [ -86.940947469596225, 48.769475433486051 ], [ -86.95458203600522, 48.774899217754978 ], [ -86.970397736023472, 48.790521853128396 ], [ -86.975952529811721, 48.796005683858624 ], [ -86.957389896267429, 48.818055585623384 ], [ -86.979729528143352, 48.803040558905217 ], [ -86.993866475267851, 48.803674000014318 ], [ -87.000001568307042, 48.808067828849069 ], [ -87.005501959455316, 48.805112485168351 ], [ -86.999662300716849, 48.788152677685403 ], [ -86.997498603033549, 48.781865475578051 ], [ -87.008912256818476, 48.771851769602286 ], [ -87.020883037119077, 48.77330202319591 ], [ -87.020876912085114, 48.773442187074529 ], [ -87.020363959118768, 48.785176935286039 ], [ -87.02956252116914, 48.79105565909957 ], [ -87.03076310086611, 48.791822762458146 ], [ -87.034631687851515, 48.787873878162358 ], [ -87.0421692129473, 48.788668193602483 ], [ -87.039483618195504, 48.784429713464199 ], [ -87.051778018100933, 48.781546141412278 ], [ -87.065737440648931, 48.778269701454462 ], [ -87.072497037334273, 48.773073129904915 ], [ -87.085505566189525, 48.774565859202234 ], [ -87.108589881750859, 48.769770281902375 ], [ -87.117334053721351, 48.767952041862308 ], [ -87.12013531046486, 48.771049558875752 ], [ -87.124337475801525, 48.763679364193749 ], [ -87.127727988680576, 48.765576595638983 ], [ -87.131878585045229, 48.767898769743283 ], [ -87.152649547684661, 48.767888670517756 ], [ -87.159774603730099, 48.776438591096472 ], [ -87.167304982830643, 48.777565783439272 ], [ -87.181268454269656, 48.779654212330996 ], [ -87.183971440038874, 48.765663661272065 ], [ -87.184074733309629, 48.765128852341164 ], [ -87.187033594500548, 48.763198925842204 ], [ -87.193826194578492, 48.768066163229705 ], [ -87.206538861877434, 48.754880266921589 ], [ -87.234067884671973, 48.756514011517901 ], [ -87.264197509141098, 48.76694530124243 ], [ -87.271011979624731, 48.764488615148672 ], [ -87.266888491528775, 48.758481618390618 ], [ -87.266159403248878, 48.75741931749166 ], [ -87.287012084417981, 48.760131113582887 ], [ -87.293082662390773, 48.762367159540446 ], [ -87.296956654033295, 48.76379379623534 ], [ -87.308063041099388, 48.767882478135952 ], [ -87.294364453560391, 48.787899878042566 ], [ -87.30034541516244, 48.79409970785656 ], [ -87.326729969147678, 48.797036140645233 ], [ -87.380757505167182, 48.793330724657288 ], [ -87.40764245147156, 48.805650249467 ], [ -87.416962980356729, 48.820674228926514 ], [ -87.445663461029298, 48.832372015438295 ], [ -87.48655795937772, 48.836086681073851 ], [ -87.508564238825244, 48.834708944033963 ], [ -87.515488959531183, 48.834274353883679 ], [ -87.528085831917565, 48.825396702522212 ], [ -87.551043010202463, 48.820594795500483 ], [ -87.558168669589747, 48.822250385031708 ], [ -87.562989273699586, 48.826332965175183 ], [ -87.555519994015739, 48.855087748178889 ], [ -87.561997520159679, 48.867696372193727 ], [ -87.586991822179101, 48.871202022504761 ], [ -87.599160463644381, 48.859326764310225 ], [ -87.61590843338665, 48.858150928936112 ], [ -87.643124185499147, 48.848461052389062 ], [ -87.652432331665636, 48.849051928738781 ], [ -87.689252247270915, 48.887299082853367 ], [ -87.748527258321914, 48.899624665376379 ], [ -87.766280464333761, 48.890920156571063 ], [ -87.771407786954484, 48.891800525555652 ], [ -87.778358176663076, 48.895718857451797 ], [ -87.775329493940703, 48.906587075781324 ], [ -87.796677224162366, 48.916535543924205 ], [ -87.807038066017526, 48.917150584927079 ], [ -87.830864830992596, 48.906373775136814 ], [ -87.837609157762373, 48.905933354131861 ], [ -87.842027805772545, 48.905644545119536 ], [ -87.888743156140961, 48.927717049009814 ], [ -87.903064123545022, 48.930756980241348 ], [ -87.919116266184119, 48.925622702292998 ], [ -87.949742175670721, 48.928789072183108 ], [ -87.982297622911091, 48.942308001450449 ], [ -88.023680867818115, 48.971219809892425 ], [ -88.036293193402685, 48.974180873448873 ], [ -88.042693972878467, 48.985156005801748 ], [ -88.039443913362106, 49.003794721050575 ], [ -88.04878276244483, 49.008696791187901 ], [ -88.066713034365108, 48.993315402517979 ], [ -88.075274193755448, 48.97760298494353 ], [ -88.091082058228181, 48.988444830936693 ], [ -88.114368056628095, 48.992682622582549 ], [ -88.122765631114035, 48.988740553254189 ], [ -88.130253181861107, 48.985224482976236 ], [ -88.136738449625298, 48.973556081604691 ], [ -88.145222633143447, 48.976130917370838 ], [ -88.159100916615188, 48.967460061107552 ], [ -88.170164176523869, 48.950457234615811 ], [ -88.175756822353136, 48.949960843547316 ], [ -88.183882805578293, 48.957095122789134 ], [ -88.196120966387014, 48.960481929542532 ], [ -88.209335575888986, 48.96024154592147 ], [ -88.226975451403817, 48.952142356355161 ], [ -88.234887307460383, 48.953092462056787 ], [ -88.246186900893022, 48.959646192620056 ], [ -88.253124592767435, 48.973366295160467 ], [ -88.258234200706369, 49.010808734330908 ], [ -88.264438035915248, 48.997980037131747 ], [ -88.260413627678531, 48.982524422394491 ], [ -88.270908146866446, 48.972571699457419 ], [ -88.261872599324803, 48.959015467626195 ], [ -88.260471190809284, 48.945704370937356 ], [ -88.229570052899149, 48.918618772755316 ], [ -88.229348251954335, 48.903519792694212 ], [ -88.242106193469169, 48.890911167022196 ], [ -88.248903841277468, 48.874676225398929 ], [ -88.241564543656153, 48.852935612978399 ], [ -88.220102764496431, 48.830267915707452 ], [ -88.177116948389369, 48.821956743515443 ], [ -88.133933216844198, 48.794410796102788 ], [ -88.113264158711814, 48.793239190362826 ], [ -88.099424225863515, 48.784527276364507 ], [ -88.094228600278242, 48.775886084304467 ], [ -88.108259312712093, 48.742992412186034 ], [ -88.100134842429767, 48.710471553585769 ], [ -88.101271546659362, 48.707686820981138 ], [ -88.104680824308147, 48.699332550673262 ], [ -88.106574986980945, 48.694689627492245 ], [ -88.107058192170797, 48.694245690870787 ], [ -88.154963829323265, 48.650178326718198 ], [ -88.167576998054798, 48.630032271419878 ], [ -88.195196830184514, 48.61634477839543 ], [ -88.202118437051922, 48.602634334259527 ], [ -88.199326088193544, 48.58973680456328 ], [ -88.203683199224031, 48.586914050934524 ], [ -88.204613644478115, 48.592658287160461 ], [ -88.214386655738394, 48.595508049734505 ], [ -88.238925484260562, 48.576674530222277 ], [ -88.260227106939809, 48.5773877464473 ], [ -88.260928938640546, 48.581756118204787 ], [ -88.250985696009835, 48.608169448184235 ], [ -88.244652424491193, 48.614357772787976 ], [ -88.234489901070447, 48.616532276535871 ], [ -88.247765687966421, 48.618805275540758 ], [ -88.272723102758846, 48.598834389226688 ], [ -88.275065714984066, 48.590685974419735 ], [ -88.287594260006031, 48.589041672490822 ], [ -88.287127570717345, 48.599773610413855 ], [ -88.298488961029562, 48.595348520329303 ], [ -88.299883797335596, 48.613453488052258 ], [ -88.325533765631008, 48.643784499941951 ], [ -88.342861307889379, 48.642754171749566 ], [ -88.334867801379716, 48.588087844932971 ], [ -88.331037553428899, 48.584075669719155 ], [ -88.312650087482325, 48.585757537181166 ], [ -88.303746767148823, 48.575861405823659 ], [ -88.3076616854609, 48.565019704009885 ], [ -88.313399628219202, 48.562009961368332 ], [ -88.314123932107918, 48.570719591829551 ], [ -88.3182820572802, 48.570399039720037 ], [ -88.323715608844793, 48.552976373249116 ], [ -88.330346208019492, 48.551820129675164 ], [ -88.330612857901784, 48.552850167785003 ], [ -88.335959359826134, 48.573493156300756 ], [ -88.367127823799208, 48.552564479605699 ], [ -88.370626607698753, 48.548436482634642 ], [ -88.376644453837613, 48.541334365481532 ], [ -88.387859051550876, 48.528092295535885 ], [ -88.387369871832306, 48.539506668880605 ], [ -88.403575627499208, 48.52494517982138 ], [ -88.405353675149485, 48.52888587032156 ], [ -88.395556315774783, 48.540455904306157 ], [ -88.420642468829271, 48.536233128294249 ], [ -88.424350222099193, 48.546865904374151 ], [ -88.420190702810217, 48.566161193592144 ], [ -88.427057851807106, 48.56638155860368 ], [ -88.440089500695379, 48.557654009053394 ], [ -88.471776701010896, 48.509515005521955 ], [ -88.477987499597575, 48.509255965185822 ], [ -88.481435280213574, 48.518736116201971 ], [ -88.485914327681641, 48.518647248481891 ], [ -88.506294617883938, 48.493229803418359 ], [ -88.501664222553615, 48.480973293752427 ], [ -88.49280642292004, 48.474983130416405 ], [ -88.492129048431792, 48.460333788163624 ], [ -88.502467639936043, 48.459970799068891 ], [ -88.512720777692635, 48.465549388158919 ], [ -88.522708293850926, 48.46037585970771 ], [ -88.533277485273388, 48.437166188947153 ], [ -88.532434483136157, 48.431906678811849 ], [ -88.531363293819624, 48.425221768697959 ], [ -88.537559598531018, 48.420154889665767 ], [ -88.543113575206107, 48.424214338068118 ], [ -88.561793685152097, 48.407420714597627 ], [ -88.561870094713072, 48.407551324353477 ], [ -88.563515437505131, 48.410363548357665 ], [ -88.565470003153521, 48.413703816182299 ], [ -88.562023680656836, 48.420771956215518 ], [ -88.558662376703694, 48.427663520774956 ], [ -88.568512084734493, 48.4321612052847 ], [ -88.574195946577447, 48.436368695568852 ], [ -88.574445477442353, 48.45260150186445 ], [ -88.580251954682879, 48.453009169985364 ], [ -88.572460976631064, 48.46625378070803 ], [ -88.573703692773734, 48.482975579545872 ], [ -88.586842374021174, 48.47697803305195 ], [ -88.600776595471757, 48.47857035442231 ], [ -88.603208425907297, 48.478848030115664 ], [ -88.595498581088137, 48.483844687458976 ], [ -88.57153526205586, 48.499364129820535 ], [ -88.570336931621043, 48.511666323880547 ], [ -88.554939760448775, 48.539991450105951 ], [ -88.551071847480316, 48.541242340761379 ], [ -88.547867104035888, 48.53291489973919 ], [ -88.527785179445289, 48.544408640963013 ], [ -88.462794579115098, 48.591513254566657 ], [ -88.453600734363548, 48.604251424948188 ], [ -88.437408979415466, 48.616698192484115 ], [ -88.427323196639691, 48.624446441239009 ], [ -88.373593321960868, 48.656322887358073 ], [ -88.342631120805891, 48.669034302237044 ], [ -88.333512920589442, 48.698682662448384 ], [ -88.303740630074003, 48.750059361598979 ], [ -88.309981536801018, 48.763521365421219 ], [ -88.34649792453682, 48.779348247955916 ], [ -88.333184046455798, 48.786230626181698 ], [ -88.328148153126165, 48.797953644124753 ], [ -88.341789657536211, 48.814630321336367 ], [ -88.364679354874468, 48.823372605350784 ], [ -88.412847518464616, 48.83223023204922 ], [ -88.430344876497159, 48.839433034067767 ], [ -88.435713481199528, 48.841641930668104 ], [ -88.475447326603458, 48.842895762319159 ], [ -88.496145516395089, 48.834402654155596 ], [ -88.501975796577923, 48.825437878053826 ], [ -88.499358530374352, 48.823298322266496 ], [ -88.48939402502414, 48.831903765111072 ], [ -88.491248378064796, 48.815732950277344 ], [ -88.497360273522631, 48.807691563443306 ], [ -88.531686239303497, 48.787267117546321 ], [ -88.549211930167004, 48.759462386120752 ], [ -88.551703340864634, 48.73294707535225 ], [ -88.55195315404923, 48.730286686241833 ], [ -88.537648463623782, 48.717502107595742 ], [ -88.535579384500707, 48.716591367866094 ], [ -88.52090131773933, 48.710128248407109 ], [ -88.520932765358182, 48.701721733971922 ], [ -88.520939789427644, 48.699843744898253 ], [ -88.552802734464748, 48.688711431906533 ], [ -88.56196710088463, 48.676190650861514 ], [ -88.549286546584867, 48.665059743560157 ], [ -88.555527909240894, 48.654736237548605 ], [ -88.542427138565088, 48.639936479493215 ], [ -88.551498700863092, 48.628560730087401 ], [ -88.563851720174753, 48.62939589364413 ], [ -88.589106119820258, 48.618279606494134 ], [ -88.618747265995111, 48.618264739440129 ], [ -88.627925820753433, 48.610086360119695 ], [ -88.634197315526336, 48.599072999835847 ], [ -88.628757719448387, 48.587940979654711 ], [ -88.630490051948385, 48.577705572029203 ], [ -88.64296510520866, 48.556370878323264 ], [ -88.644598456431368, 48.542480054884031 ], [ -88.639761007611384, 48.537765999315781 ], [ -88.653342263571972, 48.520118010803841 ], [ -88.652175028675572, 48.517112634713321 ], [ -88.644247582138959, 48.517330190376882 ], [ -88.642061766542184, 48.507615027361545 ], [ -88.641866903975455, 48.506748730935243 ], [ -88.662910736873172, 48.4957226738412 ], [ -88.668420018316709, 48.485374040203197 ], [ -88.677459398133365, 48.484576040047415 ], [ -88.678102385375908, 48.484519243556825 ], [ -88.683212924313068, 48.495410993752124 ], [ -88.683290472339337, 48.495383125129365 ], [ -88.702584237731131, 48.488446351314082 ], [ -88.705873838624868, 48.475287486675157 ], [ -88.692941235318656, 48.471481010599021 ], [ -88.69205790802107, 48.471220932374841 ], [ -88.691043996652951, 48.46068023289795 ], [ -88.691264958861197, 48.460161354264073 ], [ -88.70938251718735, 48.417575055158188 ], [ -88.721681450771726, 48.402858014086426 ], [ -88.727891311105694, 48.386817027674446 ], [ -88.725320282094287, 48.378974021132706 ], [ -88.745335515995521, 48.366537762251212 ], [ -88.746189383004761, 48.358794164655471 ], [ -88.739972463448126, 48.354272782452462 ], [ -88.745318832203054, 48.351229979824673 ], [ -88.753779735294003, 48.352848614957374 ], [ -88.754252023428307, 48.345550845331644 ], [ -88.756337679251899, 48.344875402890708 ], [ -88.767208374218967, 48.341353853588068 ], [ -88.773426967007694, 48.345874090879754 ], [ -88.777501283318344, 48.335939761077306 ], [ -88.790608846688556, 48.329458029333111 ], [ -88.794471706622858, 48.338483625375858 ], [ -88.815320523897398, 48.327491033613491 ], [ -88.820383850620104, 48.324819903237533 ], [ -88.83305610110942, 48.330869220229893 ], [ -88.835663660601554, 48.33211357802076 ], [ -88.856621401055108, 48.320587677331623 ], [ -88.887315758036962, 48.317333403332661 ], [ -88.892599866593287, 48.309703131773674 ], [ -88.897437377463703, 48.308925253072353 ], [ -88.910177254978919, 48.315754291739502 ], [ -88.914988934444551, 48.318332559089328 ], [ -88.933147766532713, 48.303004829162205 ], [ -88.935324004264444, 48.301166969727504 ], [ -88.938852152379212, 48.298186987537932 ], [ -88.942416172960847, 48.299884741923528 ], [ -88.946494963500328, 48.301827396301903 ], [ -88.939866282588667, 48.311832140011056 ], [ -88.932020092049214, 48.323668293823815 ], [ -88.91295205006486, 48.352404912285081 ], [ -88.911191083235948, 48.355056792989892 ], [ -88.90942456815398, 48.357716690234483 ], [ -88.896936793928489, 48.365596948066205 ], [ -88.888026713227632, 48.365577738871387 ], [ -88.874700262591162, 48.359490941531725 ], [ -88.872114450521181, 48.362389910390931 ], [ -88.875347430676413, 48.376417016602083 ], [ -88.857929317293269, 48.39694830191484 ], [ -88.867365520610818, 48.404979358988641 ], [ -88.86284784826293, 48.416737470745005 ], [ -88.858845247890784, 48.421451694763995 ], [ -88.85415585379944, 48.426973377830727 ], [ -88.836496599419704, 48.447752917439047 ], [ -88.84415644348357, 48.456878832666469 ], [ -88.821946120339206, 48.487098886021052 ], [ -88.819705672556964, 48.489138832430342 ], [ -88.775909821436571, 48.528968494128307 ], [ -88.760001556901116, 48.556387826274658 ], [ -88.77618398930656, 48.572165315709725 ], [ -88.79683797527197, 48.572298983058829 ], [ -88.82846286118091, 48.556970929694138 ], [ -88.853038374991698, 48.554916949162177 ], [ -88.876851708044597, 48.537532000668854 ], [ -88.885885781359676, 48.541667010819545 ], [ -88.913964479840388, 48.538327152359194 ], [ -88.915909872136353, 48.537110562882887 ], [ -88.929360801262291, 48.528695914656844 ], [ -88.929631158571809, 48.526622707583158 ], [ -88.930666799646346, 48.51867926289875 ], [ -88.944710958585588, 48.525229744223459 ], [ -88.962051032156708, 48.517251628840235 ], [ -88.956810168054474, 48.512994996944499 ], [ -88.961510426033882, 48.509237705915702 ], [ -88.9969219927777, 48.509279942709206 ], [ -89.009927001363963, 48.503898122590435 ], [ -89.014553600694313, 48.501982781828794 ], [ -89.023394179533526, 48.500159461649034 ], [ -89.057714575575389, 48.49307196044122 ], [ -89.066329304798828, 48.486899191469014 ], [ -89.096184138480908, 48.481732068296921 ], [ -89.117738482146351, 48.483424843687153 ], [ -89.144580558725721, 48.47679453116092 ], [ -89.162312260659334, 48.467187656752259 ], [ -89.164807783562466, 48.464304939343009 ], [ -89.167671180203129, 48.460996743221372 ], [ -89.173337133260986, 48.454448989944972 ], [ -89.218084858829954, 48.434323661362583 ], [ -89.227522028884806, 48.424189184415184 ], [ -89.231596099531146, 48.419812416650956 ], [ -89.221815117291655, 48.392163590467014 ], [ -89.244238756791518, 48.383577236625193 ], [ -89.258032873753038, 48.363589000024632 ], [ -89.243277343520219, 48.363912140113896 ], [ -89.229345437995917, 48.349404933820153 ], [ -89.219312349286554, 48.350984263391503 ], [ -89.218976218999401, 48.338644011771422 ], [ -89.207188856361952, 48.328982067035383 ], [ -89.210805468742777, 48.319471723916529 ], [ -89.203298756931218, 48.306715121796991 ], [ -89.211951442512245, 48.30509757752526 ], [ -89.212521396896719, 48.3025401840491 ], [ -89.213774680991293, 48.296915672881703 ], [ -89.221366776253518, 48.295957593440889 ], [ -89.239128867222149, 48.302789334207688 ], [ -89.2440370602, 48.275926573418225 ], [ -89.260999767244854, 48.259867135038128 ], [ -89.27373091277498, 48.233655103391676 ], [ -89.277079567136269, 48.194522881576475 ], [ -89.27757365138693, 48.188743423740505 ], [ -89.28333266314111, 48.186127338869269 ], [ -89.293336996696908, 48.181581244767401 ], [ -89.306249120826834, 48.18257848128971 ], [ -89.30047906122239, 48.189769313340669 ], [ -89.298675683390144, 48.192016211816252 ], [ -89.296357208115523, 48.194904518796051 ], [ -89.29917777967151, 48.199539280615291 ], [ -89.309451082834769, 48.196149593055431 ], [ -89.312742351317723, 48.195063295850105 ], [ -89.312870882222271, 48.193377111778666 ], [ -89.31392354356241, 48.179562766437812 ], [ -89.299746135618733, 48.176711835776224 ], [ -89.291214625866971, 48.170341386982706 ], [ -89.295969419262718, 48.164514851986304 ], [ -89.313429756036641, 48.157169905961887 ], [ -89.32375283042569, 48.14280379922949 ], [ -89.310587625059, 48.135059861893495 ], [ -89.307565143136728, 48.133281378861192 ], [ -89.32121337338755, 48.120363969250917 ], [ -89.339783412112013, 48.123775897126649 ], [ -89.358124264688342, 48.112335587835375 ], [ -89.356112224683102, 48.10521010451648 ], [ -89.331367055208432, 48.108961729060077 ], [ -89.35076939557851, 48.090242717648479 ], [ -89.368304499400622, 48.093850118663958 ], [ -89.378916022042617, 48.086334528445484 ], [ -89.420252731216451, 48.077703622641742 ], [ -89.426353110117702, 48.084924380999645 ], [ -89.432705380030626, 48.084060837864683 ], [ -89.44557087721472, 48.082310471318777 ], [ -89.447433241157228, 48.079011473342661 ], [ -89.439844078919734, 48.074274210752762 ], [ -89.44506051457806, 48.071872889304132 ], [ -89.469140380609105, 48.060781088620118 ], [ -89.445873073309556, 48.062994474903888 ], [ -89.442615407271987, 48.066801420077809 ], [ -89.433068661307402, 48.068352892246644 ], [ -89.431778723263406, 48.068562443253917 ], [ -89.427845232693855, 48.069201318526929 ], [ -89.406565215218464, 48.065746658321139 ], [ -89.418801267497258, 48.059635153643143 ], [ -89.433282585274, 48.059098085939056 ], [ -89.445416619143785, 48.058646360380592 ], [ -89.47956326090447, 48.050058711924336 ], [ -89.482736968711322, 48.047846113732255 ], [ -89.466360667346336, 48.041770205745969 ], [ -89.456443792193866, 48.042686274395138 ], [ -89.457394274740523, 48.036019222635467 ], [ -89.458033175377054, 48.031536644341109 ], [ -89.465303882147111, 48.032683554120446 ], [ -89.46816318645584, 48.033134424134104 ], [ -89.493252343832935, 48.028220129456336 ], [ -89.496484976764805, 48.038335762048845 ], [ -89.513839625824261, 48.038495665533439 ], [ -89.51940278199865, 48.029256784301495 ], [ -89.503291999250735, 48.02479027725974 ], [ -89.503757913026661, 48.022288091558735 ], [ -89.545663723150383, 48.015543462432412 ], [ -89.558632109606734, 48.013452085837947 ], [ -89.56044009948117, 48.011209319723974 ], [ -89.546289713210655, 48.008390763036985 ], [ -89.550515882653741, 48.005514346192328 ], [ -89.562882379185979, 48.003046075660393 ], [ -89.575316376124619, 48.006051358894041 ], [ -89.572200532707853, 48.001389820681212 ], [ -89.775370093259795, 48.015310440556789 ], [ -89.901042705475703, 47.995469131206164 ], [ -89.993646468773889, 48.015310440556789 ], [ -90.039942857258694, 48.078152239829024 ], [ -90.091776355329742, 48.118098530415352 ], [ -90.320138180447302, 48.099180072662421 ], [ -90.607101082019071, 48.112594379814738 ], [ -90.744408216163166, 48.10460731896319 ], [ -90.797318374431526, 48.131062398097384 ], [ -90.840318864353122, 48.200517967153132 ], [ -90.916047627007572, 48.209153221388789 ], [ -91.04347805179053, 48.193695457127262 ], [ -91.22065457222115, 48.10460731896319 ], [ -91.387240271935269, 48.058541643377794 ], [ -91.518307171466319, 48.05831093047837 ], [ -91.647286668573997, 48.10460731896319 ], [ -91.858399957877339, 48.197573631103324 ], [ -92.005155334569352, 48.301833888986778 ], [ -92.171784979597646, 48.338396390381547 ], [ -92.29867707428194, 48.328882229862359 ], [ -92.348439649422431, 48.27658730599245 ], [ -92.414588333586423, 48.27658730599245 ], [ -92.460890215235509, 48.365884184398851 ], [ -92.500578327101053, 48.435339753454627 ], [ -92.583255942559646, 48.465101717480593 ], [ -92.732653531266521, 48.53182169072889 ], [ -92.836732514729007, 48.567779944053711 ], [ -92.996254005189272, 48.611813148858431 ], [ -93.051707498515597, 48.619877114009796 ], [ -93.155215192893777, 48.625348305624755 ], [ -93.257942857945352, 48.628863930758882 ], [ -93.377886099825503, 48.616537270132397 ], [ -93.463617914619348, 48.561276037555587 ], [ -93.564285643068899, 48.536908360844791 ], [ -93.707739628033423, 48.525460606501838 ], [ -93.803545906102201, 48.54894937692913 ], [ -93.851627572975431, 48.60728678149826 ], [ -94.055182268240429, 48.65902140261241 ], [ -94.414155060254473, 48.704109294957391 ], [ -94.620884804468702, 48.742605390175896 ], [ -94.675355021390331, 48.774443770296671 ], [ -94.705095012759188, 48.80852336144045 ], [ -94.7125602230049, 48.863015551019174 ], [ -94.712768963247242, 48.863422045175298 ], [ -94.803461105378744, 49.002948417685303 ], [ -94.842605393981358, 49.119172787353307 ], [ -94.860403246222802, 49.2586002829064 ], [ -94.854333299702176, 49.304589054191979 ], [ -94.874795336615563, 49.319036076227462 ], [ -94.939340016812125, 49.349413274651909 ], [ -95.155298277003396, 49.369672064487219 ], [ -95.160362974462231, 49.802335655210754 ] ] ], [ [ [ -75.761118908280906, 44.518774382297885 ], [ -75.760209762333858, 44.520366007396177 ], [ -75.739956228894471, 44.533682220331485 ], [ -75.761118908280906, 44.518774382297885 ] ] ], [ [ [ -75.875928645069436, 44.416980225166384 ], [ -75.887131260704365, 44.412760161050542 ], [ -75.887021282553903, 44.413307645776257 ], [ -75.880684077085576, 44.416676914325308 ], [ -75.88336689427112, 44.420418626150507 ], [ -75.88199368726373, 44.422341393198948 ], [ -75.870822492375154, 44.42554282502789 ], [ -75.866955372100165, 44.430830409205058 ], [ -75.861220746310067, 44.431178005973798 ], [ -75.859023739406368, 44.43429472164572 ], [ -75.854939358845726, 44.435900317250436 ], [ -75.875928645069436, 44.416980225166384 ] ] ], [ [ [ -76.248540963970967, 44.214128654928203 ], [ -76.26075946518533, 44.20527681146951 ], [ -76.265919691755826, 44.20429311448769 ], [ -76.271818778171664, 44.208050555790436 ], [ -76.287916871231246, 44.203800893709598 ], [ -76.297514546368006, 44.206402686712359 ], [ -76.312896997057649, 44.201508247270915 ], [ -76.316200577194905, 44.204972239008136 ], [ -76.325462263340341, 44.204834652045719 ], [ -76.327827498596406, 44.200775917281568 ], [ -76.341493030135112, 44.202648893186549 ], [ -76.34331585573041, 44.199314591079222 ], [ -76.354355891820674, 44.200669241751086 ], [ -76.366090793319145, 44.199909715078711 ], [ -76.369867423343436, 44.201962382014926 ], [ -76.390368405134211, 44.199711676413202 ], [ -76.395068354025469, 44.201473691744319 ], [ -76.400152612094914, 44.201582921285414 ], [ -76.412541169087604, 44.201847849440242 ], [ -76.432263313045723, 44.202263085767321 ], [ -76.438519708324066, 44.20116462396868 ], [ -76.444516967225681, 44.205596900850153 ], [ -76.4297540546047, 44.212772963421251 ], [ -76.418102098059833, 44.214222652452236 ], [ -76.412677553448503, 44.211819510096028 ], [ -76.398516653889487, 44.216190896077194 ], [ -76.396961168268561, 44.221577958641284 ], [ -76.402262622791994, 44.225601840021156 ], [ -76.411006447418558, 44.226410894047767 ], [ -76.409442496427133, 44.229272324205361 ], [ -76.403804404861447, 44.231409937232421 ], [ -76.40211788046355, 44.232049257752308 ], [ -76.398829056903324, 44.231343216472176 ], [ -76.390268810896956, 44.221783554521117 ], [ -76.383204758333605, 44.221554787243498 ], [ -76.376047859575891, 44.225697560430177 ], [ -76.370508887856303, 44.222378675065386 ], [ -76.364694394575025, 44.227742251945521 ], [ -76.36219147609232, 44.230042612970827 ], [ -76.35250293013091, 44.22929131919264 ], [ -76.339799336640056, 44.235169619606275 ], [ -76.337152067882641, 44.231892412940269 ], [ -76.326881995864667, 44.231636789893109 ], [ -76.317581281859162, 44.223733108652439 ], [ -76.313888831109381, 44.222359589804455 ], [ -76.308120702219739, 44.224800790504233 ], [ -76.304496018373754, 44.231697874389184 ], [ -76.287618787182382, 44.232323122437769 ], [ -76.282812791693829, 44.229642067041986 ], [ -76.297225731056542, 44.219525552721905 ], [ -76.29151769465355, 44.217362422100052 ], [ -76.283240454011107, 44.220192904628391 ], [ -76.271443831413691, 44.228302399741828 ], [ -76.266485090618872, 44.229538790314649 ], [ -76.260372583278695, 44.226711911773826 ], [ -76.257848294822097, 44.232159251446724 ], [ -76.236003943566431, 44.234013230870559 ], [ -76.232669863309781, 44.230316553707084 ], [ -76.233296021900046, 44.224991882958008 ], [ -76.219326104512078, 44.228409421142025 ], [ -76.214831474963148, 44.23352126006354 ], [ -76.207534486602626, 44.232492550080217 ], [ -76.248540963970967, 44.214128654928203 ] ] ], [ [ [ -76.311926177799336, 44.168208457306463 ], [ -76.312270454617348, 44.168217136552165 ], [ -76.31506274304212, 44.170105834643721 ], [ -76.312660211524488, 44.173939617205647 ], [ -76.316742048186057, 44.178502101636177 ], [ -76.315292570082761, 44.182274764858278 ], [ -76.295615027113257, 44.191124963586283 ], [ -76.287362204630938, 44.186004129737618 ], [ -76.311926177799336, 44.168208457306463 ] ] ], [ [ [ -79.048011285606037, 43.08729389514599 ], [ -79.040189800512152, 43.076750315471877 ], [ -79.060254450613527, 43.082454463938689 ], [ -79.055905671909827, 43.095524826541904 ], [ -79.048011285606037, 43.08729389514599 ] ] ], [ [ [ -79.01167949711072, 42.997041206156268 ], [ -78.980752982259091, 42.980605658654298 ], [ -78.946003225074108, 42.961302679402309 ], [ -78.94073621887992, 42.955835398059996 ], [ -78.946177672495764, 42.955714213980819 ], [ -78.956639357697597, 42.957621224709335 ], [ -78.968266525437159, 42.967166362518597 ], [ -79.004531211743441, 42.981170851292397 ], [ -79.011428733631121, 42.987716992018633 ], [ -79.013395679076211, 42.999441260632253 ], [ -79.01167949711072, 42.997041206156268 ] ] ], [ [ [ -83.149669156915621, 42.141920323926598 ], [ -83.13775434733445, 42.174208349233886 ], [ -83.131576955919499, 42.156538737582167 ], [ -83.135411516823609, 42.113984874371312 ], [ -83.144851060284964, 42.093956004396119 ], [ -83.147336433535543, 42.091765112134425 ], [ -83.149669156915621, 42.141920323926598 ] ] ], [ [ [ -83.115515267835178, 42.234474185359176 ], [ -83.11049704942323, 42.234818415653834 ], [ -83.108707366827431, 42.232045259061877 ], [ -83.110602108765647, 42.218098683223374 ], [ -83.112632893038736, 42.210953397443049 ], [ -83.108513494159041, 42.190580082698872 ], [ -83.109261992555943, 42.185323320523594 ], [ -83.114502357159026, 42.181580475814833 ], [ -83.119649990775159, 42.171596799653997 ], [ -83.12108096906104, 42.181591268989578 ], [ -83.115901578433693, 42.191368769883852 ], [ -83.122415002159713, 42.215053042412919 ], [ -83.122419995552093, 42.215763015722366 ], [ -83.115515267835178, 42.234474185359176 ] ] ], [ [ [ -82.915764957947758, 42.366321291758091 ], [ -82.924442175842501, 42.35395222422185 ], [ -82.953877680654244, 42.351326324156439 ], [ -82.915764957947758, 42.366321291758091 ] ] ], [ [ [ -82.566789353620209, 42.610350452739311 ], [ -82.561032219156388, 42.610736113249494 ], [ -82.551502461189344, 42.607810029006501 ], [ -82.542430968512804, 42.600764318057074 ], [ -82.534717399041995, 42.600077751729707 ], [ -82.526530184575762, 42.605334215242273 ], [ -82.517847779413671, 42.604666461696581 ], [ -82.547213215823902, 42.58802298296866 ], [ -82.555599581269078, 42.579016804293445 ], [ -82.570270585690082, 42.56737429288804 ], [ -82.59037587141448, 42.546134565143511 ], [ -82.616927098657186, 42.55471790916895 ], [ -82.625266586160038, 42.555786023059511 ], [ -82.632812956401835, 42.554451245034123 ], [ -82.645279364739835, 42.548381914975103 ], [ -82.657266270939076, 42.537067913174212 ], [ -82.663675774342082, 42.532990185013645 ], [ -82.664514757658722, 42.536492008455198 ], [ -82.662607550265278, 42.538242895441257 ], [ -82.645844873309542, 42.554043086415248 ], [ -82.623206992475346, 42.559871821210479 ], [ -82.616431056433825, 42.560207246862795 ], [ -82.610648194861326, 42.556896236136289 ], [ -82.604452191745821, 42.5565526448258 ], [ -82.602109741364757, 42.561778758987465 ], [ -82.594518857814563, 42.556827359263295 ], [ -82.592573738133126, 42.55931438121408 ], [ -82.585713843063971, 42.560332693454548 ], [ -82.58234188568423, 42.565082115611581 ], [ -82.571858736014235, 42.57086124715881 ], [ -82.571796249448994, 42.572951525171909 ], [ -82.577458297273608, 42.573046898938216 ], [ -82.587613613523899, 42.56555130062177 ], [ -82.59326698004682, 42.565993801159635 ], [ -82.593663316349179, 42.568442882496484 ], [ -82.590649620915428, 42.570273769856065 ], [ -82.589345464549453, 42.572082091058732 ], [ -82.591374891094418, 42.576472837065936 ], [ -82.588330689930331, 42.583980112919775 ], [ -82.586133713877899, 42.584624767590782 ], [ -82.583753553455637, 42.590766431671547 ], [ -82.585211136681835, 42.593543399927846 ], [ -82.589566675153961, 42.593165749807298 ], [ -82.592099154559875, 42.582675251851818 ], [ -82.596807705054928, 42.580928337944776 ], [ -82.599462470942271, 42.575934824213668 ], [ -82.604498847803697, 42.573738003960386 ], [ -82.601202396460749, 42.570239696871731 ], [ -82.607550019240961, 42.566005442901819 ], [ -82.611265545684617, 42.566299107016675 ], [ -82.613967443391729, 42.569099220713149 ], [ -82.614699625498503, 42.57506935916809 ], [ -82.617453058956201, 42.576528177245336 ], [ -82.566789353620209, 42.610350452739311 ] ] ], [ [ [ -82.54532221003349, 42.624681572811227 ], [ -82.488347110203804, 42.739510678754129 ], [ -82.474688930833977, 42.792877382387935 ], [ -82.466108106412406, 42.765415250167166 ], [ -82.497264107551473, 42.693613008285247 ], [ -82.509875367483801, 42.626036420322492 ], [ -82.52413507576118, 42.609122287935278 ], [ -82.538486850951188, 42.607104365907873 ], [ -82.560100235142116, 42.614816000738159 ], [ -82.54532221003349, 42.624681572811227 ] ] ], [ [ [ -82.419534524259632, 43.008382596520207 ], [ -82.419828243994473, 43.000322789887555 ], [ -82.420285640754713, 42.987766650545019 ], [ -82.420729893383552, 42.975565609396256 ], [ -82.413605393204378, 42.965114280116431 ], [ -82.435835668468599, 42.944689017139233 ], [ -82.419534524259632, 43.008382596520207 ] ] ], [ [ [ -83.474003118395089, 45.988152294650945 ], [ -83.472674890541711, 45.987495218599847 ], [ -83.466624111297733, 45.978049691895585 ], [ -83.474750603495536, 45.966231513706418 ], [ -83.482413721347285, 45.961960347266327 ], [ -83.486049248293412, 45.95993354085217 ], [ -83.492039006569172, 45.939852993486333 ], [ -83.501551572015899, 45.932664477662499 ], [ -83.503704525354948, 45.931037090998608 ], [ -83.502193790985075, 45.924616626577063 ], [ -83.510564660876867, 45.916228251570054 ], [ -83.526749211329914, 45.91134484519889 ], [ -83.526994050446973, 45.911807744809082 ], [ -83.474003118395089, 45.988152294650945 ] ] ], [ [ [ -83.913043209473528, 46.072894594975139 ], [ -83.942179367817616, 46.078303547499893 ], [ -83.936222706654149, 46.085713727779947 ], [ -83.954175693508404, 46.098178624361744 ], [ -83.961447022886517, 46.09616060706265 ], [ -83.971181426004804, 46.108343727448734 ], [ -83.962896419853024, 46.112872210222307 ], [ -83.965177353477316, 46.115176035219264 ], [ -83.98722610570475, 46.116670195249334 ], [ -83.988767976770362, 46.125832810879878 ], [ -83.968968239290149, 46.128469381965139 ], [ -83.985317971967959, 46.139313731075362 ], [ -83.989460243067796, 46.151921103278241 ], [ -84.054082542103714, 46.182012371828975 ], [ -84.061463927973108, 46.190335022383024 ], [ -84.067864678421287, 46.198933098555663 ], [ -84.075132239383962, 46.220788936654898 ], [ -84.088714255447741, 46.227512489141787 ], [ -84.093191594013547, 46.241866384532571 ], [ -84.090331289238875, 46.253583118299744 ], [ -84.100083448285673, 46.263960973498001 ], [ -84.102490444549758, 46.271677560500059 ], [ -84.102988305330825, 46.311989105289349 ], [ -84.088756717410732, 46.313523446375136 ], [ -84.074054655658273, 46.296294692277662 ], [ -84.044414883708555, 46.286761492800871 ], [ -84.033840180932884, 46.28716453601065 ], [ -84.010259270026168, 46.298476580928039 ], [ -83.999028776787398, 46.297727848771189 ], [ -83.981038212555831, 46.3078901915502 ], [ -83.960666842689847, 46.300714258598582 ], [ -83.943338818425559, 46.284825712144951 ], [ -83.937739031240199, 46.283646619792549 ], [ -83.91847466317185, 46.291768465262827 ], [ -83.890420655776495, 46.264591640246124 ], [ -83.870765509911038, 46.252338189618939 ], [ -83.83529547130999, 46.262169242132636 ], [ -83.827780138510803, 46.256855800914984 ], [ -83.825590303134049, 46.248142830498168 ], [ -83.831632397411298, 46.240864900016035 ], [ -83.808736025671735, 46.226748735869371 ], [ -83.801303700407388, 46.215713709620999 ], [ -83.800659500356474, 46.215986613711493 ], [ -83.777391421164921, 46.225838674727342 ], [ -83.766984555077471, 46.21546762204553 ], [ -83.769097432904559, 46.206785476667648 ], [ -83.796618731927737, 46.19783578067058 ], [ -83.778757957436369, 46.178943022539933 ], [ -83.783785705903483, 46.173259062566117 ], [ -83.788729009124182, 46.173522194563979 ], [ -83.790842692190012, 46.164615124109567 ], [ -83.806355354249007, 46.163352282131378 ], [ -83.806569705093068, 46.148940213358884 ], [ -83.801061265428714, 46.142493684043558 ], [ -83.805318053454627, 46.140799808484672 ], [ -83.820936052379309, 46.149283429712973 ], [ -83.80486087988271, 46.130393387786782 ], [ -83.806882284355396, 46.127433020071919 ], [ -83.83050465059236, 46.134234465347681 ], [ -83.856925123439311, 46.154317665093309 ], [ -83.869444968744574, 46.154400404965379 ], [ -83.870209546343006, 46.147084755606052 ], [ -83.883392672713796, 46.146709814152217 ], [ -83.86879865185621, 46.129453447593143 ], [ -83.881479582376983, 46.11718131120535 ], [ -83.885339884003812, 46.099355653755353 ], [ -83.882089629622129, 46.096361498836558 ], [ -83.869234430719345, 46.097193254420958 ], [ -83.865694432285338, 46.090991194779697 ], [ -83.867731063886211, 46.086428372480093 ], [ -83.880174652129526, 46.091314953118285 ], [ -83.881570567845941, 46.080493349200495 ], [ -83.913043209473528, 46.072894594975139 ] ] ], [ [ [ -84.111252220021754, 46.327264754267183 ], [ -84.108518413303386, 46.321392136508081 ], [ -84.110330565293836, 46.3170197334357 ], [ -84.111252220021754, 46.327264754267183 ] ] ], [ [ [ -84.124736540821473, 46.521464070349488 ], [ -84.112698784403705, 46.511506307326052 ], [ -84.113688144830263, 46.511021996982301 ], [ -84.123455168557911, 46.506239163346834 ], [ -84.124736540821473, 46.521464070349488 ] ] ], [ [ [ -79.636197343199811, 51.049031259409048 ], [ -79.714452961419397, 51.117607922181293 ], [ -79.731404866362936, 51.150500989842328 ], [ -79.737458333390734, 51.186283461910421 ], [ -79.723242024254674, 51.251652116747806 ], [ -79.688821856926026, 51.346584981697333 ], [ -79.642986894240053, 51.413502708859397 ], [ -79.585726149868236, 51.452471216205311 ], [ -79.547438794892059, 51.49385671583093 ], [ -79.528003979697559, 51.537681180393321 ], [ -79.521346264599828, 51.544712430661548 ], [ -79.520357495030865, 51.22588917631191 ], [ -79.52046735831631, 50.965985601944226 ], [ -79.636197343199811, 51.049031259409048 ] ] ], [ [ [ -89.154618225242942, 48.166287754456143 ], [ -89.16255762578399, 48.16466163265514 ], [ -89.172107213068358, 48.158735755888102 ], [ -89.183927699107301, 48.154918592223432 ], [ -89.189738290443586, 48.150118376129633 ], [ -89.193584417811351, 48.146940292614836 ], [ -89.206862177943094, 48.141330231699015 ], [ -89.206917186960283, 48.141347675499325 ], [ -89.207688389995283, 48.141592224833325 ], [ -89.211551031412981, 48.142816940272915 ], [ -89.204160493374019, 48.146972441411144 ], [ -89.200505342005741, 48.150460449286065 ], [ -89.197662502894786, 48.153172830635732 ], [ -89.196227181192967, 48.154542134114195 ], [ -89.176688464167739, 48.162274723425078 ], [ -89.150692787302489, 48.175103771575046 ], [ -89.149598619929435, 48.17431291916499 ], [ -89.147089540900438, 48.172499233261462 ], [ -89.154618225242942, 48.166287754456143 ] ] ], [ [ [ -89.267721929319706, 48.148402102277309 ], [ -89.267192726259069, 48.14806322133586 ], [ -89.269374938030793, 48.145606507723848 ], [ -89.289931478596259, 48.137654828469309 ], [ -89.295712190524284, 48.138020290646701 ], [ -89.296109959975453, 48.138684221045466 ], [ -89.296962169011351, 48.140106602264893 ], [ -89.270158688367417, 48.149962410211543 ], [ -89.267721929319706, 48.148402102277309 ] ] ], [ [ [ -89.162505964581527, 48.247672283214264 ], [ -89.125684840761537, 48.26410630481066 ], [ -89.124238934747737, 48.264751114143976 ], [ -89.103203790061187, 48.26169866033193 ], [ -89.099391301951087, 48.262775770740518 ], [ -89.075035566920974, 48.269652012539147 ], [ -89.057978871451184, 48.262748234178105 ], [ -89.056444346953569, 48.262126877294548 ], [ -89.056322533982041, 48.262077551357763 ], [ -89.047920583574097, 48.248146495279414 ], [ -89.036468425120759, 48.245326587715965 ], [ -89.03703744468001, 48.240544689762331 ], [ -89.037173748027627, 48.239399073494198 ], [ -89.063174645539547, 48.222245750867756 ], [ -89.121491749984287, 48.204067078364602 ], [ -89.124799544825137, 48.203034470128316 ], [ -89.125157584382549, 48.203220045251435 ], [ -89.129440696052129, 48.20543979828836 ], [ -89.122446630294121, 48.213950802729173 ], [ -89.126283974389281, 48.2183927396878 ], [ -89.13901802253416, 48.216889273920408 ], [ -89.148395756392858, 48.220099996754229 ], [ -89.168450124267636, 48.210084484726892 ], [ -89.170825158329521, 48.212605071088717 ], [ -89.176173652168714, 48.218280124990315 ], [ -89.175883036763537, 48.235196503206964 ], [ -89.162505964581527, 48.247672283214264 ] ] ], [ [ [ -89.241513449507977, 48.223060852063355 ], [ -89.234593029208213, 48.224497626531139 ], [ -89.228186383447962, 48.222971882696982 ], [ -89.224636760559733, 48.217212193881942 ], [ -89.223182436412969, 48.214851924718509 ], [ -89.225193666368511, 48.209715003085556 ], [ -89.22557595549921, 48.208738460074976 ], [ -89.231605494274206, 48.204768498146883 ], [ -89.250920915701656, 48.201349000263491 ], [ -89.251395630214006, 48.204982549873904 ], [ -89.252119193693289, 48.210519733507986 ], [ -89.244820204820556, 48.219151523674675 ], [ -89.241513449507977, 48.223060852063355 ] ] ], [ [ [ -88.591156041882556, 48.417806292328471 ], [ -88.592778839846815, 48.414249886623644 ], [ -88.596555667680988, 48.405970632740001 ], [ -88.604424848567518, 48.396382127340324 ], [ -88.605814543629251, 48.395782953560861 ], [ -88.611849493488137, 48.393180539580001 ], [ -88.611859670240264, 48.383123586250612 ], [ -88.613455245916583, 48.380529793117262 ], [ -88.615722353656395, 48.376843798769926 ], [ -88.644823311182492, 48.355904488403553 ], [ -88.649252883906726, 48.352714786836778 ], [ -88.656721755861057, 48.353852514092132 ], [ -88.661793553501766, 48.356688850335352 ], [ -88.662336454161476, 48.356992423727128 ], [ -88.650005880097524, 48.361880403530272 ], [ -88.644533287517419, 48.371769160317527 ], [ -88.646570080845464, 48.372059647268529 ], [ -88.659008334084405, 48.365576980057135 ], [ -88.662547776299974, 48.369109665327365 ], [ -88.660888065984309, 48.370591023207254 ], [ -88.654241880751812, 48.37652177280885 ], [ -88.641729376760409, 48.387681964246077 ], [ -88.641950060355938, 48.389517851566758 ], [ -88.656187153864039, 48.386973312595124 ], [ -88.658819882671068, 48.388651327212941 ], [ -88.659169440749636, 48.393691422752184 ], [ -88.654066904194622, 48.398581518987072 ], [ -88.652926954027734, 48.399673829705215 ], [ -88.646677209595211, 48.402245639283379 ], [ -88.645158892042105, 48.402871338288286 ], [ -88.627006384759525, 48.40735102203422 ], [ -88.620562975639999, 48.406868443916196 ], [ -88.616767075194915, 48.406583942273748 ], [ -88.6047561634782, 48.41147929006231 ], [ -88.59207339199348, 48.421148001360734 ], [ -88.590898448611441, 48.418370763210461 ], [ -88.591156041882556, 48.417806292328471 ] ] ], [ [ [ -88.07159199602485, 48.713133438977088 ], [ -88.073387505744179, 48.715472836160053 ], [ -88.086926866725122, 48.733104689756978 ], [ -88.077305656901743, 48.77118280569244 ], [ -88.087536547542555, 48.803321968058555 ], [ -88.060336481330907, 48.822952875506694 ], [ -88.047869712568357, 48.82297201934427 ], [ -88.026422353416052, 48.831131713367583 ], [ -87.990577300962627, 48.854325545349973 ], [ -87.928601249189072, 48.857812125711739 ], [ -87.914105032229216, 48.852940767644576 ], [ -87.831962622681615, 48.851425347525499 ], [ -87.826562391548961, 48.851323265446069 ], [ -87.768920704724266, 48.836583135216436 ], [ -87.760757040666533, 48.838791730263132 ], [ -87.75511172402264, 48.828057166292481 ], [ -87.766807983136871, 48.817062903185423 ], [ -87.7545935064406, 48.782291194040575 ], [ -87.764718416693924, 48.773296163397013 ], [ -87.76866695591184, 48.772818101471145 ], [ -87.777657553880871, 48.771728939384268 ], [ -87.7910783571416, 48.776577331471245 ], [ -87.806863550769151, 48.790206718749197 ], [ -87.79866218680769, 48.768859839809288 ], [ -87.803072402601757, 48.765823480684716 ], [ -87.794016197827872, 48.754505308460899 ], [ -87.805181806649401, 48.746765795505539 ], [ -87.808725947599456, 48.744308332408124 ], [ -87.819469103681996, 48.744022232986516 ], [ -87.819575865024547, 48.738764945114738 ], [ -87.837476462317852, 48.742862437081229 ], [ -87.849422457490363, 48.745594643197521 ], [ -87.861080667289443, 48.754943639804537 ], [ -87.913892421705611, 48.760314890408985 ], [ -87.911764366914639, 48.752689897675118 ], [ -87.918293539229296, 48.75342799875952 ], [ -87.932662012927395, 48.75505066290949 ], [ -87.954445119288778, 48.74669290146668 ], [ -87.976960007744438, 48.750477001917545 ], [ -87.982598937658807, 48.736499901485487 ], [ -87.996370311716561, 48.737224339518271 ], [ -88.018359905814648, 48.717655172914966 ], [ -88.008655483900839, 48.69261408838377 ], [ -88.015866191828067, 48.684641589308683 ], [ -88.026928822641864, 48.68869258429109 ], [ -88.048955683150822, 48.685355013983383 ], [ -88.061344834133777, 48.691962178128307 ], [ -88.069158981988409, 48.69612767947477 ], [ -88.070223751331213, 48.703581064672846 ], [ -88.070413133394112, 48.704906482145013 ], [ -88.07159199602485, 48.713133438977088 ] ] ], [ [ [ -87.757966538252788, 48.755431391823102 ], [ -87.746773714680842, 48.758444844817248 ], [ -87.728920390399239, 48.763247991197012 ], [ -87.725944831093699, 48.769538146706111 ], [ -87.717002931359218, 48.772853379652027 ], [ -87.728248963449616, 48.778773957074947 ], [ -87.746330402490386, 48.801647607327872 ], [ -87.749427379240728, 48.829670372383269 ], [ -87.745620139287496, 48.833641220236359 ], [ -87.707747293259018, 48.842719716154996 ], [ -87.68935994092972, 48.839038513647132 ], [ -87.675809988165284, 48.825587121220629 ], [ -87.666113704772414, 48.815955320290996 ], [ -87.655212036148299, 48.79060164388153 ], [ -87.634071660074568, 48.783143588538529 ], [ -87.616503833619873, 48.763011730043239 ], [ -87.605438351906827, 48.755436882746082 ], [ -87.60435519315871, 48.754695205628131 ], [ -87.59630354215912, 48.749180817264531 ], [ -87.610234696366646, 48.748124918730817 ], [ -87.62966472841471, 48.755065244248236 ], [ -87.621060566857338, 48.746950578351701 ], [ -87.624729879619238, 48.744577643601616 ], [ -87.637745077135705, 48.746001698589659 ], [ -87.650539052747902, 48.742152815106834 ], [ -87.650456259844546, 48.739176448137812 ], [ -87.664500383908319, 48.740639352841647 ], [ -87.693263455689362, 48.736031231093136 ], [ -87.701838540114082, 48.736821045544168 ], [ -87.704726919029213, 48.738813895205332 ], [ -87.724663762555892, 48.752562298152625 ], [ -87.730798608419562, 48.745707014838636 ], [ -87.757966538252788, 48.755431391823102 ] ] ], [ [ [ -87.520073598811379, 48.779857615108561 ], [ -87.523861458960255, 48.783175688495703 ], [ -87.524630385287551, 48.783849172277129 ], [ -87.524438444654137, 48.789057725041893 ], [ -87.530647792206338, 48.793700531534846 ], [ -87.529487956877418, 48.795024506090208 ], [ -87.519012862494662, 48.795978253435052 ], [ -87.510758548044265, 48.795420176149769 ], [ -87.509568916690867, 48.793310945850912 ], [ -87.504434454650109, 48.792647054590859 ], [ -87.49840008257668, 48.794237738062449 ], [ -87.492957285068485, 48.793776300538333 ], [ -87.488099818800833, 48.793364219378937 ], [ -87.471948612237853, 48.79029671737166 ], [ -87.46666107558994, 48.78929349743094 ], [ -87.454005353529155, 48.783974588239253 ], [ -87.447834005353698, 48.775943751454072 ], [ -87.447156074034879, 48.772029370798329 ], [ -87.44852242803762, 48.770653028955088 ], [ -87.449608720452645, 48.769558723478653 ], [ -87.45326835077411, 48.765871623671359 ], [ -87.455566169307673, 48.75978611064766 ], [ -87.46054135615114, 48.758386204347659 ], [ -87.46174683543677, 48.756604014220592 ], [ -87.458924126877875, 48.753514396230841 ], [ -87.463937814604108, 48.751660270807925 ], [ -87.468034040006089, 48.755944016970929 ], [ -87.470772652384625, 48.756283701791645 ], [ -87.473505048041176, 48.752964368094581 ], [ -87.478716333772098, 48.75271612625005 ], [ -87.498025769039998, 48.757157251559974 ], [ -87.489891287986538, 48.762777624350953 ], [ -87.493279608426462, 48.763600738504628 ], [ -87.502496427544699, 48.761224004337564 ], [ -87.509033278316082, 48.765379317534851 ], [ -87.509581365073188, 48.770663374814745 ], [ -87.520073598811379, 48.779857615108561 ] ] ], [ [ [ -82.623841373686005, 46.139659327323045 ], [ -82.620759202192019, 46.143043068326243 ], [ -82.615160401556409, 46.144867552494141 ], [ -82.612083377009, 46.145870059626823 ], [ -82.593268820264001, 46.146690121005939 ], [ -82.584594469036873, 46.149513015932534 ], [ -82.563201542285299, 46.148452633783187 ], [ -82.553549106239871, 46.141871870067362 ], [ -82.546011154486138, 46.140823103391561 ], [ -82.540162261358276, 46.134696262035298 ], [ -82.539343585252539, 46.133838529679792 ], [ -82.53485768173114, 46.130325241883988 ], [ -82.540746965512312, 46.122417037219535 ], [ -82.545378503575421, 46.122043155957584 ], [ -82.550200944582159, 46.12533540123227 ], [ -82.556746558086402, 46.126594130926293 ], [ -82.560866041927895, 46.131015468200502 ], [ -82.572821651048372, 46.128478355826218 ], [ -82.584715995984823, 46.127772839378316 ], [ -82.598450108896643, 46.130755978097987 ], [ -82.610290707700159, 46.131419661629614 ], [ -82.613762092764802, 46.126441398788209 ], [ -82.617736940530534, 46.125823366694817 ], [ -82.641259830526664, 46.131717449281503 ], [ -82.635918442654145, 46.133689433733991 ], [ -82.616226815584156, 46.131290093854069 ], [ -82.6167835317395, 46.134277148410689 ], [ -82.623841373686005, 46.139659327323045 ] ] ], [ [ [ -82.426837348292622, 46.068373558527938 ], [ -82.425417424112368, 46.071093591995272 ], [ -82.408979398329734, 46.080244560005106 ], [ -82.407915428964841, 46.08083664714988 ], [ -82.397569401951415, 46.084303722573473 ], [ -82.389650452088901, 46.084838375023971 ], [ -82.386437306781417, 46.082717198116889 ], [ -82.384627817255222, 46.075385961479149 ], [ -82.38359964959055, 46.071219297595967 ], [ -82.38573606620001, 46.067137577653291 ], [ -82.399919192170188, 46.058020405075766 ], [ -82.404871757901574, 46.057658263721372 ], [ -82.411982984607278, 46.060999811211957 ], [ -82.420519967682679, 46.061617868710016 ], [ -82.423082839749441, 46.063269810469606 ], [ -82.426837348292622, 46.068373558527938 ] ] ], [ [ [ -82.337860170422829, 46.054080042948378 ], [ -82.341659962689334, 46.057818532706278 ], [ -82.342081760386918, 46.070068111839277 ], [ -82.342117490645137, 46.071105474273139 ], [ -82.336723316197194, 46.074202962864184 ], [ -82.330269173639223, 46.070872465324683 ], [ -82.323677140141982, 46.071200649559273 ], [ -82.323679585258262, 46.070935825287762 ], [ -82.323776441582439, 46.06044301996338 ], [ -82.32596600261887, 46.055220833790656 ], [ -82.340026667226454, 46.041072094482573 ], [ -82.349663282472832, 46.038741186846941 ], [ -82.353920585921003, 46.039283038537576 ], [ -82.356133341287801, 46.041617500991251 ], [ -82.346199997406316, 46.051265045206378 ], [ -82.341263667510077, 46.05139848749014 ], [ -82.337860170422829, 46.054080042948378 ] ] ], [ [ [ -86.653226092350337, 48.706440197405847 ], [ -86.646931532851369, 48.703552946128909 ], [ -86.637111940496851, 48.711091048949797 ], [ -86.642559578331884, 48.71501557257109 ], [ -86.643269329563779, 48.718025953226345 ], [ -86.6371804501387, 48.723000380243498 ], [ -86.632026638455983, 48.719711552115996 ], [ -86.629421593378581, 48.718048896735809 ], [ -86.615314305505748, 48.717366088884766 ], [ -86.604564399607028, 48.711349819897528 ], [ -86.60134758508255, 48.707796116711613 ], [ -86.598712150979495, 48.704884189444492 ], [ -86.597266820374756, 48.702090530750112 ], [ -86.591303478445653, 48.690560232401808 ], [ -86.592326418332576, 48.687633950812881 ], [ -86.596896339099104, 48.686939147075812 ], [ -86.61051563033898, 48.691951724402372 ], [ -86.615665252631757, 48.69540435856252 ], [ -86.61781701283293, 48.701004560123103 ], [ -86.620151933111131, 48.701801847644525 ], [ -86.63991232936182, 48.688794101037345 ], [ -86.645337211234704, 48.689739883766336 ], [ -86.658101988669074, 48.696304799869637 ], [ -86.658208607773247, 48.704781077522682 ], [ -86.663907509995511, 48.709633774824155 ], [ -86.663014811820915, 48.711422805822338 ], [ -86.659871726165761, 48.711727404470551 ], [ -86.654909138118057, 48.707497277803888 ], [ -86.654179643672506, 48.70687536608888 ], [ -86.653226092350337, 48.706440197405847 ] ] ], [ [ [ -87.438175230241114, 48.775551063304079 ], [ -87.433177180603636, 48.777176363087776 ], [ -87.402833302527071, 48.779596172283696 ], [ -87.387749574242349, 48.774400254648121 ], [ -87.374368533891825, 48.765838571140314 ], [ -87.36685326489426, 48.764839035112509 ], [ -87.355844446159281, 48.756831643846247 ], [ -87.35654188663618, 48.754504450818501 ], [ -87.356859724394511, 48.753443822761895 ], [ -87.362477703010541, 48.753172399454023 ], [ -87.364512012925047, 48.753074032943317 ], [ -87.376636541051781, 48.754795440643456 ], [ -87.384990795375984, 48.755980591060464 ], [ -87.394238906143542, 48.753384910886005 ], [ -87.399015265910336, 48.754041864426107 ], [ -87.402203380013063, 48.760576565372659 ], [ -87.421125532142227, 48.761812430606021 ], [ -87.427655725978696, 48.764364709655545 ], [ -87.437482311585512, 48.768202581073595 ], [ -87.438646637736952, 48.769073591247242 ], [ -87.439295170234757, 48.769558725946176 ], [ -87.440068046929881, 48.77013685681186 ], [ -87.438457788524289, 48.771320238657687 ], [ -87.435703834691395, 48.772918195219255 ], [ -87.438175230241114, 48.775551063304079 ] ] ], [ [ [ -87.038532097435805, 48.688499983732171 ], [ -87.02962771264886, 48.691074906166364 ], [ -87.01169065048262, 48.690731528479304 ], [ -87.009043294494276, 48.692902414485133 ], [ -87.004961104339031, 48.69226112228997 ], [ -86.997477018282567, 48.684371835600381 ], [ -86.989710076716662, 48.680489177788658 ], [ -86.988931952357049, 48.680099068198082 ], [ -86.992509603887513, 48.678886729495183 ], [ -87.021815861181992, 48.67951584805968 ], [ -87.03114683007442, 48.682906841897776 ], [ -87.034336042515235, 48.682132813420097 ], [ -87.036617508178296, 48.67674284977177 ], [ -87.068673665953284, 48.666301816434981 ], [ -87.068769095689674, 48.66627071023791 ], [ -87.07601685880195, 48.66636264124476 ], [ -87.079847007648283, 48.669506644704519 ], [ -87.068676635917143, 48.680911946609676 ], [ -87.06766682740286, 48.681169491713305 ], [ -87.058743134938837, 48.683444833581497 ], [ -87.041561012417759, 48.682453155094002 ], [ -87.038532097435805, 48.688499983732171 ] ] ], [ [ [ -87.022762786146743, 48.660105949822636 ], [ -87.01461319670004, 48.665462422234448 ], [ -87.009944445880734, 48.660445976904676 ], [ -86.994112803856339, 48.666602815429336 ], [ -86.992533222727872, 48.668590565479569 ], [ -86.998255661269212, 48.673423743552817 ], [ -86.994555260351248, 48.675773892286095 ], [ -86.978029505939986, 48.671828641506863 ], [ -86.969736299592114, 48.668479284442839 ], [ -86.964434093771743, 48.662974739229895 ], [ -86.959590232010186, 48.64971064827531 ], [ -86.960887707757564, 48.643820551564019 ], [ -86.958955088951612, 48.637526524373961 ], [ -86.958820248635718, 48.637087316424328 ], [ -86.965549995155385, 48.634997125858725 ], [ -86.971661056551426, 48.633093091064374 ], [ -86.972935828065445, 48.627428552570976 ], [ -86.976239332706456, 48.625517233180759 ], [ -86.993196264709141, 48.620915966235316 ], [ -86.996480450435257, 48.620024347812489 ], [ -86.998530849224835, 48.620425131735296 ], [ -87.002568479437926, 48.621214204382518 ], [ -87.002560414115266, 48.624644008239791 ], [ -86.989467940545666, 48.631151847449281 ], [ -86.991024512134345, 48.632822991727572 ], [ -86.998516654738395, 48.630411555903649 ], [ -87.011899320573761, 48.631243135505599 ], [ -87.025861329370315, 48.62637622268123 ], [ -87.032293627131793, 48.627577857555018 ], [ -87.036435712909068, 48.630965153888425 ], [ -87.036725560468639, 48.638300643241138 ], [ -87.039449711519893, 48.638651979479882 ], [ -87.043951444561145, 48.631758407305597 ], [ -87.049154570515014, 48.631533096023617 ], [ -87.056364749438615, 48.63528758951248 ], [ -87.06067475122039, 48.640509764595208 ], [ -87.062061753136135, 48.648478385308728 ], [ -87.062200568470146, 48.649275755777275 ], [ -87.061055586507393, 48.651969887454968 ], [ -87.060384623099893, 48.653541348633858 ], [ -87.05769228728326, 48.655787592726625 ], [ -87.05699663800327, 48.656367931546818 ], [ -87.040531962619937, 48.658611354706672 ], [ -87.030895105338644, 48.665046906468532 ], [ -87.025715117765088, 48.665042291718336 ], [ -87.025257251164788, 48.662734892041584 ], [ -87.036114536720405, 48.654521730327282 ], [ -87.033344629171808, 48.651195168064874 ], [ -87.028271136088676, 48.653487411177089 ], [ -87.022762786146743, 48.660105949822636 ] ] ], [ [ [ -88.095358534851698, 48.693972579652964 ], [ -88.093252978867667, 48.697200092413013 ], [ -88.088683264800238, 48.698184540815674 ], [ -88.083961254970916, 48.696050856103227 ], [ -88.071684295835439, 48.690501378095185 ], [ -88.067905045810463, 48.687605310679132 ], [ -88.063550968177694, 48.684268109158211 ], [ -88.062208880289234, 48.679419752864135 ], [ -88.064405921281335, 48.673551597802771 ], [ -88.077964264845505, 48.668085478000947 ], [ -88.071356746504875, 48.664423578856173 ], [ -88.073005273525226, 48.661050807536277 ], [ -88.078353447507808, 48.658953162624066 ], [ -88.082458223900019, 48.663668015393618 ], [ -88.084617276829647, 48.662599984538453 ], [ -88.087860609945793, 48.656542325843212 ], [ -88.095528699528003, 48.651318938507494 ], [ -88.100740295075752, 48.642128911200984 ], [ -88.120112488390831, 48.632741191572656 ], [ -88.123843773884275, 48.633556936357664 ], [ -88.127817591642042, 48.648786701120791 ], [ -88.123980045882433, 48.653680439411147 ], [ -88.101570588721415, 48.670737163788665 ], [ -88.094520576814915, 48.672548463634975 ], [ -88.092292696431457, 48.674529078131499 ], [ -88.098777423764787, 48.680239624472861 ], [ -88.102294571055282, 48.683337092420842 ], [ -88.097117540098509, 48.691275894128133 ], [ -88.095358534851698, 48.693972579652964 ] ] ], [ [ [ -88.301563759583644, 48.526228647362316 ], [ -88.306315097566383, 48.523372561331826 ], [ -88.309030852175255, 48.528492371653918 ], [ -88.303656824152441, 48.554143733375 ], [ -88.300071256939688, 48.55608197344786 ], [ -88.295691727284506, 48.554795519477956 ], [ -88.291572457127913, 48.550084612668243 ], [ -88.287719207397416, 48.550874060804695 ], [ -88.286525251163241, 48.544304179576649 ], [ -88.286506627672466, 48.544201689391691 ], [ -88.287088085389641, 48.542269783147148 ], [ -88.288346039558732, 48.538089627480879 ], [ -88.295862236777083, 48.529655120676047 ], [ -88.297552649317751, 48.528639313438894 ], [ -88.301563759583644, 48.526228647362316 ] ] ], [ [ [ -85.845463777801086, 47.784221232080242 ], [ -85.781979697344624, 47.78277315902524 ], [ -85.776588073189799, 47.783612450931606 ], [ -85.733604779597925, 47.790291396894034 ], [ -85.691760811797778, 47.766896507676989 ], [ -85.62212221317138, 47.760848265716227 ], [ -85.596332520273165, 47.747955399701198 ], [ -85.58928397277981, 47.744429205858637 ], [ -85.590801851823414, 47.734366264359394 ], [ -85.604223275987891, 47.726268202053973 ], [ -85.620048255384091, 47.719973528481908 ], [ -85.634216663151463, 47.718613961812721 ], [ -85.658952508531158, 47.716235074926132 ], [ -85.681431644617319, 47.704165399919574 ], [ -85.69627849084219, 47.700842870213989 ], [ -85.745377972497906, 47.699267187823907 ], [ -85.749884526344758, 47.700408101670519 ], [ -85.759333299035134, 47.702799347124646 ], [ -85.789486608022855, 47.702520636325595 ], [ -85.78759457659902, 47.709619498258306 ], [ -85.803793269645325, 47.706041450511826 ], [ -85.814423136577659, 47.696115763405722 ], [ -85.833399022596083, 47.696161185676267 ], [ -85.837633327720184, 47.698239997753994 ], [ -85.84846104819232, 47.703554115449002 ], [ -85.889815904377741, 47.704281770794161 ], [ -85.913287506510216, 47.707501730072579 ], [ -85.942510559572909, 47.711501917090999 ], [ -85.946226413842851, 47.718642015560391 ], [ -85.948897469849058, 47.723773076264223 ], [ -85.940809350479228, 47.740305681972181 ], [ -85.927959400582168, 47.741813046930204 ], [ -85.898614841599269, 47.763587358368014 ], [ -85.871978009320244, 47.770938329893923 ], [ -85.856611525612607, 47.781600136018405 ], [ -85.845463777801086, 47.784221232080242 ] ] ], [ [ [ -84.918591809101812, 47.450446499724343 ], [ -84.922598132881774, 47.445920024207553 ], [ -84.934034345411831, 47.440636917778541 ], [ -84.938085336688445, 47.441545131534319 ], [ -84.939473732847802, 47.448167113805127 ], [ -84.939513086325888, 47.456162509713039 ], [ -84.936513203903402, 47.463253839699675 ], [ -84.927591424673523, 47.47024245902071 ], [ -84.927441469241316, 47.470359897349653 ], [ -84.912587809829688, 47.467419044190905 ], [ -84.911213796894799, 47.462852637278544 ], [ -84.912869870240499, 47.456909532697587 ], [ -84.918591809101812, 47.450446499724343 ] ] ], [ [ [ -84.735540651611714, 47.297418338349402 ], [ -84.745970210057706, 47.299696230615496 ], [ -84.750349931329225, 47.304262168245607 ], [ -84.754080322756039, 47.31820089342169 ], [ -84.753074300093132, 47.322316548782041 ], [ -84.751868696860342, 47.323137173702278 ], [ -84.748373366227497, 47.325516113430943 ], [ -84.743093718348035, 47.325472124130229 ], [ -84.723470190114057, 47.325306011552449 ], [ -84.715727180280624, 47.322796377068883 ], [ -84.713368927839042, 47.31937044944047 ], [ -84.719739597434952, 47.304512961930705 ], [ -84.725118583184496, 47.300393129478103 ], [ -84.735540651611714, 47.297418338349402 ] ] ], [ [ [ -85.807477286434178, 47.347480010834069 ], [ -85.815642274112122, 47.351515850013037 ], [ -85.818433920189321, 47.356063008576058 ], [ -85.804432618189097, 47.379050712830555 ], [ -85.800396919832792, 47.379546401605637 ], [ -85.795933369330726, 47.375476230436284 ], [ -85.789645789966229, 47.364562391868759 ], [ -85.785709308237372, 47.352942660452129 ], [ -85.787922936729856, 47.345839464957542 ], [ -85.793217779031977, 47.341674008247971 ], [ -85.799604260651989, 47.340929921407202 ], [ -85.804005798509209, 47.342486276381869 ], [ -85.807477286434178, 47.347480010834069 ] ] ], [ [ [ -89.36159657354554, 48.078852183574043 ], [ -89.327674700840504, 48.089008820810029 ], [ -89.321543589004818, 48.088864699473739 ], [ -89.321336147410904, 48.088327754245718 ], [ -89.320652117556435, 48.086557107053778 ], [ -89.324283485025916, 48.08230740570778 ], [ -89.328489777159746, 48.082333138945557 ], [ -89.337225205480223, 48.082385985991834 ], [ -89.341124180580948, 48.079509751891706 ], [ -89.338234887988563, 48.076244965456354 ], [ -89.356650439402969, 48.069374070903379 ], [ -89.357372576218395, 48.075099247019345 ], [ -89.36159657354554, 48.078852183574043 ] ] ], [ [ [ -89.248017687821772, 48.118596062517341 ], [ -89.248674219298721, 48.116760979147443 ], [ -89.248826967155011, 48.116334009058143 ], [ -89.274525376407027, 48.101431731693047 ], [ -89.284485426197264, 48.10007631441372 ], [ -89.286101504423456, 48.101712466814085 ], [ -89.285717069587534, 48.102220616652467 ], [ -89.283896469501613, 48.104626937523825 ], [ -89.265871319608621, 48.116293606993679 ], [ -89.248017687821772, 48.118596062517341 ] ] ], [ [ [ -84.515905338297046, 46.861184949944359 ], [ -84.519911105807921, 46.859132943634854 ], [ -84.525587345908534, 46.859365901899878 ], [ -84.537594278057185, 46.863035812498111 ], [ -84.541593569152752, 46.866926994066937 ], [ -84.54490309197098, 46.882022201399074 ], [ -84.532177597300702, 46.901447198584918 ], [ -84.516790285580214, 46.911949397683728 ], [ -84.509450581872628, 46.910339768128644 ], [ -84.502775057901928, 46.906215948051859 ], [ -84.493123275888792, 46.893855169819084 ], [ -84.480793940409711, 46.884463493934859 ], [ -84.471784142191723, 46.883765501616566 ], [ -84.459378250610044, 46.886126808259093 ], [ -84.456738182734924, 46.89105908826123 ], [ -84.446377083095172, 46.892871357141374 ], [ -84.439060769016834, 46.884856943481886 ], [ -84.43606237965291, 46.883708335314843 ], [ -84.424030914918546, 46.885974757202824 ], [ -84.422039449406867, 46.883452779827785 ], [ -84.430768311078197, 46.871577565465302 ], [ -84.432766516905488, 46.871127661266293 ], [ -84.439098410020449, 46.875251180522433 ], [ -84.443440851997437, 46.875029963550524 ], [ -84.453800893525568, 46.870703866501962 ], [ -84.459783338968705, 46.878031944457035 ], [ -84.470799957430884, 46.878962673730165 ], [ -84.484151715539582, 46.878066088955528 ], [ -84.500852850681213, 46.874201536615793 ], [ -84.509206790291245, 46.87055410366213 ], [ -84.515905338297046, 46.861184949944359 ] ] ], [ [ [ -84.706241653701994, 46.646967352035958 ], [ -84.710149110194948, 46.642403142107341 ], [ -84.713880933627124, 46.638043124496967 ], [ -84.718534582381892, 46.6389556030298 ], [ -84.72195594903377, 46.641849588720838 ], [ -84.722860382166814, 46.642614529511661 ], [ -84.727540252360441, 46.659765020064441 ], [ -84.730749252442635, 46.666987971133132 ], [ -84.737216736755357, 46.681488943554022 ], [ -84.737226321993433, 46.688454423314823 ], [ -84.73723782900295, 46.696813691500871 ], [ -84.728933982446804, 46.71031478587895 ], [ -84.723273566357562, 46.709402895065601 ], [ -84.721100494898209, 46.704604549302879 ], [ -84.714266179567673, 46.689507176856928 ], [ -84.720570966516391, 46.676010231814324 ], [ -84.721235805475828, 46.670062406650146 ], [ -84.706241653701994, 46.646967352035958 ] ] ], [ [ [ -83.917726372980013, 46.298627475250925 ], [ -83.927995915586337, 46.296403492015777 ], [ -83.937334634702012, 46.289823005343109 ], [ -83.951396111385819, 46.302034257580473 ], [ -83.951678415081233, 46.305696459399677 ], [ -83.94032544507904, 46.315008352398443 ], [ -83.926462294703271, 46.313322186253252 ], [ -83.915368782224874, 46.302045538497381 ], [ -83.917726372980013, 46.298627475250925 ] ] ], [ [ [ -82.110801063669129, 45.888239786205745 ], [ -82.123642314131075, 45.894698578153431 ], [ -82.119697015884384, 45.909956857850254 ], [ -82.053907753385047, 45.949054708665017 ], [ -82.060201402657555, 45.9551462111707 ], [ -81.996211926709336, 45.967464426368011 ], [ -81.972735435918679, 45.984566214459178 ], [ -81.968463415021802, 45.984470759122466 ], [ -81.967043850916241, 45.979630188041575 ], [ -81.952379694545229, 45.983875829287065 ], [ -81.942011318153206, 45.98066056701181 ], [ -81.927790033365724, 45.982396494249173 ], [ -81.902404127976638, 45.969903409882114 ], [ -81.897926270490544, 45.953542633558932 ], [ -81.885373985140959, 45.954850811876973 ], [ -81.888952167871722, 45.948750889227682 ], [ -81.880818597723945, 45.940316848786551 ], [ -81.889119687696109, 45.931581278559186 ], [ -81.895201023595064, 45.900582641189054 ], [ -81.915191851863781, 45.887536126466543 ], [ -81.896521600669445, 45.879773409490049 ], [ -81.87685142764235, 45.88618232419541 ], [ -81.867084665513829, 45.884351220332093 ], [ -81.818542574067862, 45.870144985415365 ], [ -81.812210325219439, 45.86541121186437 ], [ -81.818888967517665, 45.829617116642325 ], [ -81.831783451047258, 45.814125626835832 ], [ -81.838336788157847, 45.793899809085666 ], [ -81.830539825432197, 45.758903692838295 ], [ -81.804423851404025, 45.743843945091172 ], [ -81.792483040496862, 45.720425485136516 ], [ -81.786638092933146, 45.719365369507244 ], [ -81.776291917605462, 45.730107068945934 ], [ -81.785348659892975, 45.758729035211552 ], [ -81.782197283444347, 45.776054943393774 ], [ -81.731884616009552, 45.838033081005747 ], [ -81.727521100394696, 45.85303625636152 ], [ -81.674507979363767, 45.901182623011472 ], [ -81.656952950709325, 45.897760905923484 ], [ -81.646996341383058, 45.899797996687859 ], [ -81.64498866486953, 45.887838662146684 ], [ -81.652839602929589, 45.882082115552066 ], [ -81.646347301260917, 45.86176462550047 ], [ -81.662036112051581, 45.825059831873276 ], [ -81.704541715606027, 45.80185463742918 ], [ -81.706486875836902, 45.789304291154139 ], [ -81.692692660823681, 45.78346400305972 ], [ -81.673572848396972, 45.785729780867406 ], [ -81.665820162220086, 45.783471609360141 ], [ -81.659084139933739, 45.786966106414098 ], [ -81.622820301451853, 45.784894953063059 ], [ -81.59281969839023, 45.800611922809125 ], [ -81.580762092583498, 45.800802654117376 ], [ -81.576415932304911, 45.800871011155401 ], [ -81.574303154260264, 45.797381059633516 ], [ -81.577874189521211, 45.791979241937234 ], [ -81.576739157265365, 45.789349387620135 ], [ -81.574074698391797, 45.783174710045515 ], [ -81.584978551179773, 45.756891807167875 ], [ -81.58556246837145, 45.756250934254211 ], [ -81.601727574188416, 45.73850096576215 ], [ -81.614519635604623, 45.724443657012507 ], [ -81.637244399160011, 45.714342556678304 ], [ -81.638075006443046, 45.713973167619606 ], [ -81.651051888563345, 45.70820036823789 ], [ -81.658643185556997, 45.700609388352063 ], [ -81.661153260695684, 45.696321229694853 ], [ -81.647632745301252, 45.692083248507345 ], [ -81.644694080279663, 45.685759495525836 ], [ -81.643215383895296, 45.682576822598122 ], [ -81.690709827825941, 45.643010863462202 ], [ -81.708975388856544, 45.611631129793643 ], [ -81.716230978694725, 45.610212137269592 ], [ -81.70869321950282, 45.604295934556468 ], [ -81.719443929939402, 45.598379388379918 ], [ -81.731254682867771, 45.597299731270461 ], [ -81.734995263204311, 45.594260492385175 ], [ -81.749305864085329, 45.582628197334166 ], [ -81.785615461404447, 45.534963662020054 ], [ -81.796743539945965, 45.527894553988396 ], [ -81.807840374214095, 45.520841926877708 ], [ -81.837953604198447, 45.51194962560939 ], [ -81.854280821665256, 45.511651919160165 ], [ -81.873713288227435, 45.52127626300814 ], [ -81.891284497403774, 45.522149892696689 ], [ -81.897357488150661, 45.524812170839922 ], [ -81.900539661597762, 45.533361035101763 ], [ -81.907765278274226, 45.532384437529124 ], [ -81.925984720655919, 45.540368793370469 ], [ -81.913571321330522, 45.547635507706509 ], [ -81.919933381584499, 45.551221456113034 ], [ -81.919208767706095, 45.5596782116952 ], [ -81.922780122645534, 45.559991377103607 ], [ -81.930676707803627, 45.550507714569108 ], [ -81.938223006915919, 45.549264300547875 ], [ -81.927792126613454, 45.564458096977788 ], [ -81.941640538293726, 45.561574187469162 ], [ -81.944097691485027, 45.536893603063206 ], [ -81.953100209572455, 45.532746557237488 ], [ -81.97653820709742, 45.540844954739327 ], [ -81.982116414247557, 45.547383357235923 ], [ -82.005547674817862, 45.548829179699403 ], [ -82.00604678528795, 45.55383564436427 ], [ -82.003197769954909, 45.554262405113576 ], [ -81.991180284369904, 45.556061462840553 ], [ -81.980971872848997, 45.565220551666904 ], [ -81.971709419324029, 45.567757397990185 ], [ -81.964232354136158, 45.574230955585762 ], [ -81.954283198001349, 45.577439199999624 ], [ -81.943494827728074, 45.584748216941271 ], [ -81.931844397903646, 45.589516655294204 ], [ -81.921612992663583, 45.591801735866945 ], [ -81.911770722848658, 45.592080293897133 ], [ -81.895122977713029, 45.592557246133318 ], [ -81.894245505930954, 45.590474457918468 ], [ -81.905002944349604, 45.570111723087685 ], [ -81.901317865351061, 45.565217519939054 ], [ -81.8955270236264, 45.563478064712349 ], [ -81.884403114318644, 45.563901560150072 ], [ -81.879932224739051, 45.58234935063475 ], [ -81.872196239324396, 45.600716959109249 ], [ -81.862232127482301, 45.611016619769238 ], [ -81.848392012376394, 45.620309275859519 ], [ -81.83743578506585, 45.624566566579404 ], [ -81.82340484305314, 45.630017786410477 ], [ -81.808923783250307, 45.632188343742499 ], [ -81.802179184487272, 45.636376857249999 ], [ -81.791291706453194, 45.651685140761828 ], [ -81.781472363583134, 45.658547740304037 ], [ -81.771828494905733, 45.661748255545014 ], [ -81.753692828629497, 45.664735153687246 ], [ -81.745979266238393, 45.668668109256849 ], [ -81.741744802243673, 45.674748738821343 ], [ -81.744483819583351, 45.678937247855202 ], [ -81.754638880557152, 45.678502337742025 ], [ -81.757469486148523, 45.680863622483848 ], [ -81.752296548438309, 45.68623089015518 ], [ -81.756302127233269, 45.691140379797559 ], [ -81.763802124015328, 45.691552348206656 ], [ -81.770592555320576, 45.69032782082683 ], [ -81.778329064017555, 45.688931632488817 ], [ -81.785668813151631, 45.686131645725986 ], [ -81.794511558880558, 45.679249958956341 ], [ -81.798105137086083, 45.679333877188078 ], [ -81.805078716084196, 45.683858065940342 ], [ -81.809336078768993, 45.683732174379806 ], [ -81.816095909414827, 45.679314777879959 ], [ -81.835681364280774, 45.680241677187098 ], [ -81.841083239996806, 45.67670539623257 ], [ -81.84702667604158, 45.66196161859984 ], [ -81.849979430213907, 45.661801355904494 ], [ -81.853138220667987, 45.664166396435498 ], [ -81.866617143775784, 45.662402549488903 ], [ -81.867947756880767, 45.662228310250441 ], [ -81.875096796138962, 45.656212489738088 ], [ -81.885389354037073, 45.653019473570758 ], [ -81.890768069240806, 45.643070800201215 ], [ -81.8982220669443, 45.634464868815378 ], [ -81.900098907955496, 45.632294315456519 ], [ -81.907545325611139, 45.62697280584473 ], [ -81.914190711702588, 45.624607655172255 ], [ -81.9204010126725, 45.617653525778515 ], [ -81.925436526453382, 45.614792512367409 ], [ -81.929052699311114, 45.607315791790285 ], [ -81.941542230866091, 45.598675511874475 ], [ -81.947134809469844, 45.597885823922319 ], [ -81.953109131175381, 45.602833367949565 ], [ -81.958678841601511, 45.602501441277326 ], [ -81.965865755586123, 45.595337444966091 ], [ -81.981064068304391, 45.591560767197585 ], [ -81.9881442665111, 45.586685540861239 ], [ -81.996025765656029, 45.585716522007111 ], [ -82.00376241517877, 45.580852790129818 ], [ -82.007653483143955, 45.566971312265018 ], [ -82.006440196311317, 45.557781844902919 ], [ -82.013379417175926, 45.556341445739548 ], [ -82.032818258272243, 45.552303177103063 ], [ -82.037432361867275, 45.551343923682076 ], [ -82.055203626777882, 45.547646806138175 ], [ -82.066246280320968, 45.5475760864799 ], [ -82.071195659218972, 45.547543952764748 ], [ -82.075315781027001, 45.550382128606607 ], [ -82.075151384554829, 45.552113841942514 ], [ -82.073470827966645, 45.56980956625987 ], [ -82.123753252023874, 45.569755717377625 ], [ -82.124935570517849, 45.572529425820946 ], [ -82.111598774795482, 45.578884836498084 ], [ -82.093806264203664, 45.582619154863174 ], [ -82.093454702173119, 45.590630120805521 ], [ -82.107096430556268, 45.592296931517005 ], [ -82.127192712455212, 45.588150508327992 ], [ -82.134318603583125, 45.58945120965987 ], [ -82.136287228501416, 45.596821154744255 ], [ -82.144924210623657, 45.60112807055301 ], [ -82.160961241245303, 45.600323052877549 ], [ -82.175626666393725, 45.608650555064827 ], [ -82.18148495313477, 45.609230403412248 ], [ -82.188878304639431, 45.604347613673731 ], [ -82.196264145104266, 45.607250547060239 ], [ -82.197003618908241, 45.620777286236986 ], [ -82.212544883835321, 45.624077109711749 ], [ -82.217381912287124, 45.63333923129801 ], [ -82.269844742185001, 45.644947725511194 ], [ -82.271988249797687, 45.648426656610305 ], [ -82.263785576806484, 45.657188759908124 ], [ -82.273314469262999, 45.664024925075189 ], [ -82.281470704562736, 45.664417664205729 ], [ -82.284050076489564, 45.65736821458681 ], [ -82.312905654574053, 45.663216284144397 ], [ -82.317078173302917, 45.681389108705332 ], [ -82.333856507711957, 45.687214418512944 ], [ -82.347765508385166, 45.682907600416051 ], [ -82.354943893502863, 45.691521189443897 ], [ -82.366128902522803, 45.689907253562687 ], [ -82.373415844783167, 45.695774915788881 ], [ -82.388269768153847, 45.692394491371353 ], [ -82.40822951838949, 45.700791143270486 ], [ -82.418467821896712, 45.698238786883543 ], [ -82.426998645703165, 45.689011132538525 ], [ -82.456441025613103, 45.697579211271993 ], [ -82.474065807805673, 45.698593842082865 ], [ -82.478780226197046, 45.703716954001266 ], [ -82.476635675051909, 45.717186474765484 ], [ -82.508413155732981, 45.725098304253194 ], [ -82.510137107325562, 45.740471211591192 ], [ -82.528555590653482, 45.746983412908953 ], [ -82.545989678701616, 45.744778128499554 ], [ -82.552398134365333, 45.748558817861131 ], [ -82.588113007927802, 45.74781506428522 ], [ -82.602256973727691, 45.755157808592472 ], [ -82.615655571464458, 45.756077857381143 ], [ -82.625275629790707, 45.75235078586644 ], [ -82.646669757643195, 45.758671505770401 ], [ -82.669940669802372, 45.777149882929258 ], [ -82.675174018081734, 45.77746679501184 ], [ -82.677653635175957, 45.771786219235082 ], [ -82.681857199600117, 45.773457095572766 ], [ -82.690654999658776, 45.784596030506989 ], [ -82.69404175354083, 45.771599547280346 ], [ -82.721126826355061, 45.774567244431822 ], [ -82.740178578103126, 45.792732884936235 ], [ -82.747183217883219, 45.788956408674743 ], [ -82.740957129750356, 45.779011474283941 ], [ -82.74399399079185, 45.776310981988239 ], [ -82.764357384117488, 45.774578656236706 ], [ -82.785964625888056, 45.795296237821198 ], [ -82.79326522482117, 45.792209805567474 ], [ -82.795081295230332, 45.786743921247023 ], [ -82.810494289192775, 45.786297730569764 ], [ -82.831780429109173, 45.80746127183896 ], [ -82.851282558828672, 45.791504252818633 ], [ -82.860452403021156, 45.791645380961583 ], [ -82.861467603244023, 45.779984273010733 ], [ -82.869082110311126, 45.787884302580835 ], [ -82.878977443577796, 45.78574405315927 ], [ -82.876406708781673, 45.794861418396934 ], [ -82.911792725935683, 45.794700806268281 ], [ -82.914546393100451, 45.801151750734455 ], [ -82.92429082179649, 45.80404335673532 ], [ -82.923404469744611, 45.811813695791287 ], [ -82.929371464632297, 45.809612752134917 ], [ -82.936184711513619, 45.812000477354346 ], [ -82.945050429074158, 45.800224927757398 ], [ -82.949009699573523, 45.800552489582877 ], [ -82.95228378023441, 45.810631466898741 ], [ -82.93848116294761, 45.823021277897894 ], [ -82.951992411034681, 45.831459461614749 ], [ -82.956609783063911, 45.830608765931771 ], [ -82.96055372107169, 45.818993020204871 ], [ -82.981070126308737, 45.823631567559381 ], [ -82.983855440885151, 45.818176821400044 ], [ -83.000074643303321, 45.824340241599806 ], [ -83.002004922568148, 45.825073466986304 ], [ -82.990622116130808, 45.833611115288342 ], [ -82.992850334848811, 45.835930505226031 ], [ -83.019659495120763, 45.838364018584315 ], [ -83.02837977611965, 45.843063576734238 ], [ -83.040495864656961, 45.832012013359602 ], [ -83.053885521533857, 45.833797337341146 ], [ -83.070410511089179, 45.840888679602401 ], [ -83.077841186753346, 45.8570097682626 ], [ -83.090637967031469, 45.863276214494256 ], [ -83.093702260601177, 45.864776261603559 ], [ -83.146231513203787, 45.859047985830522 ], [ -83.149962843527021, 45.858639882969349 ], [ -83.15751356496537, 45.857813557975369 ], [ -83.168798604160742, 45.865511439372071 ], [ -83.182675573445849, 45.861563351278456 ], [ -83.20421453276316, 45.865720860029931 ], [ -83.206267757984278, 45.867566011388504 ], [ -83.214803807870368, 45.875235034131791 ], [ -83.217924764585405, 45.908235796259895 ], [ -83.214063259178772, 45.912927734653699 ], [ -83.18507316532569, 45.94811848181525 ], [ -83.171041714479031, 45.957327027401497 ], [ -83.159200441348716, 45.958093933145115 ], [ -83.149152511119851, 45.952700105820817 ], [ -83.119917414234237, 45.952784565587081 ], [ -83.104902422718382, 45.93679729079539 ], [ -83.100865585245558, 45.915686842421898 ], [ -83.077406205858409, 45.909194227866351 ], [ -83.077236368089956, 45.90953061980882 ], [ -83.061438534719599, 45.940799508188363 ], [ -83.048956184464842, 45.952762531021413 ], [ -83.016546011034151, 45.948883106198366 ], [ -82.996740719042563, 45.940597348579743 ], [ -82.988828216265304, 45.918739557048482 ], [ -82.943981482675639, 45.936641739789032 ], [ -82.941234756697341, 45.940494235568202 ], [ -82.946239871152287, 45.949035363716213 ], [ -82.936145431538364, 45.957130360595507 ], [ -82.91205054996442, 45.960899076614943 ], [ -82.875649888203014, 45.958526606669423 ], [ -82.870775411540649, 45.967380547683014 ], [ -82.861429006486958, 45.961517328731638 ], [ -82.856141491598279, 45.962352733766586 ], [ -82.838737470336341, 45.983146381990224 ], [ -82.822342264395516, 45.981750093573858 ], [ -82.80226061390951, 45.993110247346543 ], [ -82.794799504100695, 45.979716750446769 ], [ -82.800590171628969, 45.963100002039738 ], [ -82.812377091562695, 45.943824261286075 ], [ -82.824477455873605, 45.935085189851527 ], [ -82.838341916767533, 45.911948934821105 ], [ -82.836198047284896, 45.907111877561306 ], [ -82.804313669092195, 45.887615295765144 ], [ -82.800849262879552, 45.883213017502776 ], [ -82.804655944328928, 45.87686154501845 ], [ -82.799788286813182, 45.875183239812763 ], [ -82.788191499266134, 45.87889110538039 ], [ -82.773977919442117, 45.872028446765256 ], [ -82.764510042390583, 45.880577206241213 ], [ -82.755315069478726, 45.840595483939509 ], [ -82.74847149550294, 45.829498605926197 ], [ -82.738957653178943, 45.829570935630208 ], [ -82.703723600443396, 45.853721658767036 ], [ -82.696635860338858, 45.849941653134707 ], [ -82.689807903484521, 45.857841490770305 ], [ -82.673495917625957, 45.855278483662772 ], [ -82.659854457527757, 45.861000134876306 ], [ -82.651537710588784, 45.854908517304843 ], [ -82.642617722568531, 45.828201383325137 ], [ -82.635346892392974, 45.820522671975226 ], [ -82.620851505021264, 45.822563784905014 ], [ -82.598129277221716, 45.843917967164053 ], [ -82.583022647760387, 45.844570152948179 ], [ -82.579522019271749, 45.814060446490899 ], [ -82.570091797371447, 45.812061462204788 ], [ -82.548445129215096, 45.821522037116416 ], [ -82.53860351795754, 45.776702995202989 ], [ -82.533682638515245, 45.777069466188486 ], [ -82.505811613182345, 45.813198231042797 ], [ -82.495602668219249, 45.840716917407676 ], [ -82.513205230358139, 45.852485652681892 ], [ -82.521712524844503, 45.853096067246121 ], [ -82.532072470012778, 45.847789680865382 ], [ -82.544951066875711, 45.827411372352941 ], [ -82.55210080536331, 45.82914390467355 ], [ -82.548019454285651, 45.860206553050055 ], [ -82.5684810775861, 45.856907047049951 ], [ -82.569488223708078, 45.865394210968539 ], [ -82.592377561984108, 45.876556661972472 ], [ -82.583168972793416, 45.886470910168661 ], [ -82.581825189168285, 45.896518330682127 ], [ -82.562506774039278, 45.904189343203093 ], [ -82.5459288743955, 45.908702740380697 ], [ -82.512296275784294, 45.903751069460696 ], [ -82.505201917167426, 45.90911469805814 ], [ -82.510999910001559, 45.912196649484969 ], [ -82.510695250191702, 45.920432467860586 ], [ -82.485456392043659, 45.945384074359829 ], [ -82.473736555440382, 45.942652671347638 ], [ -82.452145594349204, 45.914321360961033 ], [ -82.437359016003668, 45.948844361205573 ], [ -82.421848200606831, 45.959082472771136 ], [ -82.403116896409458, 45.959185571116763 ], [ -82.358070819895488, 45.976408839677326 ], [ -82.318099099416457, 45.973109188215332 ], [ -82.295531667108236, 45.986395688121796 ], [ -82.283620582496468, 45.988219110297088 ], [ -82.279455604533439, 45.977603071784003 ], [ -82.283552612345559, 45.965781273527668 ], [ -82.279624052970448, 45.957461401013525 ], [ -82.282606020668723, 45.924780535830138 ], [ -82.275793607726655, 45.914801936014115 ], [ -82.254117664464601, 45.907035248576669 ], [ -82.230145375511512, 45.938373001070033 ], [ -82.214855389596607, 45.942637726341637 ], [ -82.207591100384022, 45.935618790822325 ], [ -82.218388030141952, 45.913401980473779 ], [ -82.203310923124704, 45.912635042536856 ], [ -82.198543080361446, 45.901316894809057 ], [ -82.167009479420756, 45.871119981467096 ], [ -82.172952692048369, 45.847201600006187 ], [ -82.152375831469001, 45.822497811490109 ], [ -82.110801063669129, 45.888239786205745 ] ] ], [ [ [ -82.196551441085745, 46.033149721447423 ], [ -82.205067307010481, 46.034011718320606 ], [ -82.207469284913813, 46.031772095458656 ], [ -82.205982735189551, 46.028079620274873 ], [ -82.19825308321353, 46.024028350139901 ], [ -82.200335892896476, 46.021552971221055 ], [ -82.207317559908049, 46.019866890115416 ], [ -82.206416851335973, 46.017787564923459 ], [ -82.198664429247856, 46.014419139621502 ], [ -82.193675783234397, 46.007907591993607 ], [ -82.191935913653339, 45.994819205314379 ], [ -82.195108685123785, 45.982066694299391 ], [ -82.199084346916749, 45.981230819044939 ], [ -82.202533178883414, 45.985194822011046 ], [ -82.207423686429095, 45.986212956248259 ], [ -82.216099247094263, 45.990970206461107 ], [ -82.222500646392859, 46.003005168859211 ], [ -82.227962704078678, 46.006094954408617 ], [ -82.238179119645565, 46.005618313020811 ], [ -82.245342676555381, 45.999350334944602 ], [ -82.248296434869431, 45.999640500296856 ], [ -82.251316823114891, 46.005885021685863 ], [ -82.254880009093242, 46.007331051173104 ], [ -82.264181440087526, 46.021026054865288 ], [ -82.261068081624359, 46.024626864418565 ], [ -82.250905957382514, 46.023734249060865 ], [ -82.248165986878249, 46.02642394993525 ], [ -82.253628976311816, 46.029513519952125 ], [ -82.246860990260856, 46.033953977081332 ], [ -82.245725626901375, 46.037906380167122 ], [ -82.243398170237541, 46.046016214331878 ], [ -82.233350325533578, 46.05016311612988 ], [ -82.224399751602292, 46.051581857873082 ], [ -82.217945720551938, 46.048473145605911 ], [ -82.203846452963177, 46.047268027410702 ], [ -82.196063562231416, 46.03680440510545 ], [ -82.196551441085745, 46.033149721447423 ] ] ], [ [ [ -82.155901125820307, 46.037109588987363 ], [ -82.16610215659243, 46.037094557241105 ], [ -82.167657871589412, 46.039188206402649 ], [ -82.158395727374128, 46.055477359115145 ], [ -82.152262335967166, 46.060383470453431 ], [ -82.145005627829363, 46.060688480368171 ], [ -82.14049673753793, 46.058304209202248 ], [ -82.134561774402982, 46.051079528414405 ], [ -82.114053495210172, 46.045834225769326 ], [ -82.111222383173995, 46.042797566645689 ], [ -82.113647675820161, 46.04010441485773 ], [ -82.122895753469948, 46.039383311147716 ], [ -82.132729967069764, 46.032726427035954 ], [ -82.140412585037751, 46.030140430605307 ], [ -82.150223955255527, 46.031494048094338 ], [ -82.155901125820307, 46.037109588987363 ] ] ], [ [ [ -82.055074924572907, 46.010670066556536 ], [ -82.055633068380715, 46.012974485709755 ], [ -82.062147919496766, 46.014263893603847 ], [ -82.065665119127473, 46.016628976321726 ], [ -82.066810070220328, 46.020317768788686 ], [ -82.056151843967129, 46.030614101198992 ], [ -82.049047858068221, 46.034810114510037 ], [ -82.035047891079103, 46.03884995229884 ], [ -82.024823651202283, 46.039311178234527 ], [ -82.019315853973538, 46.037358087732265 ], [ -82.018934566392645, 46.031395763287335 ], [ -82.027989773264181, 46.020378793699805 ], [ -82.021772963970605, 46.019554856417329 ], [ -82.020924805126029, 46.016556242354703 ], [ -82.026082715950693, 46.011635497759727 ], [ -82.040586423647611, 46.01104038264473 ], [ -82.04675902806045, 46.00545185900868 ], [ -82.056463654245633, 46.001774118443493 ], [ -82.065978153023849, 46.002209073788727 ], [ -82.069677604117814, 46.005295258923212 ], [ -82.067985020160037, 46.008892732474472 ], [ -82.05677689590911, 46.009334920544539 ], [ -82.055074924572907, 46.010670066556536 ] ] ], [ [ [ -82.013363812579612, 46.00196535628492 ], [ -82.017606085994956, 46.002747378773094 ], [ -82.02007021109111, 46.006466211046131 ], [ -82.00746632300033, 46.023125191493726 ], [ -81.999958364412734, 46.021813337097306 ], [ -81.997425317420905, 46.026795297286924 ], [ -81.979992430994812, 46.033730743660222 ], [ -81.973377201960034, 46.034497356593711 ], [ -81.972339262352847, 46.028519607078664 ], [ -81.97999148557308, 46.012436620399974 ], [ -81.986126561673402, 46.00776765499176 ], [ -81.98939235672303, 46.008298013294826 ], [ -81.993763700883221, 46.013432315231697 ], [ -81.998303337736701, 46.014908596060238 ], [ -82.005017076445625, 46.004753793805278 ], [ -82.013363812579612, 46.00196535628492 ] ] ], [ [ [ -81.93657940708556, 45.9981700665492 ], [ -81.945116785834657, 46.005459975303481 ], [ -81.955050533508256, 46.004086567588047 ], [ -81.952838357018649, 46.023266907882295 ], [ -81.945048284084521, 46.034997384734133 ], [ -81.948588547847834, 46.043778895598692 ], [ -81.929658864912938, 46.047238243319171 ], [ -81.916032934795382, 46.043031211188939 ], [ -81.899880223120249, 46.050438939311142 ], [ -81.857786942607831, 46.056325315974256 ], [ -81.85568834807988, 46.042905138696 ], [ -81.852263157280476, 46.042828899348258 ], [ -81.847075416368583, 46.059964642070291 ], [ -81.826932915468632, 46.061090016321387 ], [ -81.810032956568776, 46.056562175159968 ], [ -81.816860938638456, 46.051690460900019 ], [ -81.814373152343535, 46.04865406307011 ], [ -81.788171084986217, 46.045960974655706 ], [ -81.785087993155059, 46.035123440038809 ], [ -81.79921186780301, 46.022412839756228 ], [ -81.788048266041542, 46.01527587989272 ], [ -81.774260023142205, 46.014711339363799 ], [ -81.777448759037654, 45.996931544954379 ], [ -81.766301600918055, 45.989561876277058 ], [ -81.781797166559613, 45.982149186011519 ], [ -81.792952026858615, 45.98264893939789 ], [ -81.796081026673264, 45.979291790071407 ], [ -81.792257383185557, 45.970266299426761 ], [ -81.804061386071865, 45.970781042682233 ], [ -81.823480836173999, 45.990483670653099 ], [ -81.842480374620564, 45.99207826108907 ], [ -81.848553999052754, 45.995656274801384 ], [ -81.860242009805518, 45.992043530330321 ], [ -81.890509492244902, 45.991837632611833 ], [ -81.895469416849267, 45.984395268770719 ], [ -81.910538794841401, 45.985661936214882 ], [ -81.922922303378016, 45.994877797549869 ], [ -81.925181083149454, 46.002713253076891 ], [ -81.93657940708556, 45.9981700665492 ] ] ], [ [ [ -81.73386670124053, 45.971499367728498 ], [ -81.742350733160592, 45.977465464480247 ], [ -81.756489174272431, 45.97711444495873 ], [ -81.759738383627933, 45.980581704535794 ], [ -81.758877444780722, 45.988367916159888 ], [ -81.754207123235872, 45.994368237113108 ], [ -81.746042761048358, 46.001982548264408 ], [ -81.734019942468478, 46.008829871903721 ], [ -81.727366142913411, 46.005282253124463 ], [ -81.723229941257685, 46.000094110890444 ], [ -81.724756642989391, 45.998774078905043 ], [ -81.736353325780158, 46.000738833863458 ], [ -81.737039624858753, 45.996683915654053 ], [ -81.72692425620248, 45.974051056546237 ], [ -81.73386670124053, 45.971499367728498 ] ] ], [ [ [ -81.597127171859498, 45.923708498655287 ], [ -81.608298598076615, 45.923769426829367 ], [ -81.615064490729992, 45.920050142828252 ], [ -81.616873772691306, 45.923071387325145 ], [ -81.613294706722385, 45.928705524155134 ], [ -81.612700297825185, 45.933729811338104 ], [ -81.616568026386432, 45.935201790135011 ], [ -81.617743034196934, 45.937753864613747 ], [ -81.612813926333317, 45.944036869758605 ], [ -81.597448940212871, 45.948679667493806 ], [ -81.589720157228342, 45.958098131079907 ], [ -81.588155755685904, 45.962866465961191 ], [ -81.586439919406715, 45.962873831143988 ], [ -81.580258664557135, 45.962892936267409 ], [ -81.567899487887416, 45.96050909145233 ], [ -81.565747716823807, 45.957704993652207 ], [ -81.566587735405719, 45.954291004081341 ], [ -81.592016868168827, 45.927241042537538 ], [ -81.597127171859498, 45.923708498655287 ] ] ], [ [ [ -81.869877535964761, 45.94516567778809 ], [ -81.869686170217392, 45.946241217207763 ], [ -81.856021418950945, 45.956906744560754 ], [ -81.852206628440271, 45.967809214831114 ], [ -81.843547504799531, 45.963483451576295 ], [ -81.841479086828372, 45.958623826819952 ], [ -81.846346740789969, 45.946374832991516 ], [ -81.843995676618917, 45.940595724790924 ], [ -81.84043249568802, 45.939596053720834 ], [ -81.836343054971067, 45.935834841793088 ], [ -81.830100472236609, 45.935914878086983 ], [ -81.829215969534815, 45.933832049669832 ], [ -81.834624171077408, 45.923883490862579 ], [ -81.85041112007481, 45.923574636393575 ], [ -81.857202530000549, 45.918924178991958 ], [ -81.86293972508723, 45.908986999472155 ], [ -81.866618243033059, 45.907697322679596 ], [ -81.873553791806728, 45.900075654026068 ], [ -81.878154432003356, 45.899953473556202 ], [ -81.879025374095136, 45.902264990517359 ], [ -81.873698713177035, 45.910611623433802 ], [ -81.870547704365251, 45.928399624680253 ], [ -81.866854577182806, 45.929914168908233 ], [ -81.865413535749525, 45.932630714134497 ], [ -81.864779344956702, 45.939027419915064 ], [ -81.87013683727389, 45.9437309403203 ], [ -81.869877535964761, 45.94516567778809 ] ] ], [ [ [ -81.772984855045607, 45.934766860930921 ], [ -81.767727674383465, 45.934866361194381 ], [ -81.766689140961915, 45.929346170860306 ], [ -81.745608670671203, 45.930429970711209 ], [ -81.743418692860715, 45.934728791312537 ], [ -81.737802862076876, 45.935278209401787 ], [ -81.735599227732692, 45.933389955080898 ], [ -81.739566486385968, 45.926389972986676 ], [ -81.733294908014457, 45.920511463723159 ], [ -81.737055809349968, 45.917623747835457 ], [ -81.759677497414458, 45.918409618438595 ], [ -81.78213240208072, 45.922620785310038 ], [ -81.784589494193042, 45.926115501015445 ], [ -81.782445254570774, 45.929499039694868 ], [ -81.776143430143264, 45.930719731925144 ], [ -81.772984855045607, 45.934766860930921 ] ] ], [ [ [ -81.631843956072913, 45.888189677464638 ], [ -81.631637714037922, 45.892076832538599 ], [ -81.62916486764523, 45.89544868742383 ], [ -81.623519225954027, 45.89667711141869 ], [ -81.622856090920337, 45.890478660020463 ], [ -81.626082338192191, 45.885294328443493 ], [ -81.629676511797001, 45.885614657350516 ], [ -81.631843956072913, 45.888189677464638 ] ] ], [ [ [ -81.602270799468144, 45.876207829921455 ], [ -81.604827737758683, 45.871233126856183 ], [ -81.621284784585171, 45.876696202722698 ], [ -81.614273049466263, 45.885218104843496 ], [ -81.60430062622801, 45.881296449974847 ], [ -81.602270799468144, 45.876207829921455 ] ] ], [ [ [ -80.447385050063147, 45.517319672454938 ], [ -80.443081394413639, 45.518082672504498 ], [ -80.431561360512802, 45.514917026618072 ], [ -80.425434600024957, 45.518365197352281 ], [ -80.400585600424378, 45.523428141422485 ], [ -80.399831011576254, 45.520418547023063 ], [ -80.402905349510121, 45.518468944765338 ], [ -80.407842288238157, 45.517957910160575 ], [ -80.412029707371374, 45.514215885657535 ], [ -80.418385949607313, 45.512152199216999 ], [ -80.4213083498163, 45.507902517430836 ], [ -80.419652258574672, 45.503714304371215 ], [ -80.414479206417539, 45.503069914802786 ], [ -80.413975991230018, 45.500991374418227 ], [ -80.415052587569406, 45.490714882084461 ], [ -80.418607157963677, 45.48671704098291 ], [ -80.425062108574195, 45.48763657509808 ], [ -80.438246060264007, 45.485820676969951 ], [ -80.446203434310661, 45.497565138286632 ], [ -80.445005562321924, 45.505087401889185 ], [ -80.45016287403547, 45.505960647727932 ], [ -80.455815765476942, 45.504556502175575 ], [ -80.460355454532959, 45.500364585700666 ], [ -80.463323745170371, 45.500013636224132 ], [ -80.467825112330573, 45.503637326632713 ], [ -80.472265304068515, 45.507207542147839 ], [ -80.471707094194812, 45.510395822432628 ], [ -80.456281791613321, 45.511678081738253 ], [ -80.447385050063147, 45.517319672454938 ] ] ], [ [ [ -80.325634461165492, 45.368473232807581 ], [ -80.329372037667085, 45.366317362858204 ], [ -80.336535851533085, 45.366354984854226 ], [ -80.345995004206912, 45.383985706378596 ], [ -80.348839530250686, 45.389271812248047 ], [ -80.349058951891763, 45.39170359017335 ], [ -80.349732158343784, 45.399163054106097 ], [ -80.347961638148107, 45.405514091303921 ], [ -80.338523644829976, 45.405395894940618 ], [ -80.336677219246724, 45.408310282650348 ], [ -80.342804431390022, 45.413577935345501 ], [ -80.341575589572415, 45.416972653038627 ], [ -80.327940959399754, 45.416240203408989 ], [ -80.327187347901841, 45.40887526572876 ], [ -80.322052448283202, 45.407768861893501 ], [ -80.319572982580652, 45.410427270792283 ], [ -80.314056910068558, 45.410225229674147 ], [ -80.314879015695837, 45.405038248913215 ], [ -80.315285290879018, 45.402474499778712 ], [ -80.310886056007391, 45.387183393425268 ], [ -80.313212913619822, 45.382224751679473 ], [ -80.318423348654861, 45.382189935087375 ], [ -80.322916704783196, 45.37868823954966 ], [ -80.325634461165492, 45.368473232807581 ] ] ], [ [ [ -80.12126435091794, 45.304084419005576 ], [ -80.1131689675058, 45.303538711132859 ], [ -80.106652796211321, 45.30787236643468 ], [ -80.093804895624032, 45.305766486090022 ], [ -80.091012511347728, 45.308181207447475 ], [ -80.095193538173689, 45.312930628642945 ], [ -80.087815853365868, 45.319980241781494 ], [ -80.088739113339756, 45.328956390399362 ], [ -80.084901626580759, 45.340503860178536 ], [ -80.082574610436367, 45.34109897893071 ], [ -80.078179908233324, 45.339092510738482 ], [ -80.068452119750205, 45.339150086489596 ], [ -80.062874854847266, 45.339180807730521 ], [ -80.062043195625307, 45.337315369465905 ], [ -80.064240483784801, 45.334190912984454 ], [ -80.061768462193029, 45.332489590350193 ], [ -80.052902831988661, 45.333516105968002 ], [ -80.049591546994847, 45.330174441193009 ], [ -80.038719323972188, 45.331811399917278 ], [ -80.037979235301535, 45.328801511647434 ], [ -80.040306251130133, 45.32407483799139 ], [ -80.046684607761861, 45.321575914275428 ], [ -80.047821411194519, 45.319557833165604 ], [ -80.040580861502519, 45.312389962971821 ], [ -80.042129658131103, 45.309242677794032 ], [ -80.054169166624121, 45.305129999703269 ], [ -80.059700605364995, 45.300990805547499 ], [ -80.059288584806509, 45.297992375553086 ], [ -80.055054154427694, 45.298057310927604 ], [ -80.045013633942531, 45.305687179082113 ], [ -80.04383101460644, 45.300136617921751 ], [ -80.047905189872182, 45.293876398646894 ], [ -80.056602887159499, 45.286650989352459 ], [ -80.074639788238215, 45.279013527800075 ], [ -80.082710939363963, 45.277933768606395 ], [ -80.085702401932025, 45.283324009860564 ], [ -80.099481061051222, 45.274802085592782 ], [ -80.139779821217857, 45.274992682272753 ], [ -80.134042218281579, 45.265139453741632 ], [ -80.136209329901916, 45.262240151778052 ], [ -80.152635883181858, 45.264250419879062 ], [ -80.146806126046158, 45.255541415970612 ], [ -80.1476537745245, 45.24457053320549 ], [ -80.161776458666196, 45.221495566337978 ], [ -80.16862818121507, 45.216944251726034 ], [ -80.171748734452549, 45.22279638295246 ], [ -80.180225238214945, 45.222434162375635 ], [ -80.173763121701839, 45.230441149653799 ], [ -80.162103774379688, 45.234121674523827 ], [ -80.164469604821605, 45.237192590175376 ], [ -80.183643545964344, 45.232882503168874 ], [ -80.187030073771197, 45.235308655306547 ], [ -80.191394734668208, 45.254733474846645 ], [ -80.199283004488493, 45.249304729178128 ], [ -80.205350530511311, 45.25503893792736 ], [ -80.204762374196989, 45.258457707655957 ], [ -80.196500533642862, 45.260204487729908 ], [ -80.206657742138475, 45.267702232404169 ], [ -80.200980444933549, 45.273352312547161 ], [ -80.204263193578328, 45.275283323633865 ], [ -80.216043103935505, 45.268286954560921 ], [ -80.211848157207442, 45.280740047656579 ], [ -80.224302351520762, 45.283740571295375 ], [ -80.195401014849494, 45.314190171743725 ], [ -80.183228756476424, 45.314732552830044 ], [ -80.178191370907982, 45.320956877012634 ], [ -80.162241439027838, 45.321030062193735 ], [ -80.121210235639083, 45.310302348673765 ], [ -80.12126435091794, 45.304084419005576 ] ] ], [ [ [ -80.128091490701124, 45.252844556424854 ], [ -80.134958637715826, 45.252497161030242 ], [ -80.141534378292107, 45.244593072779246 ], [ -80.14443445945696, 45.245909623899053 ], [ -80.141756352661289, 45.253050496619537 ], [ -80.138078282716037, 45.256537325239911 ], [ -80.130242879764069, 45.258356592522937 ], [ -80.124269755147793, 45.26386536323902 ], [ -80.084710081557901, 45.272337687902343 ], [ -80.085785977151033, 45.269362007906409 ], [ -80.093568107361378, 45.26271301411132 ], [ -80.105035442022228, 45.258013375188241 ], [ -80.115861119022398, 45.250574257818997 ], [ -80.128091490701124, 45.252844556424854 ] ] ], [ [ [ -80.242626637701349, 45.269300007381744 ], [ -80.244502414654065, 45.26593066061649 ], [ -80.250918795645148, 45.262733241542911 ], [ -80.257935051517066, 45.255887350212362 ], [ -80.263991367241033, 45.253132187105422 ], [ -80.267465391681341, 45.258768146758371 ], [ -80.261693355105052, 45.270704635645458 ], [ -80.262840309104163, 45.277172596973777 ], [ -80.256726552988354, 45.289326510334632 ], [ -80.252171955065876, 45.28938414437107 ], [ -80.25008785584545, 45.286781741391479 ], [ -80.251697098505929, 45.282714068758153 ], [ -80.25016045802019, 45.277154188123085 ], [ -80.24491046195925, 45.273513297142351 ], [ -80.242626637701349, 45.269300007381744 ] ] ], [ [ [ -81.588123463812977, 45.573725573001255 ], [ -81.583590544144684, 45.572920737226433 ], [ -81.581828803622585, 45.569209188613307 ], [ -81.590068192241816, 45.561636704688652 ], [ -81.585575590053224, 45.560145746499536 ], [ -81.584751420880323, 45.557143466360493 ], [ -81.58884740074366, 45.547629382262642 ], [ -81.59212134865372, 45.54748817880769 ], [ -81.593804286532659, 45.549140843343686 ], [ -81.597393179369135, 45.552664706286656 ], [ -81.599933905151588, 45.566474025201323 ], [ -81.596564196009041, 45.569926603172114 ], [ -81.595790069138033, 45.570719682507075 ], [ -81.588123463812977, 45.573725573001255 ] ] ], [ [ [ -81.449783595992628, 45.548041806128154 ], [ -81.454246299889547, 45.544040453705328 ], [ -81.459205325083403, 45.542800342225433 ], [ -81.470452510208531, 45.546084862490062 ], [ -81.481835483334521, 45.552806439839436 ], [ -81.482514672462031, 45.558322477655288 ], [ -81.482171958988914, 45.558639484091955 ], [ -81.468071407077744, 45.571677694771481 ], [ -81.460244166859212, 45.571464229119222 ], [ -81.455942924297844, 45.568047991989907 ], [ -81.453674080595448, 45.566245703257152 ], [ -81.447509585692757, 45.55370660748666 ], [ -81.449783595992628, 45.548041806128154 ] ] ], [ [ [ -80.209313486443506, 45.309771489252924 ], [ -80.214556418049554, 45.309284361716834 ], [ -80.217647830987545, 45.31146377996096 ], [ -80.225844208871465, 45.31063016667192 ], [ -80.226936376969576, 45.313423521653171 ], [ -80.219390796049808, 45.322769778880293 ], [ -80.210560385494631, 45.323347158435411 ], [ -80.204873902526472, 45.321067718594911 ], [ -80.200424794142549, 45.32387832881863 ], [ -80.188259068314082, 45.325473271049859 ], [ -80.185824133248474, 45.323317016751403 ], [ -80.18839579736003, 45.319517913225233 ], [ -80.199423953532616, 45.317659122192602 ], [ -80.209313486443506, 45.309771489252924 ] ] ], [ [ [ -81.818795416934947, 45.49018716966382 ], [ -81.81664467589593, 45.494257493161015 ], [ -81.808800756909079, 45.501169371981263 ], [ -81.785037919363802, 45.511224956724746 ], [ -81.781159224067608, 45.512865302625357 ], [ -81.748190931072713, 45.51342604852276 ], [ -81.706022643226206, 45.521769027519319 ], [ -81.704706996452174, 45.52540637666835 ], [ -81.702985395417102, 45.530165231674779 ], [ -81.698263616522766, 45.530312860216284 ], [ -81.694814405163058, 45.530420545674353 ], [ -81.695905522314447, 45.521742465525271 ], [ -81.727514724041683, 45.470533827387506 ], [ -81.746108361091771, 45.46366744291025 ], [ -81.764466388632428, 45.449020899433776 ], [ -81.767828644166457, 45.44633705964025 ], [ -81.799453756556019, 45.432451242982111 ], [ -81.800590024160144, 45.433804152870273 ], [ -81.801613373038307, 45.435022539261169 ], [ -81.795219869556533, 45.439218639876813 ], [ -81.804123092216173, 45.443559647781498 ], [ -81.814751904610617, 45.439462973787357 ], [ -81.822511147658915, 45.460726218920087 ], [ -81.819596509043819, 45.467069588564122 ], [ -81.828439387295006, 45.466139127762681 ], [ -81.830912131409519, 45.468946771846376 ], [ -81.824857064573422, 45.472410856252544 ], [ -81.812470881182293, 45.479494187821011 ], [ -81.818795416934947, 45.49018716966382 ] ] ], [ [ [ -80.056481076395883, 45.158452950618653 ], [ -80.056329705459262, 45.16036862744793 ], [ -80.069246030603097, 45.161314566911138 ], [ -80.070901828303604, 45.162695432862648 ], [ -80.070665211352576, 45.165667247253715 ], [ -80.063714752024907, 45.171583545555841 ], [ -80.058999867946838, 45.169565571605091 ], [ -80.051186071250655, 45.169942987185863 ], [ -80.0452892430188, 45.166498529905965 ], [ -80.043748273123825, 45.161394623828109 ], [ -80.032265778186584, 45.158876543606404 ], [ -80.029511400247628, 45.160830151806621 ], [ -80.034699475672795, 45.164934439424307 ], [ -80.031372658657261, 45.170076610098548 ], [ -80.027793568404121, 45.170164176803688 ], [ -80.020111040805517, 45.160684754250561 ], [ -80.021644861448479, 45.157766845664931 ], [ -80.020966386756982, 45.152201365807507 ], [ -80.019676563673826, 45.141634558463913 ], [ -80.017577932857762, 45.139486347614628 ], [ -80.008177875815306, 45.139341663783412 ], [ -80.007178717710786, 45.131502155927841 ], [ -80.000663765265557, 45.127802435048316 ], [ -80.003539085804547, 45.124250759482393 ], [ -80.011161735590818, 45.122259298999886 ], [ -80.018486057758196, 45.123926337019938 ], [ -80.021126124738402, 45.12747435120427 ], [ -80.020599229401085, 45.134103754345659 ], [ -80.024368468337343, 45.135629865882642 ], [ -80.039369231664736, 45.134619175630043 ], [ -80.044923331753736, 45.138277782937053 ], [ -80.039078837844812, 45.142405190119931 ], [ -80.042832311851228, 45.148286898506662 ], [ -80.043366354585046, 45.153810789057509 ], [ -80.047249701152211, 45.153963141080936 ], [ -80.0618605861726, 45.149725423207322 ], [ -80.063927877559962, 45.152330680096931 ], [ -80.070344835347768, 45.153269473323277 ], [ -80.077311069154817, 45.147123894274465 ], [ -80.078103959293244, 45.150640664910512 ], [ -80.075112728381342, 45.154364154424577 ], [ -80.066735352773946, 45.157404165954603 ], [ -80.056481076395883, 45.158452950618653 ] ] ], [ [ [ -82.934493851588925, 45.681023120563474 ], [ -82.933265379077653, 45.678257355917466 ], [ -82.936768389409167, 45.670296225830633 ], [ -82.933076539754381, 45.662689475185196 ], [ -82.935534252678636, 45.656997841862193 ], [ -82.933744001162395, 45.651249260814716 ], [ -82.936896168420006, 45.644199262089181 ], [ -82.935128044599011, 45.637760102166823 ], [ -82.937624844042162, 45.630698717636847 ], [ -82.941936830089801, 45.628474367115949 ], [ -82.954967159605445, 45.632307641892986 ], [ -82.957485631015416, 45.633048244262696 ], [ -82.964526568913712, 45.637958078602963 ], [ -82.971596481564134, 45.649364645154797 ], [ -82.976698274006026, 45.657592833253531 ], [ -82.975949234631827, 45.661015094495411 ], [ -82.969661991039587, 45.663445272273101 ], [ -82.967288656920331, 45.666386165170415 ], [ -82.968010601068812, 45.667726028803379 ], [ -82.968532169374384, 45.668693965686856 ], [ -82.975313932291485, 45.671540039171013 ], [ -82.972330941885858, 45.684319437070997 ], [ -82.957551309401552, 45.686394044345313 ], [ -82.94591565837537, 45.681648971838534 ], [ -82.934493851588925, 45.681023120563474 ] ] ], [ [ [ -82.976073064224124, 45.758316818043987 ], [ -82.980201143939695, 45.751507283851545 ], [ -82.978156075681127, 45.743008142990568 ], [ -82.979034191213273, 45.735237750491542 ], [ -82.983376277792047, 45.732323082208744 ], [ -82.98883049858911, 45.736061640763673 ], [ -83.003770260798376, 45.740166593814067 ], [ -83.007546622961712, 45.74548421974044 ], [ -83.008773968799588, 45.748474929534858 ], [ -83.004234924053051, 45.758255568271323 ], [ -83.000922459210173, 45.759582905893232 ], [ -82.977309934462184, 45.761082494675534 ], [ -82.976073064224124, 45.758316818043987 ] ] ], [ [ [ -83.259506856626246, 45.898889561482612 ], [ -83.278443219443233, 45.889269316604448 ], [ -83.303323357901789, 45.863687543932755 ], [ -83.318081075855218, 45.856641875957528 ], [ -83.31923901433025, 45.856088863933699 ], [ -83.33134094194574, 45.857596044463861 ], [ -83.339169103176133, 45.84486635120264 ], [ -83.349033262406792, 45.843599957933712 ], [ -83.410369839584561, 45.87333183102659 ], [ -83.430673090656995, 45.875143955996023 ], [ -83.449067695590074, 45.889753908364227 ], [ -83.462527488232922, 45.889433815152245 ], [ -83.46585380653795, 45.871153832314263 ], [ -83.472094745709768, 45.870760409588129 ], [ -83.474185610893599, 45.874824400916665 ], [ -83.484409839966673, 45.89468677055288 ], [ -83.471552649962845, 45.897307335797301 ], [ -83.473688560883943, 45.905337118573804 ], [ -83.461984866661766, 45.931769181893713 ], [ -83.459245676217037, 45.932638955640691 ], [ -83.437523704642061, 45.93953231271486 ], [ -83.427757415985653, 45.951106130795161 ], [ -83.432160270210062, 45.96030704316005 ], [ -83.42180713483161, 45.968436150531574 ], [ -83.398482820983105, 45.983069615988988 ], [ -83.368224327622301, 45.984118340778544 ], [ -83.347776756554012, 45.992030363623968 ], [ -83.334659847448805, 45.985811969097249 ], [ -83.328549518583699, 45.965601679390126 ], [ -83.314326756720732, 45.955370468082769 ], [ -83.305492195156191, 45.953898174686778 ], [ -83.305018528045252, 45.96007040828691 ], [ -83.298045006201022, 45.963198387074016 ], [ -83.280268183439574, 45.951090286589285 ], [ -83.268983130214011, 45.95576314689324 ], [ -83.267397719107251, 45.955560148469829 ], [ -83.259155808901824, 45.954504369822217 ], [ -83.255409183682616, 45.94645142259688 ], [ -83.259437239726907, 45.91536886331383 ], [ -83.254074436326889, 45.906606815827629 ], [ -83.259506856626246, 45.898889561482612 ] ] ], [ [ [ -83.005636426902541, 45.962696273606717 ], [ -82.994161200510661, 45.962078003291182 ], [ -82.986363511209007, 45.958762748062568 ], [ -82.980404408410408, 45.960510291086599 ], [ -82.972981483075785, 45.967044495431956 ], [ -82.964009745439441, 45.959362303243083 ], [ -82.965420966488722, 45.955947599459499 ], [ -82.976666835322462, 45.953361205654247 ], [ -82.98187786418849, 45.955039842425847 ], [ -82.99667161160643, 45.95455922198493 ], [ -83.001233863163918, 45.955768469009385 ], [ -83.006391147912723, 45.959503207127845 ], [ -83.005636426902541, 45.962696273606717 ] ] ], [ [ [ -83.102538265753637, 45.828723516802512 ], [ -83.105841777103578, 45.827849917464313 ], [ -83.118292713624726, 45.828013789727635 ], [ -83.123816184975894, 45.829913416673513 ], [ -83.12412494806307, 45.830398540259615 ], [ -83.126020836616448, 45.833377093290473 ], [ -83.124906921450886, 45.838168346268247 ], [ -83.112433101394998, 45.838923816308238 ], [ -83.108748146526253, 45.841853539851812 ], [ -83.091109360541893, 45.83933226713016 ], [ -83.091318098145706, 45.838106530051988 ], [ -83.091498478944104, 45.837047267880578 ], [ -83.097815528653328, 45.833697895378542 ], [ -83.102538265753637, 45.828723516802512 ] ] ], [ [ [ -82.689501452369726, 45.953982975465422 ], [ -82.659113848042054, 45.95874015864419 ], [ -82.650690684379825, 45.955165540744517 ], [ -82.627587586285514, 45.958205481852204 ], [ -82.610924199241978, 45.96478588610983 ], [ -82.593506794516728, 45.955558483738407 ], [ -82.573432249415134, 45.956351718492556 ], [ -82.568275075014057, 45.953742160530773 ], [ -82.566199623818207, 45.911124740289097 ], [ -82.580238513564041, 45.904044928097655 ], [ -82.586449301335719, 45.895683099716372 ], [ -82.604264386454801, 45.893016569122921 ], [ -82.611954470403631, 45.898414323508668 ], [ -82.626466378494854, 45.886989428223551 ], [ -82.641755738846427, 45.881526767893959 ], [ -82.700740431306144, 45.89350525275551 ], [ -82.706623331245282, 45.904132468688339 ], [ -82.71736649052427, 45.906825898727156 ], [ -82.726361541879697, 45.90285510087282 ], [ -82.7344717471547, 45.915576814244567 ], [ -82.728420536758179, 45.929671652799414 ], [ -82.722813506061414, 45.930496231687741 ], [ -82.70581383087449, 45.918311656315119 ], [ -82.702731842772337, 45.92215338470335 ], [ -82.707446436632083, 45.938255146714049 ], [ -82.689501452369726, 45.953982975465422 ] ] ], [ [ [ -81.7567780764453, 45.308158240308053 ], [ -81.764331601254582, 45.306510347444139 ], [ -81.769168783682787, 45.307319146751162 ], [ -81.769276548212602, 45.309746553414719 ], [ -81.769321374524608, 45.310756210305072 ], [ -81.763369509865271, 45.31290003005978 ], [ -81.748712965724565, 45.313452815115177 ], [ -81.734019503318677, 45.321338009164698 ], [ -81.72844895305586, 45.322112587167574 ], [ -81.729716264550106, 45.316417000130997 ], [ -81.725717374507141, 45.311736350111417 ], [ -81.713860940522693, 45.308459430036805 ], [ -81.709199225971034, 45.304217783472431 ], [ -81.705820330188459, 45.293826684782346 ], [ -81.695679339660401, 45.288756665802239 ], [ -81.697403615821642, 45.286738780734396 ], [ -81.702683172652385, 45.285270215259963 ], [ -81.703891026006929, 45.28423731522517 ], [ -81.710488824943809, 45.278594146876721 ], [ -81.7192243731415, 45.285685806249212 ], [ -81.729967778257816, 45.285266303268898 ], [ -81.733888691713886, 45.291320071914093 ], [ -81.741144755754959, 45.297175765664562 ], [ -81.743265707460964, 45.298885007538388 ], [ -81.738931744395416, 45.301070255530512 ], [ -81.747401885225585, 45.307235299080354 ], [ -81.7567780764453, 45.308158240308053 ] ] ], [ [ [ -82.619406966834362, 42.529815718180522 ], [ -82.616286139797211, 42.53090298961498 ], [ -82.605017998260863, 42.53519822059193 ], [ -82.586186560169978, 42.546134455859153 ], [ -82.583097087886685, 42.545848564643507 ], [ -82.576612476896713, 42.535876913784492 ], [ -82.567807146672251, 42.519870356264526 ], [ -82.567516945962922, 42.514281915345634 ], [ -82.569958795040847, 42.510326386694118 ], [ -82.573408120790035, 42.504737739001961 ], [ -82.578092081541158, 42.503967105394942 ], [ -82.580526774188144, 42.502727586109899 ], [ -82.590361971493508, 42.48687025322819 ], [ -82.591635686065572, 42.496312915863051 ], [ -82.592840981449868, 42.505245268723201 ], [ -82.588522290949413, 42.513874120012595 ], [ -82.591833468303477, 42.5166816698367 ], [ -82.606879627541346, 42.521084117929725 ], [ -82.609275570758342, 42.523647559692243 ], [ -82.6079555503417, 42.526146027178733 ], [ -82.605262272867094, 42.52957551244063 ], [ -82.609023654776081, 42.529987388840787 ], [ -82.620467329376581, 42.525997321410173 ], [ -82.619406966834362, 42.529815718180522 ] ] ], [ [ [ -82.608389637792598, 42.538596926464059 ], [ -82.616119509803667, 42.536381063998526 ], [ -82.631569506451982, 42.534134266465855 ], [ -82.668329931208433, 42.519463310185827 ], [ -82.668215536655438, 42.523297117509728 ], [ -82.656976416831185, 42.52945015707887 ], [ -82.652696066571323, 42.532913783029393 ], [ -82.651528181235165, 42.537514182201569 ], [ -82.634529580228531, 42.54770684803929 ], [ -82.632316256088288, 42.549041855959636 ], [ -82.621452581517858, 42.549301364748345 ], [ -82.613783463711556, 42.546642294442904 ], [ -82.606192776065726, 42.541690963991826 ], [ -82.608389637792598, 42.538596926464059 ] ] ], [ [ [ -82.679588034419979, 41.812696654069462 ], [ -82.666564427577384, 41.807653732364372 ], [ -82.659210063982172, 41.807749298963728 ], [ -82.654211600225764, 41.810636814749373 ], [ -82.646276738623811, 41.809576176688488 ], [ -82.643767649851355, 41.811361873611268 ], [ -82.640327075369058, 41.822981604562273 ], [ -82.639150038627278, 41.824587924955082 ], [ -82.635191650029384, 41.829989181582356 ], [ -82.631613681508199, 41.826944865374124 ], [ -82.631791580535022, 41.826381376101459 ], [ -82.632979276869236, 41.822619065599554 ], [ -82.625509664614569, 41.807363804575424 ], [ -82.623648233662038, 41.798628162672387 ], [ -82.625294690032987, 41.776437717814488 ], [ -82.61695496701563, 41.750401986660087 ], [ -82.618634132690133, 41.745851019952291 ], [ -82.623990421819087, 41.741368940811661 ], [ -82.631429044593759, 41.738527090489129 ], [ -82.648228785491568, 41.739751273449869 ], [ -82.654753087595068, 41.736665607255134 ], [ -82.663015714989982, 41.727193512078884 ], [ -82.665265510327316, 41.714406531655854 ], [ -82.667875485351203, 41.709416925458108 ], [ -82.671575559583815, 41.708337265231549 ], [ -82.673040159279623, 41.710423958042938 ], [ -82.669965434891139, 41.720448843279598 ], [ -82.671544996388988, 41.728490291555033 ], [ -82.678076426633112, 41.735021262508852 ], [ -82.682076684818711, 41.741857803088969 ], [ -82.684172669408611, 41.745439131400921 ], [ -82.685561879821194, 41.759435655483593 ], [ -82.685363339844713, 41.761255114172393 ], [ -82.679588034419979, 41.812696654069462 ] ] ], [ [ [ -76.764399533833227, 44.101618334747833 ], [ -76.766642520940067, 44.106523814700331 ], [ -76.778154964738718, 44.106653199293085 ], [ -76.782481404447694, 44.103140418073522 ], [ -76.788601395648016, 44.101110776762305 ], [ -76.790828185773151, 44.103487333993847 ], [ -76.785678164597243, 44.107981036450653 ], [ -76.786852856863291, 44.112039792890094 ], [ -76.784426931471955, 44.115423331543909 ], [ -76.777056911804237, 44.120069985702187 ], [ -76.778818961131677, 44.121328345212021 ], [ -76.78841024117429, 44.121358970928945 ], [ -76.799090979146371, 44.117635935994684 ], [ -76.806179640498669, 44.118067073086095 ], [ -76.808262743863665, 44.119306853751795 ], [ -76.807887576651311, 44.123701259721265 ], [ -76.815319844594185, 44.129167590645878 ], [ -76.810680578338719, 44.132707787791851 ], [ -76.810502046995381, 44.133230331330154 ], [ -76.809070823297546, 44.137418981257063 ], [ -76.798831348560711, 44.144563791421476 ], [ -76.791064424218959, 44.145097576677095 ], [ -76.788935971970133, 44.145242917282062 ], [ -76.783625074095923, 44.145605342315271 ], [ -76.763429141189292, 44.154809770996799 ], [ -76.734413948876195, 44.165071561529281 ], [ -76.727074301450898, 44.172468376770439 ], [ -76.723846506270775, 44.172228010665911 ], [ -76.721657003787683, 44.167775915378918 ], [ -76.706565184061901, 44.169721756737651 ], [ -76.703529351799219, 44.173379838587614 ], [ -76.6987444222503, 44.173471202700277 ], [ -76.688765592694594, 44.177828062834102 ], [ -76.681944944673234, 44.179441344473709 ], [ -76.673239706512831, 44.178880508130007 ], [ -76.669372521589821, 44.180666377789841 ], [ -76.646992669078017, 44.190995657022917 ], [ -76.642972610071368, 44.191076093897642 ], [ -76.642208983799037, 44.191087170750116 ], [ -76.627720941013777, 44.185395694795048 ], [ -76.6224489279533, 44.186669520835011 ], [ -76.619869385320996, 44.181553992746551 ], [ -76.621288684227565, 44.175248398429119 ], [ -76.655527609965333, 44.157881192520129 ], [ -76.657873760683572, 44.156690225502821 ], [ -76.666173840912492, 44.149232224842322 ], [ -76.679274025575651, 44.141908234791707 ], [ -76.681769121663521, 44.131619875190935 ], [ -76.696465154970156, 44.107171720727443 ], [ -76.704621004434756, 44.103627860345206 ], [ -76.703903788152118, 44.110345734204117 ], [ -76.705842037085475, 44.11297019706695 ], [ -76.712265319835907, 44.113226137614106 ], [ -76.721856169876162, 44.108434671014777 ], [ -76.72766248601782, 44.1112580036243 ], [ -76.733475311731567, 44.111780124003438 ], [ -76.746187044506968, 44.108842901735848 ], [ -76.755983036216108, 44.100812839399346 ], [ -76.764399533833227, 44.101618334747833 ] ] ], [ [ [ -76.526193976053747, 44.161589509868648 ], [ -76.550372138350042, 44.150786576585723 ], [ -76.556620247224927, 44.149680214545732 ], [ -76.560282669535752, 44.150817325914133 ], [ -76.554819496648832, 44.158076501189001 ], [ -76.532434432720578, 44.172900095778459 ], [ -76.531152455831744, 44.18034286002564 ], [ -76.529160772803024, 44.182314883143682 ], [ -76.518266633530928, 44.182116681955044 ], [ -76.51115568536143, 44.183966590359105 ], [ -76.506540023749722, 44.180365422310665 ], [ -76.498375440088864, 44.179063895608316 ], [ -76.509554245616158, 44.171427062707508 ], [ -76.522394377506288, 44.166899094600367 ], [ -76.526193976053747, 44.161589509868648 ] ] ], [ [ [ -76.514322142004929, 44.161226385283499 ], [ -76.507044130252552, 44.169294568305553 ], [ -76.502717576615979, 44.170499620765838 ], [ -76.490997692981068, 44.178861746151426 ], [ -76.489234921797518, 44.179636435048714 ], [ -76.473136808020925, 44.18670587146925 ], [ -76.47235496288063, 44.187251462098374 ], [ -76.471076672261617, 44.188143446222981 ], [ -76.465498638138584, 44.192035188420263 ], [ -76.459532549988765, 44.192889969364956 ], [ -76.456907496587931, 44.189841680769447 ], [ -76.447828386050546, 44.193885373683607 ], [ -76.438230016816149, 44.193824804014049 ], [ -76.424763685931552, 44.198616693197849 ], [ -76.402258578688887, 44.197688552239043 ], [ -76.39454998566724, 44.197369314467707 ], [ -76.392504756338369, 44.193825497949625 ], [ -76.388873787452042, 44.192909766424165 ], [ -76.378634845416329, 44.195416429734081 ], [ -76.359018419559433, 44.18174795613271 ], [ -76.348527643269776, 44.182198343317197 ], [ -76.340591706699669, 44.187767767343921 ], [ -76.330520390822926, 44.196694048156971 ], [ -76.328194016147151, 44.190865259980733 ], [ -76.338005279685277, 44.184944501936499 ], [ -76.3472152583915, 44.171707976440821 ], [ -76.353211393108111, 44.171089421734273 ], [ -76.357713935578332, 44.168728277228013 ], [ -76.361812101463002, 44.160649035589664 ], [ -76.372570816596721, 44.154663693501824 ], [ -76.385457262183692, 44.142788516755587 ], [ -76.382604408296473, 44.137917449740144 ], [ -76.376821319210137, 44.137604311571209 ], [ -76.362874283907615, 44.14357116502191 ], [ -76.359564334213744, 44.137578267158091 ], [ -76.364057304974509, 44.136468140282048 ], [ -76.365070062474018, 44.136217644426289 ], [ -76.377225993355765, 44.13320989714601 ], [ -76.382978437017471, 44.129185270149584 ], [ -76.386504860736892, 44.126717555822623 ], [ -76.388090965270123, 44.125607510504054 ], [ -76.401594775819717, 44.118751761801171 ], [ -76.413801585705187, 44.116802121612508 ], [ -76.419531600195711, 44.114128434605348 ], [ -76.424978528542127, 44.10664725597838 ], [ -76.438652244292783, 44.098624674810061 ], [ -76.441726315461793, 44.100261321236381 ], [ -76.436492038208129, 44.106810933058426 ], [ -76.43729255649707, 44.108138604068536 ], [ -76.442999964084379, 44.107764278127902 ], [ -76.460991748759781, 44.116236611513386 ], [ -76.468940882530674, 44.115942412812977 ], [ -76.480201488227294, 44.108865953876688 ], [ -76.482834985281627, 44.107210508678449 ], [ -76.490175397906256, 44.104654627848682 ], [ -76.492479765447555, 44.10519274581393 ], [ -76.490091300766636, 44.108602952419034 ], [ -76.489778716905306, 44.109049216515139 ], [ -76.48266802470603, 44.112922454021309 ], [ -76.467675432226144, 44.121085225762577 ], [ -76.458671655114429, 44.133170409290479 ], [ -76.457939653648879, 44.135329701281869 ], [ -76.45587967083199, 44.141402300158418 ], [ -76.452423455942736, 44.144385581266128 ], [ -76.454642250705248, 44.146769552225358 ], [ -76.465965154575443, 44.145334980472029 ], [ -76.47220660958196, 44.139178129469947 ], [ -76.478256761933494, 44.136480619802882 ], [ -76.49164736915624, 44.136286246464635 ], [ -76.494706346908359, 44.140222544960132 ], [ -76.514345709598629, 44.136393280678355 ], [ -76.515039000731846, 44.141866950901125 ], [ -76.514698523741259, 44.142258481427781 ], [ -76.510583680662819, 44.146989749277516 ], [ -76.509232964122731, 44.151445444627839 ], [ -76.504312322207312, 44.155451135352493 ], [ -76.505525200334191, 44.157438231834838 ], [ -76.518548928459651, 44.15933454060989 ], [ -76.514322142004929, 44.161226385283499 ] ] ], [ [ [ -76.288969930179661, 44.25866779103383 ], [ -76.310409857808807, 44.248326210306814 ], [ -76.332276208236266, 44.251747897083817 ], [ -76.339928631031995, 44.248955855161114 ], [ -76.349992866634622, 44.250142160956578 ], [ -76.350572732306702, 44.252175352964422 ], [ -76.345910394450172, 44.260979598399373 ], [ -76.349809061605953, 44.261418347788918 ], [ -76.359216222974368, 44.253712988705097 ], [ -76.359185041447574, 44.257386321739276 ], [ -76.354135412441067, 44.262745954895188 ], [ -76.349686589574588, 44.265564892534037 ], [ -76.337128684130775, 44.267522064334237 ], [ -76.332641731853755, 44.272640968255132 ], [ -76.322791229068713, 44.278332731971389 ], [ -76.313057044748007, 44.279877658197783 ], [ -76.297895834274428, 44.294411535801466 ], [ -76.288412254729039, 44.298009022992005 ], [ -76.271542285281583, 44.301384500740596 ], [ -76.268253492314727, 44.298149595382405 ], [ -76.271160834346801, 44.294190474202949 ], [ -76.273732995530423, 44.290673269036539 ], [ -76.288343449730633, 44.279396829267434 ], [ -76.286993545807633, 44.276265129106164 ], [ -76.277424547260566, 44.281704525899613 ], [ -76.264134693428701, 44.285542369413932 ], [ -76.265529808994756, 44.291657134333079 ], [ -76.253315550724849, 44.30162906992566 ], [ -76.237949266201284, 44.301689828640974 ], [ -76.238658678750099, 44.297047621223683 ], [ -76.232935410441826, 44.297409786765598 ], [ -76.219278721781805, 44.306091635364069 ], [ -76.210932291847911, 44.305932074209409 ], [ -76.207040946016519, 44.302960089068044 ], [ -76.215761828970329, 44.287929974867545 ], [ -76.221148559208615, 44.284104091949061 ], [ -76.226069843517763, 44.28060982110852 ], [ -76.230693710903694, 44.279167956419805 ], [ -76.236430895207619, 44.28155969678415 ], [ -76.259457243236952, 44.265842972093402 ], [ -76.266591782919889, 44.264008508346514 ], [ -76.283270640283078, 44.264321193806417 ], [ -76.288969930179661, 44.25866779103383 ] ] ], [ [ [ -79.8608166519235, 44.89505522640426 ], [ -79.850424567249831, 44.895768412441271 ], [ -79.845329252992258, 44.898770457770269 ], [ -79.834814144833217, 44.896959306000213 ], [ -79.825624808036167, 44.886943516588417 ], [ -79.822419960184362, 44.890479697265064 ], [ -79.819745087146217, 44.889517764569611 ], [ -79.815209768318965, 44.887886514563938 ], [ -79.809105125310026, 44.883504417258337 ], [ -79.820183679754962, 44.882359192262676 ], [ -79.823800705441315, 44.885490770593748 ], [ -79.827660100810661, 44.885987060863044 ], [ -79.84489953519703, 44.888201776138395 ], [ -79.847775515225209, 44.884650455703188 ], [ -79.846892820888925, 44.877402815053927 ], [ -79.846231582538962, 44.871972126671949 ], [ -79.839217565442667, 44.866865322477075 ], [ -79.842321978182397, 44.864469976070943 ], [ -79.852242997899182, 44.865571855796496 ], [ -79.857312865027183, 44.831144291672146 ], [ -79.860106062520103, 44.828507599897563 ], [ -79.863701558559356, 44.82796960236265 ], [ -79.865074861462702, 44.829308481365949 ], [ -79.866394161519892, 44.830601612152876 ], [ -79.869907236592738, 44.850931494791979 ], [ -79.867977448262593, 44.867983889083405 ], [ -79.867581768827336, 44.871478852509796 ], [ -79.862194930135061, 44.878138897240063 ], [ -79.862982546120591, 44.880461883964372 ], [ -79.873374371670437, 44.879744289892209 ], [ -79.879685122761757, 44.88160953969421 ], [ -79.880501012620499, 44.883478507546577 ], [ -79.871567105060549, 44.889993218818006 ], [ -79.85651287946844, 44.888452871044024 ], [ -79.8608166519235, 44.89505522640426 ] ] ], [ [ [ -79.975035976992302, 44.929305867246839 ], [ -79.975852809386126, 44.923144859945047 ], [ -79.982361813746095, 44.914463557389546 ], [ -79.982690151914696, 44.898191279726646 ], [ -79.992075006902965, 44.889853027870203 ], [ -79.996706127625544, 44.876277330763493 ], [ -79.999834976804351, 44.878196412727938 ], [ -80.000711797990704, 44.878733759840372 ], [ -80.009203984173524, 44.897878614685069 ], [ -80.007448040649066, 44.903771923505523 ], [ -79.999832839735447, 44.912872822885021 ], [ -79.998162387345374, 44.91486768336479 ], [ -79.989769147152714, 44.918888329806734 ], [ -79.981086798237712, 44.930465452715318 ], [ -79.975035976992302, 44.929305867246839 ] ] ], [ [ [ -80.160651454066269, 44.894442895347076 ], [ -80.166160537855461, 44.894198339271625 ], [ -80.17454577833621, 44.890166660990715 ], [ -80.191033494934828, 44.898367852724441 ], [ -80.191826164398947, 44.909177540749617 ], [ -80.181610066768172, 44.907636547539376 ], [ -80.173057291118141, 44.909600920716805 ], [ -80.156562587118728, 44.909879774750848 ], [ -80.157181062993757, 44.906004371544036 ], [ -80.155082432370889, 44.903860838127713 ], [ -80.153801283347917, 44.895324139379142 ], [ -80.15601311084805, 44.891742293631189 ], [ -80.160651454066269, 44.894442895347076 ] ] ], [ [ [ -80.118094311892349, 44.864122452951712 ], [ -80.127845561941044, 44.8674829992922 ], [ -80.131819988517606, 44.874520364967864 ], [ -80.119344865842578, 44.881370897737163 ], [ -80.115896730424922, 44.880089306074751 ], [ -80.113310724461385, 44.875859674379313 ], [ -80.114631318792888, 44.87132438704613 ], [ -80.113325470157321, 44.867376235460107 ], [ -80.109617483564975, 44.865167759863006 ], [ -80.1014695397688, 44.866220651518425 ], [ -80.096160155273949, 44.863951410374753 ], [ -80.091665468470069, 44.859415787695362 ], [ -80.090605846374288, 44.848137420762967 ], [ -80.093512628767911, 44.839764385344829 ], [ -80.102554235471985, 44.835534230428955 ], [ -80.113747042202505, 44.836892240265641 ], [ -80.120674733633322, 44.834870126040492 ], [ -80.123077030572091, 44.837254103728768 ], [ -80.122078043819755, 44.842212901469061 ], [ -80.120979422116022, 44.84772475448446 ], [ -80.122466923157148, 44.853514737619797 ], [ -80.117041430273531, 44.861097579480663 ], [ -80.118094311892349, 44.864122452951712 ] ] ], [ [ [ -80.203470203764795, 44.853669143245064 ], [ -80.188028629287189, 44.857206055669238 ], [ -80.173950782370468, 44.872486887413444 ], [ -80.160943492356594, 44.85684797809509 ], [ -80.149513940127036, 44.850211226026353 ], [ -80.145806841776022, 44.822777399687439 ], [ -80.175775326340499, 44.814766363738258 ], [ -80.182916918276803, 44.80563816650092 ], [ -80.177500604994307, 44.792127714064314 ], [ -80.15610241263505, 44.783647207259129 ], [ -80.151208642461057, 44.781706593942175 ], [ -80.151921922134406, 44.78138836665449 ], [ -80.156885226812847, 44.779173733746539 ], [ -80.196985757238778, 44.794484235251261 ], [ -80.205256863546552, 44.800304648419797 ], [ -80.21041366956949, 44.813117186066862 ], [ -80.220821025890388, 44.816268012847516 ], [ -80.220957292702721, 44.816375856085521 ], [ -80.236957849202113, 44.829034315467695 ], [ -80.237315873923421, 44.841435518890862 ], [ -80.227137903831562, 44.852284104988279 ], [ -80.235102967933969, 44.862216707077764 ], [ -80.232134007886572, 44.880221234710582 ], [ -80.227251325564538, 44.880720995406669 ], [ -80.224825284813775, 44.877455927853703 ], [ -80.208498376321302, 44.855469786792874 ], [ -80.203470203764795, 44.853669143245064 ] ] ], [ [ [ -80.955232130832499, 44.875951972467156 ], [ -80.96232010739611, 44.865862607226539 ], [ -80.966525203697003, 44.865767219924265 ], [ -80.968943565900943, 44.867514985865533 ], [ -80.970842738754868, 44.868887400165171 ], [ -80.977941406496669, 44.891584738733386 ], [ -80.978373464565635, 44.892965526590004 ], [ -80.977259558218549, 44.900491858652636 ], [ -80.974215585550141, 44.902689089951046 ], [ -80.96708206638074, 44.903150870318591 ], [ -80.960946377239168, 44.899518440106071 ], [ -80.952760793799143, 44.894670968025508 ], [ -80.950883631960849, 44.888651439241656 ], [ -80.951493501349404, 44.886870760675066 ], [ -80.955232130832499, 44.875951972467156 ] ] ], [ [ [ -80.920236206855563, 44.832423189928463 ], [ -80.919274415829975, 44.837435708196317 ], [ -80.912819906215617, 44.842501622494986 ], [ -80.90594497112258, 44.854197534587662 ], [ -80.902610909876586, 44.855925597982562 ], [ -80.900814330261838, 44.855806778342647 ], [ -80.895867108202367, 44.855479397455206 ], [ -80.888297868193888, 44.852709894298151 ], [ -80.883247139033614, 44.845896857774065 ], [ -80.882011471692977, 44.830039537288108 ], [ -80.884902763842547, 44.825091602323219 ], [ -80.911907117413591, 44.824282980555871 ], [ -80.91430774159582, 44.824210700395419 ], [ -80.918313433373271, 44.827090550490958 ], [ -80.920236206855563, 44.832423189928463 ] ] ], [ [ [ -80.972051307951247, 44.846453561243081 ], [ -80.967936345269393, 44.848391617488588 ], [ -80.961451552738609, 44.848871902377716 ], [ -80.959680650151469, 44.846296848411754 ], [ -80.961190948504679, 44.837633835881853 ], [ -80.958124908230616, 44.829970340142118 ], [ -80.962076405048492, 44.823447108089958 ], [ -80.966638388487524, 44.822676690862778 ], [ -80.973071086840108, 44.817839777763993 ], [ -80.976977691096693, 44.817275386741166 ], [ -80.990337325531485, 44.821791857267087 ], [ -80.991183411484926, 44.82207779805298 ], [ -80.990649068298694, 44.825499286007741 ], [ -80.98275189546834, 44.828001516563866 ], [ -80.979014099617004, 44.83109156475571 ], [ -80.978480242258811, 44.834513435819026 ], [ -80.98405696018277, 44.838129990117949 ], [ -80.983889322377607, 44.840876234052672 ], [ -80.972051307951247, 44.846453561243081 ] ] ], [ [ [ -80.114949353304894, 45.393497341277282 ], [ -80.108296090224044, 45.395301586337617 ], [ -80.105114347054936, 45.394260014598267 ], [ -80.099048084070347, 45.380266767126038 ], [ -80.103953485853168, 45.363260042997972 ], [ -80.105510297692319, 45.372492156080952 ], [ -80.107356769438724, 45.373938052778108 ], [ -80.115489973599864, 45.369898252169619 ], [ -80.119709258707857, 45.370062392361213 ], [ -80.122486609341038, 45.372004257873975 ], [ -80.122601204836485, 45.374762455643783 ], [ -80.115711692133928, 45.379538564786372 ], [ -80.114949353304894, 45.393497341277282 ] ] ], [ [ [ -81.044981018048858, 45.942275073574393 ], [ -81.028790450579351, 45.943610648125265 ], [ -81.02985101570853, 45.937228643430863 ], [ -81.038953459436314, 45.92834396830267 ], [ -81.047308160560036, 45.926081609945953 ], [ -81.057074377714585, 45.927523284299099 ], [ -81.05795943859134, 45.929152138512165 ], [ -81.053785897096006, 45.932921184784696 ], [ -81.043653433138999, 45.937193931130842 ], [ -81.044981018048858, 45.942275073574393 ] ] ], [ [ [ -81.00546574626533, 45.922508239438422 ], [ -81.005046138417015, 45.929138119780674 ], [ -81.021236296308615, 45.927802400498429 ], [ -81.023029699241889, 45.930606521597994 ], [ -81.015369930896526, 45.937473051518779 ], [ -81.009791700665488, 45.93730186381412 ], [ -81.003269181207344, 45.941681395854246 ], [ -80.996409063928226, 45.941009932404555 ], [ -80.988467178455707, 45.936642363538631 ], [ -80.976159900558514, 45.933739594567498 ], [ -80.974709798988769, 45.930717892954327 ], [ -80.97764034414493, 45.925995841087868 ], [ -80.984262968649546, 45.925285805886745 ], [ -80.992823315399235, 45.919826935714951 ], [ -81.000994761331441, 45.920536642069564 ], [ -81.00546574626533, 45.922508239438422 ] ] ], [ [ [ -82.243321802292115, 46.11080194866522 ], [ -82.239240365350014, 46.113922478052736 ], [ -82.231565227407927, 46.116059147121518 ], [ -82.221371832308677, 46.115620162336363 ], [ -82.196048365017631, 46.106628565683337 ], [ -82.196490531970056, 46.104118900609954 ], [ -82.199810360336983, 46.10350065843911 ], [ -82.21313935059807, 46.107666231583131 ], [ -82.219082528944185, 46.107330784858192 ], [ -82.228168832717103, 46.10294003278311 ], [ -82.235448332416439, 46.102173423052946 ], [ -82.238606680564388, 46.105442619225073 ], [ -82.244091807019842, 46.10807067168075 ], [ -82.243321802292115, 46.11080194866522 ] ] ], [ [ [ -82.310759946566961, 46.113525608316031 ], [ -82.309913763468543, 46.118088028183465 ], [ -82.296744323062299, 46.117824779409311 ], [ -82.294219480956485, 46.115028704927866 ], [ -82.296447439243323, 46.108894321286378 ], [ -82.293861121480589, 46.107696784435497 ], [ -82.277625192000713, 46.109890327899009 ], [ -82.271826964769616, 46.106800250119441 ], [ -82.263662012874605, 46.105034244227504 ], [ -82.261464514560984, 46.102470201685222 ], [ -82.265547711957637, 46.099346216543992 ], [ -82.275450916151229, 46.098858165607069 ], [ -82.286429341519067, 46.09610385986236 ], [ -82.298590631453962, 46.096801494713681 ], [ -82.304077232550597, 46.099659025421495 ], [ -82.305770248961238, 46.106559885322724 ], [ -82.310759946566961, 46.113525608316031 ] ] ], [ [ [ -82.369821804627264, 46.144665039034777 ], [ -82.363397792995841, 46.140418954349251 ], [ -82.362520724996401, 46.137657561082271 ], [ -82.363451043705979, 46.130806024255584 ], [ -82.367175053400558, 46.128360736447057 ], [ -82.379007060267753, 46.12927231041418 ], [ -82.386362675267776, 46.126437742710401 ], [ -82.403705436260665, 46.129745281191312 ], [ -82.429546470088454, 46.126338672549402 ], [ -82.451298555546884, 46.126285469294352 ], [ -82.468387548228577, 46.127517375912426 ], [ -82.474492568546168, 46.131751646425691 ], [ -82.506796267710243, 46.131652646490281 ], [ -82.50965380618274, 46.134707942795949 ], [ -82.510282189177005, 46.135379749226097 ], [ -82.506855896666721, 46.138748025175566 ], [ -82.49371147098222, 46.137824849712459 ], [ -82.489346104194709, 46.139804684294724 ], [ -82.483732058962104, 46.140159869354839 ], [ -82.468296442191701, 46.138503984662442 ], [ -82.459202408139816, 46.135131635409657 ], [ -82.445995961048013, 46.135574211933601 ], [ -82.434178234962758, 46.138977216279734 ], [ -82.427333366341955, 46.140948880812793 ], [ -82.378856216269611, 46.141403233301908 ], [ -82.375117408827933, 46.144306671523076 ], [ -82.369821804627264, 46.144665039034777 ] ] ], [ [ [ -87.565478692582829, 48.772436714990526 ], [ -87.573343438651008, 48.773436571048933 ], [ -87.580446839896979, 48.7714291215676 ], [ -87.584932195272032, 48.771605793475693 ], [ -87.588875951536195, 48.777709668881656 ], [ -87.593803921641381, 48.780651325086744 ], [ -87.595595744985829, 48.787583159880064 ], [ -87.600424509240327, 48.791661993259375 ], [ -87.599943230356075, 48.800794342429995 ], [ -87.604260581455861, 48.802793263095303 ], [ -87.602696415542965, 48.804793351257118 ], [ -87.594921655257167, 48.806544282082712 ], [ -87.585926255700954, 48.806417713259428 ], [ -87.574781458815337, 48.795682553078109 ], [ -87.572790032052396, 48.798577940960236 ], [ -87.574506228687611, 48.802537707067778 ], [ -87.571987808459397, 48.803579046390709 ], [ -87.564260314170767, 48.800984280465798 ], [ -87.543572960128628, 48.788725583809672 ], [ -87.53669270172405, 48.780672457928269 ], [ -87.541126088809136, 48.777647013611819 ], [ -87.547755516279324, 48.776994756026042 ], [ -87.552156978814764, 48.778085998040588 ], [ -87.557809323926904, 48.782431484484967 ], [ -87.56250852801351, 48.786044829113472 ], [ -87.564354527372814, 48.784747564445297 ], [ -87.564272011506702, 48.778109172117652 ], [ -87.562205420342522, 48.774137738912138 ], [ -87.565478692582829, 48.772436714990526 ] ] ], [ [ [ -88.100751149700599, 48.924062762302427 ], [ -88.100774178740892, 48.928178305808032 ], [ -88.097401899380912, 48.931264206649118 ], [ -88.088070328383054, 48.93505650742155 ], [ -88.08171510807702, 48.940782442744101 ], [ -88.075954177756429, 48.943322646089456 ], [ -88.056055242241754, 48.944688978282343 ], [ -88.030609225828201, 48.937386839910694 ], [ -88.026382369515801, 48.933808962799056 ], [ -88.025406583398947, 48.920281937524123 ], [ -88.014137068157808, 48.896787078122209 ], [ -88.020295003161323, 48.885109751377385 ], [ -88.024079111409179, 48.885476652678562 ], [ -88.031938105674598, 48.891240079804803 ], [ -88.035989042750884, 48.896870317963668 ], [ -88.044382294861606, 48.896023489878729 ], [ -88.053385753670625, 48.900456313584378 ], [ -88.061801247920286, 48.91218696022591 ], [ -88.070415183656436, 48.912945724987964 ], [ -88.074200077888307, 48.917649665409797 ], [ -88.078045453695793, 48.917325200596942 ], [ -88.085384959879292, 48.91232378889547 ], [ -88.088643231106317, 48.914811110458366 ], [ -88.100751149700599, 48.924062762302427 ] ] ], [ [ [ -88.141195653277464, 48.930486084751955 ], [ -88.131536075992571, 48.929696630758627 ], [ -88.127508365689252, 48.927956973666952 ], [ -88.117925725770348, 48.917565912244989 ], [ -88.123418874540903, 48.905179491314193 ], [ -88.13039231237056, 48.904732728954222 ], [ -88.162146364774529, 48.919999473319372 ], [ -88.164939153609538, 48.924207436797971 ], [ -88.16294026729291, 48.927571671538857 ], [ -88.15860631459833, 48.929708501641294 ], [ -88.141195653277464, 48.930486084751955 ] ] ] ] } },
{ "type": "Feature", "properties": { "featurecla": "Admin-1 scale rank", "scalerank": 2, "adm1_code": "CAN-631", "diss_me": 631, "iso_3166_2": "CA-SK", "wikipedia": "http://en.wikipedia.org/wiki/Saskatchewan", "iso_a2": "CA", "adm0_sr": 1, "name": "Saskatchewan", "name_alt": null, "name_local": null, "type": "Province", "type_en": "Province", "code_local": null, "code_hasc": "CA.SK", "note": null, "hasc_maybe": null, "region": "Western Canada", "region_cod": null, "provnum_ne": 13, "gadm_level": 1, "check_me": 20, "datarank": 2, "abbrev": "Sask.", "postal": "SK", "area_sqkm": 0, "sameascity": -99, "labelrank": 2, "name_len": 12, "mapcolor9": 2, "mapcolor13": 2, "fips": "CA11", "fips_alt": null, "woe_id": 2344925, "woe_label": "Saskatchewan, CA, Canada", "woe_name": "Saskatchewan", "latitude": 54.4965, "longitude": -105.682, "sov_a3": "CAN", "adm0_a3": "CAN", "adm0_label": 2, "admin": "Canada", "geonunit": "Canada", "gu_a3": "CAN", "gn_id": 6141242, "gn_name": "Saskatchewan", "gns_id": -573211, "gns_name": "Saskatchewan, Province de", "gn_level": 1, "gn_region": null, "gn_a1_code": "CA.11", "region_sub": "Prairies", "sub_code": null, "gns_level": 1, "gns_lang": "fra", "gns_adm1": "CA11", "gns_region": null, "min_label": 3.5, "max_label": 7.5, "min_zoom": 2.0, "wikidataid": "Q1989", "name_ar": "ساسكاتشوان", "name_bn": "সাসক্যাচুয়ান", "name_de": "Saskatchewan", "name_en": "Saskatchewan", "name_es": "Saskatchewan", "name_fr": "Saskatchewan", "name_el": "Σασκάτσουαν", "name_hi": "सैस्कैचेवेन", "name_hu": "Saskatchewan", "name_id": "Saskatchewan", "name_it": "Saskatchewan", "name_ja": "サスカチュワン州", "name_ko": "서스캐처원", "name_nl": "Saskatchewan", "name_pl": "Saskatchewan", "name_pt": "Saskatchewan", "name_ru": "Саскачеван", "name_sv": "Saskatchewan", "name_tr": "Saskatchewan", "name_vi": "Saskatchewan", "name_zh": "萨斯喀彻温", "ne_id": 1159308773, "name_he": "ססקצ'ואן", "name_uk": "Саскачеван", "name_ur": "ساسکچیوان", "name_fa": "سسکچوان", "name_zht": "薩斯喀徹溫", "FCLASS_ISO": null, "FCLASS_US": null, "FCLASS_FR": null, "FCLASS_RU": null, "FCLASS_ES": null, "FCLASS_CN": null, "FCLASS_TW": null, "FCLASS_IN": null, "FCLASS_NP": null, "FCLASS_PK": null, "FCLASS_DE": null, "FCLASS_GB": null, "FCLASS_BR": null, "FCLASS_IL": null, "FCLASS_PS": null, "FCLASS_SA": null, "FCLASS_EG": null, "FCLASS_MA": null, "FCLASS_PT": null, "FCLASS_AR": null, "FCLASS_JP": null, "FCLASS_KO": null, "FCLASS_VN": null, "FCLASS_TR": null, "FCLASS_ID": null, "FCLASS_PL": null, "FCLASS_GR": null, "FCLASS_IT": null, "FCLASS_NL": null, "FCLASS_SE": null, "FCLASS_BD": null, "FCLASS_UA": null, "FCLASS_TLC": null }, "geometry": { "type": "MultiPolygon", "coordinates": [ [ [ [ -109.999432144043411, 48.993082694652713 ], [ -109.999432144043411, 49.337965520308956 ], [ -109.999454116700505, 49.681958453353104 ], [ -109.999454116700505, 50.02594040006872 ], [ -109.999481582521867, 50.369900374127269 ], [ -109.999509048343228, 50.71386034818579 ], [ -109.999509048343228, 51.057842294901405 ], [ -109.999531021000308, 51.401824241617049 ], [ -109.99955848682167, 51.74578421567557 ], [ -109.999585952643031, 52.089744189734091 ], [ -109.999613418464392, 52.433726136449707 ], [ -109.999613418464392, 52.777708083165351 ], [ -109.999635391121487, 53.121668057223872 ], [ -109.999662856942848, 53.465628031282392 ], [ -109.999662856942848, 53.809609977998036 ], [ -109.999690322764209, 54.153591924713652 ], [ -109.99971229542129, 54.497551898772173 ], [ -109.999739761242651, 54.841511872830694 ], [ -109.999767227064012, 55.185471846889243 ], [ -109.999767227064012, 55.529475766261953 ], [ -109.999789199721107, 55.873435740320474 ], [ -109.999816665542454, 56.217395714378995 ], [ -109.999816665542454, 56.561377661094639 ], [ -109.999844131363815, 56.905359607810254 ], [ -109.999871597185177, 57.249319581868775 ], [ -109.999893569842271, 57.593279555927325 ], [ -109.999921035663633, 57.937239529985845 ], [ -109.999921035663633, 58.281254435687089 ], [ -109.999948501484994, 58.625203423417076 ], [ -109.999970474142074, 58.969163397475626 ], [ -109.999970474142074, 59.313145344191241 ], [ -109.999997939963436, 59.65713827723539 ], [ -110.000025405784797, 60.001087264965378 ], [ -109.500130977535648, 60.001087264965378 ], [ -109.000242042450779, 60.001087264965378 ], [ -108.500320148380268, 60.001087264965378 ], [ -108.0004312132954, 60.001087264965378 ], [ -107.500536785046251, 60.001087264965378 ], [ -107.000620384140021, 60.001087264965378 ], [ -106.500731449055138, 60.001087264965378 ], [ -106.000837020805989, 60.001087264965378 ], [ -105.500942592556854, 60.001087264965378 ], [ -105.001053657471971, 60.001087264965378 ], [ -104.501137256565741, 60.001087264965378 ], [ -104.001242828316592, 60.001087264965378 ], [ -103.501353893231723, 60.001087264965378 ], [ -103.001431999161213, 60.001087264965378 ], [ -102.50154306407633, 60.001087264965378 ], [ -102.001648635827195, 60.001087264965378 ], [ -102.001621170005834, 59.739612645615921 ], [ -102.001599197348739, 59.478149012594997 ], [ -102.001544265706016, 59.216696365902635 ], [ -102.001522293048936, 58.955210760224617 ], [ -102.001494827227575, 58.693725154546598 ], [ -102.001445388749119, 58.432250535197142 ], [ -102.001417922927757, 58.170764929519123 ], [ -102.001390457106396, 57.909279323841133 ], [ -102.001341018627954, 57.647848649805837 ], [ -102.001313552806593, 57.386363044127819 ], [ -102.001286086985232, 57.124888424778362 ], [ -102.00123664850679, 56.863402819100344 ], [ -102.001209182685429, 56.601917213422354 ], [ -102.001181716864068, 56.340464566729963 ], [ -102.001132278385612, 56.07900093370904 ], [ -102.00110481256425, 55.817526314359583 ], [ -101.961290357920461, 55.391037040277809 ], [ -101.921497875933738, 54.964602697838757 ], [ -101.881710887111296, 54.538113423756982 ], [ -101.841918405124588, 54.111657108660836 ], [ -101.802125923137879, 53.68520079356469 ], [ -101.762333441151156, 53.258711519482915 ], [ -101.722546452328729, 52.832255204386769 ], [ -101.682753970342006, 52.405798889290622 ], [ -101.642961488355297, 51.979331587865943 ], [ -101.603174499532855, 51.552875272769796 ], [ -101.563382017546147, 51.12641895767365 ], [ -101.523589535559424, 50.69995165624897 ], [ -101.483802546736996, 50.273473368495729 ], [ -101.444010064750273, 49.847039026056677 ], [ -101.404217582763565, 49.420549751974903 ], [ -101.367270559869766, 48.993137626295436 ], [ -101.79364997066611, 48.993137626295436 ], [ -102.220034874626705, 48.993137626295436 ], [ -102.646414285423049, 48.993137626295436 ], [ -103.072799189383645, 48.993137626295436 ], [ -103.499178600179988, 48.993137626295436 ], [ -103.925563504140598, 48.993137626295436 ], [ -104.03392715573527, 48.993137626295436 ], [ -104.351942914936927, 48.993137626295436 ], [ -104.778327818897537, 48.993137626295436 ], [ -105.204707229693867, 48.993137626295436 ], [ -105.631092133654477, 48.993137626295436 ], [ -106.057477037615072, 48.993137626295436 ], [ -106.483856448411416, 48.993137626295436 ], [ -106.910241352372012, 48.993137626295436 ], [ -107.336620763168355, 48.993137626295436 ], [ -107.763005667128951, 48.993137626295436 ], [ -108.189385077925294, 48.993137626295436 ], [ -108.61576998188589, 48.993137626295436 ], [ -109.042149392682234, 48.993104667309808 ], [ -109.468534296642829, 48.993082694652713 ], [ -109.894913707439173, 48.993082694652713 ], [ -109.999432144043411, 48.993082694652713 ] ] ] ] } },
{ "type": "Feature", "properties": { "featurecla": "Admin-1 scale rank", "scalerank": 2, "adm1_code": "USA-3529", "diss_me": 3529, "iso_3166_2": "US-IA", "wikipedia": "http://en.wikipedia.org/wiki/Iowa", "iso_a2": "US", "adm0_sr": 1, "name": "Iowa", "name_alt": "IA|Iowa", "name_local": null, "type": "State", "type_en": "State", "code_local": "US19", "code_hasc": "US.IA", "note": null, "hasc_maybe": null, "region": "Midwest", "region_cod": null, "provnum_ne": 0, "gadm_level": 1, "check_me": 20, "datarank": 1, "abbrev": "Iowa", "postal": "IA", "area_sqkm": 0, "sameascity": -99, "labelrank": 0, "name_len": 4, "mapcolor9": 1, "mapcolor13": 1, "fips": "US19", "fips_alt": null, "woe_id": 2347574, "woe_label": "Iowa, US, United States", "woe_name": "Iowa", "latitude": 42.0423, "longitude": -93.3891, "sov_a3": "US1", "adm0_a3": "USA", "adm0_label": 2, "admin": "United States of America", "geonunit": "United States of America", "gu_a3": "USA", "gn_id": 4862182, "gn_name": "Iowa", "gns_id": -1, "gns_name": null, "gn_level": 1, "gn_region": null, "gn_a1_code": "US.IA", "region_sub": "West North Central", "sub_code": null, "gns_level": -1, "gns_lang": null, "gns_adm1": null, "gns_region": null, "min_label": 3.5, "max_label": 7.5, "min_zoom": 2.0, "wikidataid": "Q1546", "name_ar": "آيوا", "name_bn": "আইওয়া", "name_de": "Iowa", "name_en": "Iowa", "name_es": "Iowa", "name_fr": "Iowa", "name_el": "Άιοβα", "name_hi": "आयोवा", "name_hu": "Iowa", "name_id": "Iowa", "name_it": "Iowa", "name_ja": "アイオワ州", "name_ko": "아이오와", "name_nl": "Iowa", "name_pl": "Iowa", "name_pt": "Iowa", "name_ru": "Айова", "name_sv": "Iowa", "name_tr": "Iowa", "name_vi": "Iowa", "name_zh": "艾奥瓦州", "ne_id": 1159315357, "name_he": "איווה", "name_uk": "Айова", "name_ur": "آئیووا", "name_fa": "آیووا", "name_zht": "愛荷華州", "FCLASS_ISO": null, "FCLASS_US": null, "FCLASS_FR": null, "FCLASS_RU": null, "FCLASS_ES": null, "FCLASS_CN": null, "FCLASS_TW": null, "FCLASS_IN": null, "FCLASS_NP": null, "FCLASS_PK": null, "FCLASS_DE": null, "FCLASS_GB": null, "FCLASS_BR": null, "FCLASS_IL": null, "FCLASS_PS": null, "FCLASS_SA": null, "FCLASS_EG": null, "FCLASS_MA": null, "FCLASS_PT": null, "FCLASS_AR": null, "FCLASS_JP": null, "FCLASS_KO": null, "FCLASS_VN": null, "FCLASS_TR": null, "FCLASS_ID": null, "FCLASS_PL": null, "FCLASS_GR": null, "FCLASS_IT": null, "FCLASS_NL": null, "FCLASS_SE": null, "FCLASS_BD": null, "FCLASS_UA": null, "FCLASS_TLC": null }, "geometry": { "type": "MultiPolygon", "coordinates": [ [ [ [ -91.441952188084855, 40.379449553568691 ], [ -91.529930707065972, 40.432315766522862 ], [ -91.545487348284411, 40.469317721059383 ], [ -91.616854538506857, 40.506879978351634 ], [ -91.627423386566278, 40.530753270277955 ], [ -91.682047412087513, 40.551868993739703 ], [ -91.731529835850125, 40.624653420344345 ], [ -91.983786925551087, 40.623203224976521 ], [ -92.236044015252062, 40.621764015937259 ], [ -92.488301104953024, 40.620313820569436 ], [ -92.740563687818266, 40.618863625201612 ], [ -92.992820777519242, 40.617413429833789 ], [ -93.245077867220203, 40.615974220794499 ], [ -93.497334956921179, 40.614524025426675 ], [ -93.749597539786421, 40.61307383005888 ], [ -94.001854629487383, 40.61163462101959 ], [ -94.254111719188359, 40.610184425651767 ], [ -94.506368808889334, 40.608734230283943 ], [ -94.758631391754577, 40.60728403491612 ], [ -95.010888481455538, 40.605844825876858 ], [ -95.263145571156514, 40.604394630509034 ], [ -95.515430126678837, 40.602944435141211 ], [ -95.765028524872136, 40.601867774943884 ], [ -95.82610701841304, 40.676179301216138 ], [ -95.859000086074047, 40.745107526501812 ], [ -95.838148034497365, 40.777747908606301 ], [ -95.834017174964785, 40.889489856228295 ], [ -95.846596521147774, 41.080333369367793 ], [ -95.870887293558766, 41.1878236078432 ], [ -95.906905971690577, 41.211949585326039 ], [ -95.911168667165697, 41.245183229171914 ], [ -95.883625941505642, 41.28755749836651 ], [ -95.891942592213525, 41.316165897895331 ], [ -95.9360252354967, 41.330986455101311 ], [ -95.949719694026925, 41.367428106882073 ], [ -95.932976529325714, 41.425457894251991 ], [ -95.94356735004223, 41.460932749120872 ], [ -95.981580046804794, 41.473797739845992 ], [ -95.997367400922656, 41.493639049196645 ], [ -95.990956878217176, 41.520489636158402 ], [ -96.011396942473468, 41.537880994243721 ], [ -96.058627168884541, 41.545780164466919 ], [ -96.077770846372616, 41.611280655246816 ], [ -96.068806002280638, 41.734327534940689 ], [ -96.08663681350771, 41.821372215995552 ], [ -96.131230321068188, 41.872436671068499 ], [ -96.153763280912131, 41.92043594047766 ], [ -96.154202734053897, 41.965293119923189 ], [ -96.201383521986514, 42.036121980046971 ], [ -96.295333110531345, 42.132911534520446 ], [ -96.356103986872995, 42.260133219061061 ], [ -96.383751082654214, 42.417776047340283 ], [ -96.451003892836894, 42.505985279220823 ], [ -96.480952624448094, 42.511258716921986 ], [ -96.50632555022068, 42.593579276702911 ], [ -96.533610097159951, 42.630163750754747 ], [ -96.538702260440132, 42.658585382698305 ], [ -96.621769890562035, 42.729535092436095 ], [ -96.62683458802087, 42.757000913796332 ], [ -96.616084465540467, 42.791388122139352 ], [ -96.562575552366454, 42.858569521186467 ], [ -96.513274403024823, 42.969059027354433 ], [ -96.50211229322403, 43.043293649326898 ], [ -96.462687853243537, 43.099181102630723 ], [ -96.461292589518436, 43.12976704129747 ], [ -96.468137072201415, 43.170229689325367 ], [ -96.490280017382034, 43.205528762937547 ], [ -96.555390493498621, 43.231676224872501 ], [ -96.563454458649986, 43.242684526073674 ], [ -96.569941885655268, 43.283322955358301 ], [ -96.542525502773486, 43.309030964151475 ], [ -96.534955922406596, 43.338056844164981 ], [ -96.541646596489954, 43.373454794734045 ], [ -96.581285269877043, 43.434923302938245 ], [ -96.598621696319626, 43.497501430325428 ], [ -96.453618639030395, 43.501170864059162 ], [ -96.128417820960905, 43.501225795701885 ], [ -95.803189537070054, 43.501269741016046 ], [ -95.477966746343469, 43.501324672658768 ], [ -95.152765928273979, 43.501379604301491 ], [ -94.827565110204489, 43.50142354961568 ], [ -94.502342319477918, 43.501478481258374 ], [ -94.177114035587067, 43.501533412901097 ], [ -93.851913217517577, 43.501577358215286 ], [ -93.526712399448087, 43.501632289858009 ], [ -93.201489608721516, 43.501687221500731 ], [ -92.876261324830665, 43.501742153143454 ], [ -92.551065999925441, 43.501786098457615 ], [ -92.22583771603459, 43.501841030100337 ], [ -91.900609432143753, 43.50189596174306 ], [ -91.575414107238529, 43.501939907057249 ], [ -91.245252961831383, 43.502412319184629 ], [ -91.209216306255783, 43.502584142698979 ], [ -90.612181622240939, 42.578299822508569 ], [ -90.640601334948073, 42.527715272987209 ], [ -90.636738197678767, 42.518726373063863 ], [ -90.636889693257956, 42.513199037086153 ], [ -90.637287397137115, 42.512509398930199 ], [ -90.650584970396594, 42.512983570503422 ], [ -90.589632819633962, 42.444802415558769 ], [ -90.484735354694934, 42.383257003054752 ], [ -90.42503564538633, 42.325655682498052 ], [ -90.410489746393935, 42.272075358188516 ], [ -90.346571286924402, 42.21483658647378 ], [ -90.233214349006417, 42.15401627165366 ], [ -90.167516104312739, 42.100304111401584 ], [ -90.14943260752915, 42.053711092046058 ], [ -90.152442861550227, 41.981519927182831 ], [ -90.176612784347242, 41.883642726183467 ], [ -90.217767571073423, 41.813110496930392 ], [ -90.27600609868567, 41.770011130051898 ], [ -90.319237301506689, 41.709652241030653 ], [ -90.347527097507736, 41.6320338298666 ], [ -90.436670167314517, 41.560359022444942 ], [ -90.586732428898316, 41.494726695722505 ], [ -90.754065198953427, 41.449825570962787 ], [ -90.938756368108216, 41.425589730194503 ], [ -91.048114282436131, 41.369098028820787 ], [ -91.082105982951575, 41.280317507855955 ], [ -91.066505396418947, 41.205907104626789 ], [ -91.001334495495385, 41.145965696090201 ], [ -90.963827169845842, 41.082530635076608 ], [ -90.954005392127414, 41.015579948928888 ], [ -91.000125999355532, 40.904683948604799 ], [ -91.102134059887447, 40.749787702461589 ], [ -91.215128448963469, 40.649559427153804 ], [ -91.339043248612327, 40.603977150024349 ], [ -91.394183631575132, 40.536652928706133 ], [ -91.380538611523363, 40.447553804213527 ], [ -91.390777869726463, 40.397126556196127 ], [ -91.441952188084855, 40.379449553568691 ] ] ] ] } },
{ "type": "Feature", "properties": { "featurecla": "Admin-1 scale rank", "scalerank": 2, "adm1_code": "USA-3546", "diss_me": 3546, "iso_3166_2": "US-IL", "wikipedia": "http://en.wikipedia.org/wiki/Illinois", "iso_a2": "US", "adm0_sr": 1, "name": "Illinois", "name_alt": "IL|Ill.", "name_local": null, "type": "State", "type_en": "State", "code_local": "US17", "code_hasc": "US.IL", "note": null, "hasc_maybe": null, "region": "Midwest", "region_cod": null, "provnum_ne": 0, "gadm_level": 1, "check_me": 20, "datarank": 1, "abbrev": "Ill.", "postal": "IL", "area_sqkm": 0, "sameascity": -99, "labelrank": 0, "name_len": 8, "mapcolor9": 1, "mapcolor13": 1, "fips": "US17", "fips_alt": null, "woe_id": 2347572, "woe_label": "Illinois, US, United States", "woe_name": "Illinois", "latitude": 39.946, "longitude": -89.1991, "sov_a3": "US1", "adm0_a3": "USA", "adm0_label": 2, "admin": "United States of America", "geonunit": "United States of America", "gu_a3": "USA", "gn_id": 4896861, "gn_name": "Illinois", "gns_id": -1, "gns_name": null, "gn_level": 1, "gn_region": null, "gn_a1_code": "US.IL", "region_sub": "East North Central", "sub_code": null, "gns_level": -1, "gns_lang": null, "gns_adm1": null, "gns_region": null, "min_label": 3.5, "max_label": 7.5, "min_zoom": 2.0, "wikidataid": "Q1204", "name_ar": "إلينوي", "name_bn": "ইলিনয়", "name_de": "Illinois", "name_en": "Illinois", "name_es": "Illinois", "name_fr": "Illinois", "name_el": "Ιλινόι", "name_hi": "इलिनॉय", "name_hu": "Illinois", "name_id": "Illinois", "name_it": "Illinois", "name_ja": "イリノイ州", "name_ko": "일리노이", "name_nl": "Illinois", "name_pl": "Illinois", "name_pt": "Illinois", "name_ru": "Иллинойс", "name_sv": "Illinois", "name_tr": "Illinois", "name_vi": "Illinois", "name_zh": "伊利诺伊州", "ne_id": 1159315309, "name_he": "אילינוי", "name_uk": "Іллінойс", "name_ur": "الینوائے", "name_fa": "ایلینوی", "name_zht": "伊利諾州", "FCLASS_ISO": null, "FCLASS_US": null, "FCLASS_FR": null, "FCLASS_RU": null, "FCLASS_ES": null, "FCLASS_CN": null, "FCLASS_TW": null, "FCLASS_IN": null, "FCLASS_NP": null, "FCLASS_PK": null, "FCLASS_DE": null, "FCLASS_GB": null, "FCLASS_BR": null, "FCLASS_IL": null, "FCLASS_PS": null, "FCLASS_SA": null, "FCLASS_EG": null, "FCLASS_MA": null, "FCLASS_PT": null, "FCLASS_AR": null, "FCLASS_JP": null, "FCLASS_KO": null, "FCLASS_VN": null, "FCLASS_TR": null, "FCLASS_ID": null, "FCLASS_PL": null, "FCLASS_GR": null, "FCLASS_IT": null, "FCLASS_NL": null, "FCLASS_SE": null, "FCLASS_BD": null, "FCLASS_UA": null, "FCLASS_TLC": null }, "geometry": { "type": "MultiPolygon", "coordinates": [ [ [ [ -91.390777869726463, 40.397126556196127 ], [ -91.380538611523363, 40.447553804213527 ], [ -91.394183631575132, 40.536652928706133 ], [ -91.339043248612327, 40.603977150024349 ], [ -91.215128448963469, 40.649559427153804 ], [ -91.102134059887447, 40.749787702461589 ], [ -91.000125999355532, 40.904683948604799 ], [ -90.954005392127414, 41.015579948928888 ], [ -90.963827169845842, 41.082530635076608 ], [ -91.001334495495385, 41.145965696090201 ], [ -91.066505396418947, 41.205907104626789 ], [ -91.082105982951575, 41.280317507855955 ], [ -91.048114282436131, 41.369098028820787 ], [ -90.938756368108216, 41.425589730194503 ], [ -90.754065198953427, 41.449825570962787 ], [ -90.586732428898316, 41.494726695722505 ], [ -90.436670167314517, 41.560359022444942 ], [ -90.347527097507736, 41.6320338298666 ], [ -90.319237301506689, 41.709652241030653 ], [ -90.27600609868567, 41.770011130051898 ], [ -90.217767571073423, 41.813110496930392 ], [ -90.176612784347242, 41.883642726183467 ], [ -90.152442861550227, 41.981519927182831 ], [ -90.14943260752915, 42.053711092046058 ], [ -90.167516104312739, 42.100304111401584 ], [ -90.233214349006417, 42.15401627165366 ], [ -90.346571286924402, 42.21483658647378 ], [ -90.410489746393935, 42.272075358188516 ], [ -90.42503564538633, 42.325655682498052 ], [ -90.484735354694934, 42.383257003054752 ], [ -90.589632819633962, 42.444802415558769 ], [ -90.650584970396594, 42.512983570503422 ], [ -90.191048820054192, 42.510302906338666 ], [ -89.740796117331527, 42.50779802343061 ], [ -89.290521441951796, 42.505315113179648 ], [ -88.840235780243503, 42.502810230271592 ], [ -88.389950118535225, 42.500305347363536 ], [ -87.939664456826932, 42.497822437112575 ], [ -87.796977115984532, 42.497028627149611 ], [ -87.788975297947346, 42.464177326153845 ], [ -87.797793103604562, 42.383019455861103 ], [ -87.809244106441398, 42.359086032197446 ], [ -87.816064149741791, 42.359352968477673 ], [ -87.828271886354045, 42.296887520396595 ], [ -87.825181249251258, 42.27909970282694 ], [ -87.800995810642618, 42.217450724110371 ], [ -87.793007128147238, 42.212175046194027 ], [ -87.788613040894404, 42.198778037967877 ], [ -87.77969417564114, 42.193300132969775 ], [ -87.719939003762462, 42.109258887838678 ], [ -87.688696180982873, 42.081934703064981 ], [ -87.673276120790788, 42.075254888764491 ], [ -87.660710972530396, 42.057722751162245 ], [ -87.661755409212404, 42.054026464695582 ], [ -87.667065997629081, 42.055487299555374 ], [ -87.66796556622387, 42.04881557256499 ], [ -87.645351932736332, 41.989161863493074 ], [ -87.631702706268328, 41.967761415652674 ], [ -87.621296740538128, 41.96231437073515 ], [ -87.628583244305474, 41.941493938582433 ], [ -87.627335086291993, 41.9403523792448 ], [ -87.619579854878864, 41.933257996151525 ], [ -87.621258596479109, 41.917175210642952 ], [ -87.617375949799978, 41.919342006555468 ], [ -87.609242139231199, 41.909935178922005 ], [ -87.609447741166377, 41.901451228187895 ], [ -87.59863653963491, 41.887306472102495 ], [ -87.60333672007468, 41.870224467688573 ], [ -87.592159716285252, 41.861126590097989 ], [ -87.59486857409189, 41.853493510411774 ], [ -87.601346107582302, 41.860653578472011 ], [ -87.599718738364643, 41.850694283469529 ], [ -87.598737167624165, 41.844685422993422 ], [ -87.566654215520387, 41.795586777666223 ], [ -87.572101477652481, 41.787652300784067 ], [ -87.549694452925323, 41.760980241937048 ], [ -87.536029746683482, 41.756986385322485 ], [ -87.524478566354261, 41.745832426466691 ], [ -87.521212685815811, 41.73443657236858 ], [ -87.522535534664726, 41.460987680763594 ], [ -87.524007702689644, 41.161236692766494 ], [ -87.525479870714548, 40.861485704769393 ], [ -87.526930066082372, 40.561712744115226 ], [ -87.528369275121648, 40.261939783461031 ], [ -87.529819470489471, 39.962188795463959 ], [ -87.53126966585728, 39.662437807466858 ], [ -87.532741833882199, 39.379144339628823 ], [ -87.532917615138899, 39.374859671496608 ], [ -87.579115126666821, 39.343977101959183 ], [ -87.611052383744507, 39.291352588232968 ], [ -87.602911514293325, 39.234146775503859 ], [ -87.614985489363292, 39.193288619648371 ], [ -87.647285295282927, 39.168745161680846 ], [ -87.631695695078861, 39.106705364392354 ], [ -87.568293593050882, 39.007180214111401 ], [ -87.530280896288318, 38.908896518955913 ], [ -87.517679577448249, 38.811821319940293 ], [ -87.529456921647508, 38.7422888465847 ], [ -87.583773329969517, 38.679370143012676 ], [ -87.635958390553967, 38.542612325295778 ], [ -87.68066176139989, 38.487988299774543 ], [ -87.735230855278417, 38.469904802990953 ], [ -87.78406508565692, 38.419104019803058 ], [ -87.827164452535399, 38.335563977553761 ], [ -87.872955469907197, 38.295024425226046 ], [ -87.921427151443737, 38.297507335477007 ], [ -87.95726455515458, 38.282214366143648 ], [ -87.98041274939699, 38.249189462540073 ], [ -87.977490386004263, 38.214439705355119 ], [ -87.948552396619107, 38.178009039902889 ], [ -87.958055570809748, 38.144291997601073 ], [ -88.006021881233266, 38.113277592121079 ], [ -88.005142974949749, 38.098402103272377 ], [ -87.990256499772499, 38.089305423237874 ], [ -87.996046294915232, 38.074418948060611 ], [ -88.026126862468971, 38.059587404526098 ], [ -88.044517976451786, 38.013291016041279 ], [ -88.042496491999671, 37.93665038811767 ], [ -88.059107820758342, 37.898363033141493 ], [ -88.091121982135832, 37.896649165888618 ], [ -88.095318759639682, 37.875566401412499 ], [ -88.041991120886635, 37.788851310213957 ], [ -88.073247225594585, 37.770921622029988 ], [ -88.128958897641695, 37.699510486493367 ], [ -88.140384679327553, 37.620650620203861 ], [ -88.107513584323627, 37.53435300948999 ], [ -88.190504310145712, 37.464556864249346 ], [ -88.389334884136758, 37.411262184481942 ], [ -88.494671802217539, 37.3642846436274 ], [ -88.506602955016419, 37.323591282700065 ], [ -88.49278215370795, 37.261551485411559 ], [ -88.453275316263387, 37.178143279104788 ], [ -88.44624406599516, 37.12042110893411 ], [ -88.471666430246202, 37.08838497489954 ], [ -88.613807548949708, 37.110082973774126 ], [ -88.872601504134408, 37.185537078214963 ], [ -89.046207467788207, 37.182977263664199 ], [ -89.134603467253996, 37.102469448093061 ], [ -89.165068556306764, 37.041561242644605 ], [ -89.154312940662095, 36.992111777867635 ], [ -89.224911087886454, 37.052679407131222 ], [ -89.272393999854032, 37.079980433563307 ], [ -89.281468707231454, 37.077794154183024 ], [ -89.291675006448926, 37.070653040629367 ], [ -89.29581685231004, 37.051635705919537 ], [ -89.293246051430728, 37.038177453453017 ], [ -89.28588521130618, 37.022697716534395 ], [ -89.29001607083876, 37.012777061859069 ], [ -89.300826618126152, 37.012051964175157 ], [ -89.351880086870565, 37.035518761945355 ], [ -89.413941856816152, 37.102414516450338 ], [ -89.486913051006042, 37.21273922769015 ], [ -89.502931118023326, 37.300509006428925 ], [ -89.46197408521094, 37.365679907352501 ], [ -89.46197408521094, 37.434124734182205 ], [ -89.502931118023326, 37.505799541603892 ], [ -89.52342062075806, 37.575947249357938 ], [ -89.52342062075806, 37.644523912130182 ], [ -89.623286347223896, 37.747257070346009 ], [ -89.822962868512818, 37.88409179236271 ], [ -89.96982810849029, 37.968532713552634 ], [ -90.063871080827738, 38.000524902273042 ], [ -90.173580557669069, 38.069046633402564 ], [ -90.299000484328459, 38.173999029984287 ], [ -90.365775389219479, 38.254254159998908 ], [ -90.373993162970464, 38.309757091803675 ], [ -90.316600582656108, 38.45780885526392 ], [ -90.150750966954448, 38.780532256246715 ], [ -90.132195058043465, 38.818643829966163 ], [ -90.126767811742681, 38.832618439874267 ], [ -90.134205556167032, 38.846669954082159 ], [ -90.149916005985091, 38.859897493649243 ], [ -90.220074700067684, 38.897679477512384 ], [ -90.354349607533621, 38.930209996331456 ], [ -90.477967776311772, 38.948117711858345 ], [ -90.577075446108054, 38.909610630311278 ], [ -90.663526865421545, 38.987492713360382 ], [ -90.737223157295332, 39.181796919991228 ], [ -90.919376484556437, 39.386900687580948 ], [ -91.209898956576481, 39.602804016129511 ], [ -91.378736853642138, 39.749405584221904 ], [ -91.4258682030963, 39.8268152551436 ], [ -91.466814249580153, 39.942863843554875 ], [ -91.501651897393472, 40.097529376798661 ], [ -91.499784221540978, 40.226025475450399 ], [ -91.441952188084855, 40.379449553568691 ], [ -91.390777869726463, 40.397126556196127 ] ] ] ] } },
{ "type": "Feature", "properties": { "featurecla": "Admin-1 scale rank", "scalerank": 2, "adm1_code": "USA-3547", "diss_me": 3547, "iso_3166_2": "US-IN", "wikipedia": "http://en.wikipedia.org/wiki/Indiana", "iso_a2": "US", "adm0_sr": 1, "name": "Indiana", "name_alt": "IN|Ind.", "name_local": null, "type": "State", "type_en": "State", "code_local": "US18", "code_hasc": "US.IN", "note": null, "hasc_maybe": null, "region": "Midwest", "region_cod": null, "provnum_ne": 0, "gadm_level": 1, "check_me": 20, "datarank": 1, "abbrev": "Ind.", "postal": "IN", "area_sqkm": 0, "sameascity": -99, "labelrank": 0, "name_len": 7, "mapcolor9": 1, "mapcolor13": 1, "fips": "US18", "fips_alt": null, "woe_id": 2347573, "woe_label": "Indiana, US, United States", "woe_name": "Indiana", "latitude": 39.8874, "longitude": -86.1396, "sov_a3": "US1", "adm0_a3": "USA", "adm0_label": 2, "admin": "United States of America", "geonunit": "United States of America", "gu_a3": "USA", "gn_id": 4921868, "gn_name": "Indiana", "gns_id": -1, "gns_name": null, "gn_level": 1, "gn_region": null, "gn_a1_code": "US.IN", "region_sub": "East North Central", "sub_code": null, "gns_level": -1, "gns_lang": null, "gns_adm1": null, "gns_region": null, "min_label": 3.5, "max_label": 7.5, "min_zoom": 2.0, "wikidataid": "Q1415", "name_ar": "إنديانا", "name_bn": "ইন্ডিয়ানা", "name_de": "Indiana", "name_en": "Indiana", "name_es": "Indiana", "name_fr": "Indiana", "name_el": "Ιντιάνα", "name_hi": "इंडियाना", "name_hu": "Indiana", "name_id": "Indiana", "name_it": "Indiana", "name_ja": "インディアナ州", "name_ko": "인디애나", "name_nl": "Indiana", "name_pl": "Indiana", "name_pt": "Indiana", "name_ru": "Индиана", "name_sv": "Indiana", "name_tr": "Indiana", "name_vi": "Indiana", "name_zh": "印第安纳州", "ne_id": 1159315311, "name_he": "אינדיאנה", "name_uk": "Індіана", "name_ur": "انڈیانا", "name_fa": "ایندیانا", "name_zht": "印第安纳州", "FCLASS_ISO": null, "FCLASS_US": null, "FCLASS_FR": null, "FCLASS_RU": null, "FCLASS_ES": null, "FCLASS_CN": null, "FCLASS_TW": null, "FCLASS_IN": null, "FCLASS_NP": null, "FCLASS_PK": null, "FCLASS_DE": null, "FCLASS_GB": null, "FCLASS_BR": null, "FCLASS_IL": null, "FCLASS_PS": null, "FCLASS_SA": null, "FCLASS_EG": null, "FCLASS_MA": null, "FCLASS_PT": null, "FCLASS_AR": null, "FCLASS_JP": null, "FCLASS_KO": null, "FCLASS_VN": null, "FCLASS_TR": null, "FCLASS_ID": null, "FCLASS_PL": null, "FCLASS_GR": null, "FCLASS_IT": null, "FCLASS_NL": null, "FCLASS_SE": null, "FCLASS_BD": null, "FCLASS_UA": null, "FCLASS_TLC": null }, "geometry": { "type": "MultiPolygon", "coordinates": [ [ [ [ -88.095318759639682, 37.875566401412499 ], [ -88.091121982135832, 37.896649165888618 ], [ -88.059107820758342, 37.898363033141493 ], [ -88.042496491999671, 37.93665038811767 ], [ -88.044517976451786, 38.013291016041279 ], [ -88.026126862468971, 38.059587404526098 ], [ -87.996046294915232, 38.074418948060611 ], [ -87.990256499772499, 38.089305423237874 ], [ -88.005142974949749, 38.098402103272377 ], [ -88.006021881233266, 38.113277592121079 ], [ -87.958055570809748, 38.144291997601073 ], [ -87.948552396619107, 38.178009039902889 ], [ -87.977490386004263, 38.214439705355119 ], [ -87.98041274939699, 38.249189462540073 ], [ -87.95726455515458, 38.282214366143648 ], [ -87.921427151443737, 38.297507335477007 ], [ -87.872955469907197, 38.295024425226046 ], [ -87.827164452535399, 38.335563977553761 ], [ -87.78406508565692, 38.419104019803058 ], [ -87.735230855278417, 38.469904802990953 ], [ -87.68066176139989, 38.487988299774543 ], [ -87.635958390553967, 38.542612325295778 ], [ -87.583773329969517, 38.679370143012676 ], [ -87.529456921647508, 38.7422888465847 ], [ -87.517679577448249, 38.811821319940293 ], [ -87.530280896288318, 38.908896518955913 ], [ -87.568293593050882, 39.007180214111401 ], [ -87.631695695078861, 39.106705364392354 ], [ -87.647285295282927, 39.168745161680846 ], [ -87.614985489363292, 39.193288619648371 ], [ -87.602911514293325, 39.234146775503859 ], [ -87.611052383744507, 39.291352588232968 ], [ -87.579115126666821, 39.343977101959183 ], [ -87.532917615138899, 39.374859671496608 ], [ -87.532741833882199, 39.379144339628823 ], [ -87.53126966585728, 39.662437807466858 ], [ -87.529819470489471, 39.962188795463959 ], [ -87.528369275121648, 40.261939783461031 ], [ -87.526930066082372, 40.561712744115226 ], [ -87.525479870714548, 40.861485704769393 ], [ -87.524007702689644, 41.161236692766494 ], [ -87.522535534664726, 41.460987680763594 ], [ -87.521212685815811, 41.73443657236858 ], [ -87.514247080669065, 41.71013102321492 ], [ -87.494655030335608, 41.690249288676441 ], [ -87.463876421426761, 41.672942151578503 ], [ -87.438234013133808, 41.680926492295441 ], [ -87.432915728128918, 41.664794351829606 ], [ -87.422364076515493, 41.68178484791126 ], [ -87.40331292042724, 41.67309894989485 ], [ -87.398231939829159, 41.668876354930902 ], [ -87.402054540624178, 41.665343815854946 ], [ -87.429918100003732, 41.652499626860084 ], [ -87.42076936268613, 41.646316063465271 ], [ -87.359999731026747, 41.627212769427139 ], [ -87.317366094307275, 41.623677175514175 ], [ -87.309201993351209, 41.61860377714742 ], [ -87.222155814215313, 41.619993510784191 ], [ -87.153680460706582, 41.634402306058426 ], [ -87.154519688356714, 41.624991511747595 ], [ -87.149880709911955, 41.623721413407495 ], [ -87.148217072111464, 41.63544378256934 ], [ -87.139076543142892, 41.628550653512001 ], [ -87.128570714094892, 41.64092939828452 ], [ -87.094792890686136, 41.64855777138682 ], [ -87.068877137771281, 41.654400013843492 ], [ -87.068539893619388, 41.654521225342307 ], [ -86.915873797008899, 41.709199499818865 ], [ -86.904063056118119, 41.720895385684912 ], [ -86.808098219356992, 41.759924371075016 ], [ -86.807065689369423, 41.760566568251491 ], [ -86.615042824265387, 41.76049696953271 ], [ -86.311930019733794, 41.760376119918732 ], [ -86.008828201530761, 41.760244283976192 ], [ -85.705715396999167, 41.760112448033681 ], [ -85.402613578796121, 41.759980612091141 ], [ -85.099500774264541, 41.759859762477163 ], [ -84.796398956061495, 41.759727926534623 ], [ -84.796113311519349, 41.701434467279654 ], [ -84.79955203235366, 41.376052374789197 ], [ -84.802957794202328, 41.050670282298711 ], [ -84.806396515036624, 40.725321148793881 ], [ -84.809835235870921, 40.399939056303424 ], [ -84.813262970376684, 40.074556963812967 ], [ -84.81670169121098, 39.749196843979576 ], [ -84.820140412045291, 39.423825737817651 ], [ -84.821711457027092, 39.091983684143258 ], [ -84.837421906845151, 39.082678263866399 ], [ -84.860603060073188, 39.039710732930445 ], [ -84.835488313021386, 38.996040076967688 ], [ -84.836597932204342, 38.960565222098779 ], [ -84.863887972307879, 38.933231236681081 ], [ -84.854165071546348, 38.912895542545954 ], [ -84.807451202576857, 38.899536167036331 ], [ -84.789620391349786, 38.868378939285293 ], [ -84.800738555836418, 38.819390900307184 ], [ -84.901241489357801, 38.769567900359704 ], [ -85.093897746707057, 38.7135595974419 ], [ -85.135524945560633, 38.69725588588247 ], [ -85.169890181246558, 38.690378444213849 ], [ -85.186116988506186, 38.693663356448553 ], [ -85.186040084206383, 38.693663356448553 ], [ -85.211121872272543, 38.704122341222529 ], [ -85.246629686127065, 38.727039822565501 ], [ -85.306746875920354, 38.737191190140237 ], [ -85.405426078903417, 38.729962185958243 ], [ -85.44477910774836, 38.683094508389132 ], [ -85.42482793511229, 38.596588157432933 ], [ -85.458676813356647, 38.530208760369504 ], [ -85.546325742481429, 38.484011248841568 ], [ -85.608903869868598, 38.423026139093309 ], [ -85.646422181846688, 38.34729737643886 ], [ -85.706286686083459, 38.301352550467442 ], [ -85.788453437264749, 38.285213633836179 ], [ -85.854931711285076, 38.215032967096505 ], [ -85.905677562830249, 38.090909427205304 ], [ -85.961158521977922, 38.014016113725177 ], [ -86.021330643413933, 37.984353026656123 ], [ -86.103442462952501, 37.991867675380291 ], [ -86.207526939579253, 38.036571046226214 ], [ -86.267622156715461, 38.082581790168888 ], [ -86.283750087018191, 38.129866948222656 ], [ -86.314599697570017, 38.163770758109735 ], [ -86.342658780671627, 38.178734137586815 ], [ -86.361445402482033, 38.178986823143305 ], [ -86.362522062679361, 38.172109381474712 ], [ -86.35495248231247, 38.158859869250534 ], [ -86.365136808872847, 38.144599614800313 ], [ -86.429626557426687, 38.139688725941085 ], [ -86.457378023329071, 38.1201550337897 ], [ -86.448336274937276, 38.085965579360476 ], [ -86.462541597744803, 38.061762697577819 ], [ -86.499961032765981, 38.047502443127598 ], [ -86.519857273759342, 38.014840088365986 ], [ -86.522186375410683, 37.963731687978864 ], [ -86.548641454544864, 37.917061764323549 ], [ -86.599233497490431, 37.874797358414412 ], [ -86.673127543278014, 37.889035640207553 ], [ -86.770334578236174, 37.959776609702985 ], [ -86.869079699190493, 37.976135252905138 ], [ -86.969439810440804, 37.938045651842771 ], [ -87.044267694154641, 37.886442866671146 ], [ -87.093563350331991, 37.821282952076118 ], [ -87.141035275971021, 37.805242912401738 ], [ -87.209403198500937, 37.854846185778328 ], [ -87.372385382452578, 37.923477780193295 ], [ -87.457287729441347, 37.938100583485493 ], [ -87.518448620446321, 37.921566159026625 ], [ -87.561449110367917, 37.929058835093699 ], [ -87.576170790616999, 37.94775756627574 ], [ -87.587387832060529, 37.95568969548458 ], [ -87.599406875487759, 37.946472165836084 ], [ -87.60080213921286, 37.886728511213292 ], [ -87.61539198351943, 37.848935541021618 ], [ -87.643253312707245, 37.833038323618311 ], [ -87.664566790082787, 37.845540765501482 ], [ -87.679420306274409, 37.886365962371343 ], [ -87.714455708001523, 37.899604488266974 ], [ -87.769651022607064, 37.885234370531307 ], [ -87.825252831368729, 37.891430659830178 ], [ -87.874427637932101, 37.915743404898251 ], [ -87.892115626888099, 37.912985836433691 ], [ -87.906002346167824, 37.901823726632884 ], [ -87.902069240549039, 37.855109857663393 ], [ -87.91248428000884, 37.817690422642201 ], [ -87.938115384502225, 37.79381713071588 ], [ -87.974546049954441, 37.788027335573148 ], [ -88.0217762763655, 37.800430900499435 ], [ -88.041991120886635, 37.788851310213957 ], [ -88.095318759639682, 37.875566401412499 ] ] ] ] } },
{ "type": "Feature", "properties": { "featurecla": "Admin-1 scale rank", "scalerank": 2, "adm1_code": "USA-3530", "diss_me": 3530, "iso_3166_2": "US-KS", "wikipedia": "http://en.wikipedia.org/wiki/Kansas", "iso_a2": "US", "adm0_sr": 1, "name": "Kansas", "name_alt": "KS|Kans.", "name_local": null, "type": "State", "type_en": "State", "code_local": "US20", "code_hasc": "US.KS", "note": null, "hasc_maybe": null, "region": "Midwest", "region_cod": null, "provnum_ne": 0, "gadm_level": 1, "check_me": 20, "datarank": 1, "abbrev": "Kans.", "postal": "KS", "area_sqkm": 0, "sameascity": -99, "labelrank": 0, "name_len": 6, "mapcolor9": 1, "mapcolor13": 1, "fips": "US20", "fips_alt": null, "woe_id": 2347575, "woe_label": "Kansas, US, United States", "woe_name": "Kansas", "latitude": 38.5, "longitude": -98.3309, "sov_a3": "US1", "adm0_a3": "USA", "adm0_label": 2, "admin": "United States of America", "geonunit": "United States of America", "gu_a3": "USA", "gn_id": 4273857, "gn_name": "Kansas", "gns_id": -1, "gns_name": null, "gn_level": 1, "gn_region": null, "gn_a1_code": "US.KS", "region_sub": "West North Central", "sub_code": null, "gns_level": -1, "gns_lang": null, "gns_adm1": null, "gns_region": null, "min_label": 3.5, "max_label": 7.5, "min_zoom": 2.0, "wikidataid": "Q1558", "name_ar": "كانساس", "name_bn": "ক্যান্সাস", "name_de": "Kansas", "name_en": "Kansas", "name_es": "Kansas", "name_fr": "Kansas", "name_el": "Κάνσας", "name_hi": "केन्सास", "name_hu": "Kansas", "name_id": "Kansas", "name_it": "Kansas", "name_ja": "カンザス州", "name_ko": "캔자스", "name_nl": "Kansas", "name_pl": "Kansas", "name_pt": "Kansas", "name_ru": "Канзас", "name_sv": "Kansas", "name_tr": "Kansas", "name_vi": "Kansas", "name_zh": "堪萨斯州", "ne_id": 1159315359, "name_he": "קנזס", "name_uk": "Канзас", "name_ur": "کنساس", "name_fa": "کانزاس", "name_zht": "堪薩斯州", "FCLASS_ISO": null, "FCLASS_US": null, "FCLASS_FR": null, "FCLASS_RU": null, "FCLASS_ES": null, "FCLASS_CN": null, "FCLASS_TW": null, "FCLASS_IN": null, "FCLASS_NP": null, "FCLASS_PK": null, "FCLASS_DE": null, "FCLASS_GB": null, "FCLASS_BR": null, "FCLASS_IL": null, "FCLASS_PS": null, "FCLASS_SA": null, "FCLASS_EG": null, "FCLASS_MA": null, "FCLASS_PT": null, "FCLASS_AR": null, "FCLASS_JP": null, "FCLASS_KO": null, "FCLASS_VN": null, "FCLASS_TR": null, "FCLASS_ID": null, "FCLASS_PL": null, "FCLASS_GR": null, "FCLASS_IT": null, "FCLASS_NL": null, "FCLASS_SE": null, "FCLASS_BD": null, "FCLASS_UA": null, "FCLASS_TLC": null }, "geometry": { "type": "MultiPolygon", "coordinates": [ [ [ [ -102.012783279806627, 37.000845909060189 ], [ -102.013535843311899, 37.18837155097934 ], [ -102.014260940995811, 37.375853247584331 ], [ -102.014980545515442, 37.56338987583203 ], [ -102.015705643199354, 37.750926504079743 ], [ -102.016430740883266, 37.938430173341814 ], [ -102.017177811224272, 38.125944828932433 ], [ -102.017924881565264, 38.313470470851598 ], [ -102.018649979249176, 38.500985126442202 ], [ -102.019375076933088, 38.688488795704274 ], [ -102.020100174616999, 38.876025423951972 ], [ -102.02081977913663, 39.063529093214044 ], [ -102.021572342641903, 39.251043748804676 ], [ -102.02231941298291, 39.438580377052375 ], [ -102.023044510666807, 39.626084046314446 ], [ -102.023769608350719, 39.813587715576517 ], [ -102.024489212870364, 40.001124343824216 ], [ -101.814892036906116, 40.001124343824216 ], [ -101.605289367777601, 40.001124343824216 ], [ -101.395692191813353, 40.001124343824216 ], [ -101.186089522684824, 40.001124343824216 ], [ -100.976492346720576, 40.001124343824216 ], [ -100.766895170756328, 40.001124343824216 ], [ -100.557292501627813, 40.001124343824216 ], [ -100.347695325663565, 40.001124343824216 ], [ -100.138092656535051, 40.001124343824216 ], [ -99.928495480570803, 40.001124343824216 ], [ -99.718892811442274, 40.001124343824216 ], [ -99.509295635478026, 40.001124343824216 ], [ -99.299692966349511, 40.001124343824216 ], [ -99.090095790385263, 40.001124343824216 ], [ -98.880498614421015, 40.001124343824216 ], [ -98.6708959452925, 40.001124343824216 ], [ -98.461298769328252, 40.001124343824216 ], [ -98.251696100199723, 40.001124343824216 ], [ -98.042098924235475, 40.001124343824216 ], [ -97.83249625510696, 40.001124343824216 ], [ -97.622899079142712, 40.001124343824216 ], [ -97.413296410014198, 40.001124343824216 ], [ -97.203699234049949, 40.001124343824216 ], [ -96.994102058085701, 40.001124343824216 ], [ -96.784499388957173, 40.001124343824216 ], [ -96.574902212992924, 40.001124343824216 ], [ -96.36529954386441, 40.001124343824216 ], [ -96.155702367900162, 40.001124343824216 ], [ -95.946099698771647, 40.001124343824216 ], [ -95.736502522807399, 40.001124343824216 ], [ -95.526905346843151, 40.001124343824216 ], [ -95.34668012024153, 40.001486892666179 ], [ -95.116203426879238, 39.872089915073815 ], [ -95.055536920658739, 39.870793528305626 ], [ -94.984015921836686, 39.891162181426381 ], [ -94.929935719578367, 39.861499094357328 ], [ -94.893296313883823, 39.781815253426998 ], [ -94.898597217406348, 39.741143865156744 ], [ -94.945827443817407, 39.739484929546592 ], [ -95.004763603292204, 39.691551578108715 ], [ -95.075356257352283, 39.597376769828713 ], [ -95.05793743344563, 39.508958797705844 ], [ -94.952518117900766, 39.426374566039897 ], [ -94.882293505846903, 39.343131154661279 ], [ -94.847203172477066, 39.259151659270202 ], [ -94.777851973542468, 39.193991744675174 ], [ -94.622384438314967, 39.124404339676886 ], [ -94.624526772381074, 39.086062053057987 ], [ -94.624114785060669, 38.955764196525024 ], [ -94.623730263561626, 38.825433381006434 ], [ -94.623340248898316, 38.695102565487815 ], [ -94.622928261577911, 38.564782736297758 ], [ -94.622510781093226, 38.434451920779168 ], [ -94.622098793772821, 38.304121105260549 ], [ -94.621686806452431, 38.173790289741959 ], [ -94.621296791789106, 38.043470460551902 ], [ -94.620912270290063, 37.913139645033297 ], [ -94.620500282969658, 37.782808829514707 ], [ -94.620082802484987, 37.652478013996102 ], [ -94.619670815164582, 37.522158184806045 ], [ -94.619258827844178, 37.391827369287441 ], [ -94.618868813180868, 37.261496553768836 ], [ -94.618484291681824, 37.131165738250246 ], [ -94.618066811197139, 37.000845909060189 ], [ -94.849164232122192, 37.000845909060189 ], [ -95.080239680390136, 37.000845909060189 ], [ -95.311309635493828, 37.000845909060189 ], [ -95.542407056418867, 37.000845909060189 ], [ -95.773504477343906, 37.000845909060189 ], [ -96.004574432447583, 37.000845909060189 ], [ -96.235644387551275, 37.000845909060189 ], [ -96.466741808476314, 37.000845909060189 ], [ -96.697839229401353, 37.000845909060189 ], [ -96.928909184505031, 37.000845909060189 ], [ -97.159979139608723, 37.000845909060189 ], [ -97.391076560533762, 37.000845909060189 ], [ -97.622173981458801, 37.000845909060189 ], [ -97.853243936562478, 37.000845909060189 ], [ -98.084319384830437, 37.000845909060189 ], [ -98.315416805755476, 37.000845909060189 ], [ -98.546514226680515, 37.000845909060189 ], [ -98.777584181784206, 37.000845909060189 ], [ -99.008654136887884, 37.000845909060189 ], [ -99.239751557812923, 37.000845909060189 ], [ -99.470848978737962, 37.000845909060189 ], [ -99.701918933841654, 37.000845909060189 ], [ -99.932988888945331, 37.000845909060189 ], [ -100.16408630987037, 37.000845909060189 ], [ -100.395183730795409, 37.000845909060189 ], [ -100.626253685899101, 37.000845909060189 ], [ -100.857329134167045, 37.000845909060189 ], [ -101.088421061927818, 37.000845909060189 ], [ -101.319518482852857, 37.000845909060189 ], [ -101.55061590377791, 37.000845909060189 ], [ -101.781713324702949, 37.000845909060189 ], [ -102.012783279806627, 37.000845909060189 ] ] ] ] } },
{ "type": "Feature", "properties": { "featurecla": "Admin-1 scale rank", "scalerank": 2, "adm1_code": "USA-3562", "diss_me": 3562, "iso_3166_2": "US-MI", "wikipedia": "http://en.wikipedia.org/wiki/Michigan", "iso_a2": "US", "adm0_sr": 1, "name": "Michigan", "name_alt": "MI|Mich.", "name_local": null, "type": "State", "type_en": "State", "code_local": "US26", "code_hasc": "US.MI", "note": null, "hasc_maybe": null, "region": "Midwest", "region_cod": null, "provnum_ne": 0, "gadm_level": 1, "check_me": 20, "datarank": 1, "abbrev": "Mich.", "postal": "MI", "area_sqkm": 0, "sameascity": -99, "labelrank": 0, "name_len": 8, "mapcolor9": 1, "mapcolor13": 1, "fips": "US26", "fips_alt": null, "woe_id": 2347581, "woe_label": "Michigan, US, United States", "woe_name": "Michigan", "latitude": 43.4343, "longitude": -84.9479, "sov_a3": "US1", "adm0_a3": "USA", "adm0_label": 2, "admin": "United States of America", "geonunit": "United States of America", "gu_a3": "USA", "gn_id": 5001836, "gn_name": "Michigan", "gns_id": -1, "gns_name": null, "gn_level": 1, "gn_region": null, "gn_a1_code": "US.MI", "region_sub": "East North Central", "sub_code": null, "gns_level": -1, "gns_lang": null, "gns_adm1": null, "gns_region": null, "min_label": 3.5, "max_label": 7.5, "min_zoom": 2.0, "wikidataid": "Q1166", "name_ar": "ميشيغان", "name_bn": "মিশিগান", "name_de": "Michigan", "name_en": "Michigan", "name_es": "Míchigan", "name_fr": "Michigan", "name_el": "Μίσιγκαν", "name_hi": "मिशिगन", "name_hu": "Michigan", "name_id": "Michigan", "name_it": "Michigan", "name_ja": "ミシガン州", "name_ko": "미시간", "name_nl": "Michigan", "name_pl": "Michigan", "name_pt": "Michigan", "name_ru": "Мичиган", "name_sv": "Michigan", "name_tr": "Michigan", "name_vi": "Michigan", "name_zh": "密歇根州", "ne_id": 1159314665, "name_he": "מישיגן", "name_uk": "Мічиган", "name_ur": "مشی گن", "name_fa": "میشیگان", "name_zht": "密歇根州", "FCLASS_ISO": null, "FCLASS_US": null, "FCLASS_FR": null, "FCLASS_RU": null, "FCLASS_ES": null, "FCLASS_CN": null, "FCLASS_TW": null, "FCLASS_IN": null, "FCLASS_NP": null, "FCLASS_PK": null, "FCLASS_DE": null, "FCLASS_GB": null, "FCLASS_BR": null, "FCLASS_IL": null, "FCLASS_PS": null, "FCLASS_SA": null, "FCLASS_EG": null, "FCLASS_MA": null, "FCLASS_PT": null, "FCLASS_AR": null, "FCLASS_JP": null, "FCLASS_KO": null, "FCLASS_VN": null, "FCLASS_TR": null, "FCLASS_ID": null, "FCLASS_PL": null, "FCLASS_GR": null, "FCLASS_IT": null, "FCLASS_NL": null, "FCLASS_SE": null, "FCLASS_BD": null, "FCLASS_UA": null, "FCLASS_TLC": null }, "geometry": { "type": "MultiPolygon", "coordinates": [ [ [ [ -84.473285441536063, 46.478669760554254 ], [ -84.465212797818978, 46.474583733913875 ], [ -84.458447415063276, 46.47115787425399 ], [ -84.460673391016073, 46.469040931576103 ], [ -84.471409464600285, 46.458827383005598 ], [ -84.497225250145291, 46.464452269901798 ], [ -84.473285441536063, 46.478669760554254 ] ] ], [ [ [ -84.440496842875532, 46.498142413931419 ], [ -84.401715103114881, 46.515610676316527 ], [ -84.336708997119473, 46.518500080723641 ], [ -84.192172858793356, 46.549558431517795 ], [ -84.149479986071, 46.542768880477524 ], [ -84.126315500619825, 46.527934377566318 ], [ -84.147359092898341, 46.530645177021881 ], [ -84.152066178734714, 46.524030289746683 ], [ -84.162350991490499, 46.52407266486231 ], [ -84.170819648581656, 46.542634752259552 ], [ -84.196715354487282, 46.541593463976142 ], [ -84.228675836309549, 46.527299837712739 ], [ -84.254753470282083, 46.498567678719333 ], [ -84.274033981564571, 46.490621179940227 ], [ -84.297199155610798, 46.497785490146654 ], [ -84.32604145710755, 46.499468156345706 ], [ -84.339263784415294, 46.507509915754724 ], [ -84.345260425391885, 46.50272218628092 ], [ -84.352219735290447, 46.504568704772552 ], [ -84.352845253344896, 46.511888621631101 ], [ -84.381701364122108, 46.51218533771636 ], [ -84.39335067203362, 46.502836791046441 ], [ -84.39732991305614, 46.503308337025629 ], [ -84.420864209599301, 46.506093486629354 ], [ -84.444782315838836, 46.493784472236101 ], [ -84.448990159187844, 46.493098361689832 ], [ -84.440496842875532, 46.498142413931419 ] ] ], [ [ [ -84.123455168557911, 46.506239163346834 ], [ -84.129361774342783, 46.503346745594285 ], [ -84.145627450025046, 46.463154607884654 ], [ -84.165226138605149, 46.457516619088921 ], [ -84.171566475694164, 46.451824743693919 ], [ -84.186710459936393, 46.42328624918256 ], [ -84.179905357380846, 46.404732723810014 ], [ -84.161716377274828, 46.391039451680477 ], [ -84.149975550321997, 46.382194551741527 ], [ -84.142843455187247, 46.365236505764145 ], [ -84.133611302678503, 46.361536893882743 ], [ -84.129078694983562, 46.355694825935871 ], [ -84.117590635215848, 46.340880599668132 ], [ -84.111252220021754, 46.327264754267183 ], [ -84.110330565293836, 46.3170197334357 ], [ -84.110883886891244, 46.315684666032254 ], [ -84.138900599610778, 46.324269591948308 ], [ -84.152459999437042, 46.323871624625802 ], [ -84.168267923693406, 46.331942684925416 ], [ -84.170341462519602, 46.360313969491635 ], [ -84.179596532688009, 46.36103834614341 ], [ -84.181195592464661, 46.362147507381437 ], [ -84.219749408123718, 46.388865988148659 ], [ -84.22812356173803, 46.420466829719665 ], [ -84.246725946068054, 46.460339236244721 ], [ -84.255324615116223, 46.46311243622921 ], [ -84.253730301065815, 46.453270805101923 ], [ -84.262046530512663, 46.448494319886095 ], [ -84.279839464258615, 46.464333199309699 ], [ -84.283709395167378, 46.481732934645436 ], [ -84.266441920515419, 46.485795416813239 ], [ -84.261437415735429, 46.4905833129855 ], [ -84.245185233839933, 46.49098713709904 ], [ -84.23378681266189, 46.508562065684224 ], [ -84.202452066634095, 46.528806517491134 ], [ -84.190504575106559, 46.52921886848069 ], [ -84.180959842644867, 46.519803658448453 ], [ -84.156438491542715, 46.517186844121348 ], [ -84.125210200085661, 46.52185588644403 ], [ -84.124736540821473, 46.521464070349488 ], [ -84.123455168557911, 46.506239163346834 ] ] ], [ [ [ -84.115169682027783, 46.370810866105359 ], [ -84.113658041243667, 46.354007619885493 ], [ -84.12031344463287, 46.360513976030269 ], [ -84.125302745531201, 46.365389982304329 ], [ -84.117836588638781, 46.376400330505746 ], [ -84.115169682027783, 46.370810866105359 ] ] ], [ [ [ -84.100083448285673, 46.263960973498001 ], [ -84.102425928741255, 46.266453746929621 ], [ -84.102490444549758, 46.271677560500059 ], [ -84.100083448285673, 46.263960973498001 ] ] ], [ [ [ -84.088714255447741, 46.227512489141787 ], [ -84.092873404615787, 46.229571407169921 ], [ -84.094795271449598, 46.235297202907958 ], [ -84.093191594013547, 46.241866384532571 ], [ -84.088714255447741, 46.227512489141787 ] ] ], [ [ [ -84.061463927973108, 46.190335022383024 ], [ -84.067129965255461, 46.196723585338759 ], [ -84.067864678421287, 46.198933098555663 ], [ -84.061463927973108, 46.190335022383024 ] ] ], [ [ [ -83.913043209473528, 46.072894594975139 ], [ -83.881570567845941, 46.080493349200495 ], [ -83.881649384065597, 46.079882339594818 ], [ -83.894210188143063, 46.076074947109362 ], [ -83.901889055540735, 46.067884036210273 ], [ -83.917042617708972, 46.067063867065798 ], [ -83.92075523603873, 46.059761704464371 ], [ -83.940816645786796, 46.059424825548945 ], [ -83.940838743461782, 46.059424451679142 ], [ -83.943911127686704, 46.076149210954711 ], [ -83.942179367817616, 46.078303547499893 ], [ -83.913043209473528, 46.072894594975139 ] ] ], [ [ [ -83.526994050446973, 45.911807744809082 ], [ -83.531494848646062, 45.92031707843595 ], [ -83.536781899628195, 45.918764273672991 ], [ -83.539568114656973, 45.910322672870741 ], [ -83.545167747045369, 45.909460141407187 ], [ -83.556513665429165, 45.916891492599326 ], [ -83.578619279507379, 45.911142074351154 ], [ -83.599825195243227, 45.918884287636473 ], [ -83.603512372397233, 45.932877045130795 ], [ -83.608122994243544, 45.932460720255335 ], [ -83.612216327548893, 45.924025767529045 ], [ -83.621446983261677, 45.92227793332026 ], [ -83.625622368204631, 45.927805171558447 ], [ -83.615206657510214, 45.940303138914047 ], [ -83.623244143399404, 45.950442315015529 ], [ -83.628161150240615, 45.951170520325967 ], [ -83.624750120912907, 45.939699651244375 ], [ -83.628453169665136, 45.934693922824415 ], [ -83.634385559738462, 45.933831686068402 ], [ -83.640499374195855, 45.940976479285169 ], [ -83.676799876793766, 45.931665139198415 ], [ -83.686004290418964, 45.931283740051988 ], [ -83.693160516178907, 45.935689360598431 ], [ -83.697545845087873, 45.928860300312465 ], [ -83.708758846440887, 45.925972094267088 ], [ -83.718711006903305, 45.939785482772265 ], [ -83.723439820087478, 45.932269764028092 ], [ -83.731972996882078, 45.93233454771822 ], [ -83.747908776697585, 45.942069858460464 ], [ -83.746844912712447, 45.946869335870787 ], [ -83.754045786440287, 45.948754204643741 ], [ -83.763312245037312, 45.944477500855122 ], [ -83.776027046788087, 45.929235743270254 ], [ -83.783250329223108, 45.932045317220492 ], [ -83.798222884697466, 45.937866210461991 ], [ -83.799805096920551, 45.941998044699211 ], [ -83.794828820900392, 45.944939823067024 ], [ -83.803844620712184, 45.956904688570638 ], [ -83.829264969537832, 45.948156002318377 ], [ -83.835351282841089, 45.958270712709009 ], [ -83.83027696342586, 45.968080087621324 ], [ -83.845401031927395, 45.967725153308251 ], [ -83.846149399819524, 45.983753556583437 ], [ -83.855219267804458, 45.970536886203938 ], [ -83.870458334329228, 45.96171171559714 ], [ -83.873960649020432, 45.969975076316253 ], [ -83.869805354593424, 45.98437069741901 ], [ -83.860487693699113, 45.992546874485043 ], [ -83.863039311799113, 45.998056089364503 ], [ -83.851021657697075, 46.004450958716454 ], [ -83.846467992084143, 46.006873220186094 ], [ -83.837749264171208, 46.018715052634107 ], [ -83.822956631271524, 46.018382829647123 ], [ -83.819739075789485, 46.01378200209826 ], [ -83.824814855753857, 46.0037490546733 ], [ -83.821055019472084, 45.991132056797994 ], [ -83.808736471996824, 45.997689835045612 ], [ -83.811591307669204, 45.987175430553556 ], [ -83.79460790634073, 45.980184708910542 ], [ -83.783271414182707, 45.990859574680456 ], [ -83.771390356078214, 45.993518425243167 ], [ -83.769638226063833, 46.000602694183087 ], [ -83.749574508652842, 46.02219129016185 ], [ -83.72955484699574, 46.019291282268838 ], [ -83.717846085578586, 46.031331631646026 ], [ -83.709910774228817, 46.034013448018051 ], [ -83.662576363114425, 46.032253798217475 ], [ -83.678292761866132, 46.036504318337094 ], [ -83.680182949944722, 46.041097409653347 ], [ -83.679136566264916, 46.044523323994582 ], [ -83.669950572364314, 46.043302225114623 ], [ -83.66287388376125, 46.052855355468267 ], [ -83.667668540177743, 46.060905069290811 ], [ -83.663294436366414, 46.066135318469918 ], [ -83.691874719733448, 46.069573483415162 ], [ -83.720601753669484, 46.083990880247562 ], [ -83.701914768340387, 46.098947993449038 ], [ -83.652903586720413, 46.096029927809617 ], [ -83.631753945892811, 46.099967035256476 ], [ -83.599976326873289, 46.090766276632152 ], [ -83.588632062381208, 46.081054055789508 ], [ -83.581323208124829, 46.084647687865711 ], [ -83.568924391002838, 46.078586169992647 ], [ -83.567911112259452, 46.062555841505436 ], [ -83.553857207010196, 46.057394498446328 ], [ -83.537072883976847, 46.040529217901856 ], [ -83.532044764744683, 46.010955981875782 ], [ -83.524544149998619, 46.007911410700224 ], [ -83.522675426673459, 46.002628380181235 ], [ -83.512450470384707, 46.004135301572589 ], [ -83.497571274492842, 45.991859316531361 ], [ -83.482113534267015, 45.992164527958906 ], [ -83.474003118395089, 45.988152294650945 ], [ -83.526994050446973, 45.911807744809082 ] ] ], [ [ [ -82.435835668468599, 42.944689017139233 ], [ -82.452430089126395, 42.929441999193607 ], [ -82.470551629645684, 42.886481517243837 ], [ -82.468742195488289, 42.841307715739795 ], [ -82.481809333747677, 42.815665571106685 ], [ -82.474688930833977, 42.792877382387935 ], [ -82.488347110203804, 42.739510678754129 ], [ -82.54532221003349, 42.624681572811227 ], [ -82.560100235142116, 42.614816000738159 ], [ -82.567631669494986, 42.617503209319871 ], [ -82.641229605113992, 42.627101823818407 ], [ -82.619088499731433, 42.648467515725329 ], [ -82.6197462314245, 42.66612212955129 ], [ -82.648541912606163, 42.669620017185302 ], [ -82.669210634028417, 42.679862645178495 ], [ -82.684038538119282, 42.68720531174764 ], [ -82.721255274274569, 42.680293263028396 ], [ -82.772196610741034, 42.64963696911542 ], [ -82.773826906981327, 42.648654784481366 ], [ -82.799069317884644, 42.646327775238703 ], [ -82.801930585671371, 42.642790848629609 ], [ -82.810040405140342, 42.632762913902781 ], [ -82.811966888864049, 42.609882860734352 ], [ -82.796851039466475, 42.602813367662506 ], [ -82.771858591079791, 42.591114782637803 ], [ -82.823018488917867, 42.593109609019074 ], [ -82.830938258703355, 42.587742666778517 ], [ -82.752836958559158, 42.58392032056674 ], [ -82.778457552728824, 42.578396582570939 ], [ -82.773269415232051, 42.555169091430166 ], [ -82.779455248725739, 42.558366876117155 ], [ -82.793427727861257, 42.565586947278668 ], [ -82.822563837386895, 42.561366980001459 ], [ -82.831760317560551, 42.560032808818299 ], [ -82.845858567398693, 42.544562085787099 ], [ -82.864456367562582, 42.524136540920423 ], [ -82.876695211663673, 42.465684359962196 ], [ -82.866241622890371, 42.452229959771806 ], [ -82.862847022868451, 42.430638955465881 ], [ -82.885488414853626, 42.386098805132782 ], [ -82.912838167717553, 42.370493327825521 ], [ -82.915764957947758, 42.366321291758091 ], [ -82.953877680654244, 42.351326324156439 ], [ -82.98155609571306, 42.348857171601452 ], [ -83.009301823843487, 42.329796497959428 ], [ -83.068853200958372, 42.308216121017345 ], [ -83.088429147423852, 42.290857573083237 ], [ -83.116336338588809, 42.24841302988424 ], [ -83.141626815426349, 42.225620977790946 ], [ -83.139262549663371, 42.208409752901972 ], [ -83.16981450980785, 42.144911162411304 ], [ -83.184361935560233, 42.091046229445368 ], [ -83.180066900056531, 42.077473157387324 ], [ -83.188513371215635, 42.071633151121247 ], [ -83.184262959809388, 42.045152593897861 ], [ -83.181809898452755, 42.029857837288077 ], [ -83.197694816520212, 42.034416345094805 ], [ -83.196770523718655, 42.021350967093106 ], [ -83.204706371431314, 42.023746611437687 ], [ -83.212243778725593, 42.016971597213015 ], [ -83.199714895158721, 42.013832045797173 ], [ -83.196525431765892, 42.005542558954474 ], [ -83.204189909485478, 41.992817574106198 ], [ -83.240278839722734, 41.972445042265207 ], [ -83.277581636249366, 41.981389527406208 ], [ -83.256925087647531, 41.969908359106128 ], [ -83.262338501503876, 41.949722416068617 ], [ -83.249681577199937, 41.9636336625639 ], [ -83.24712155630877, 41.939553743176461 ], [ -83.263007073570066, 41.929220116399648 ], [ -83.267771598444753, 41.93637964680272 ], [ -83.297746043662585, 41.942931752065704 ], [ -83.318762422608884, 41.921661354302259 ], [ -83.330405011794539, 41.923399945179426 ], [ -83.323237768993934, 41.913467203056527 ], [ -83.333493009424302, 41.878094047665925 ], [ -83.349559198519088, 41.888129012314877 ], [ -83.382626100977987, 41.892635881338116 ], [ -83.382149861746697, 41.88575785236759 ], [ -83.357337421935469, 41.883184715351668 ], [ -83.354999316918963, 41.877428574308773 ], [ -83.382326075223986, 41.861942810274222 ], [ -83.406732862754424, 41.822599220572876 ], [ -83.434022060418059, 41.806869587359571 ], [ -83.42610317017828, 41.762829303152643 ], [ -83.43350782456352, 41.758284268824454 ], [ -83.441413083600182, 41.788859878823914 ], [ -83.45504632387599, 41.780993217330554 ], [ -83.4475112435169, 41.758695708266565 ], [ -83.463718651451401, 41.759561786123982 ], [ -83.473972473520575, 41.751882418425566 ], [ -83.463373187818888, 41.745588025067725 ], [ -83.475626377106295, 41.745030661750192 ], [ -83.46766019066024, 41.739348434065931 ], [ -83.797181388647502, 41.729954976180125 ], [ -84.13015503416193, 41.720451801989498 ], [ -84.463128679676373, 41.710937641470309 ], [ -84.796113311519349, 41.701434467279654 ], [ -84.796398956061495, 41.759727926534623 ], [ -85.099500774264541, 41.759859762477163 ], [ -85.402613578796121, 41.759980612091141 ], [ -85.705715396999167, 41.760112448033681 ], [ -86.008828201530761, 41.760244283976192 ], [ -86.311930019733794, 41.760376119918732 ], [ -86.615042824265387, 41.76049696953271 ], [ -86.807065689369423, 41.760566568251491 ], [ -86.748420619210179, 41.797041730158448 ], [ -86.709212482406045, 41.815646142457346 ], [ -86.691596910008428, 41.829718695027474 ], [ -86.677940732984652, 41.834094421664034 ], [ -86.647356105154969, 41.864658164012937 ], [ -86.605380200413151, 41.894958652539728 ], [ -86.586477505525977, 41.918426985400572 ], [ -86.558582909723071, 41.968850587041644 ], [ -86.547273249750077, 42.000429424472429 ], [ -86.48236587519834, 42.101171239576409 ], [ -86.482574179006036, 42.108037830557628 ], [ -86.336709238578564, 42.267046213331405 ], [ -86.324237077979546, 42.293167910902177 ], [ -86.255067598241112, 42.437544662718871 ], [ -86.217973903574759, 42.595682113121697 ], [ -86.222285757900337, 42.642129754013716 ], [ -86.201090129925262, 42.675870428472749 ], [ -86.203237375991208, 42.776264797034827 ], [ -86.205788546358221, 42.895053849284437 ], [ -86.178443464798207, 42.899326216763129 ], [ -86.205376312218363, 42.915221904825167 ], [ -86.236969991539326, 43.048579279063695 ], [ -86.226845728355144, 43.05953126881159 ], [ -86.240022381122884, 43.057700300390806 ], [ -86.324116001756138, 43.224649647670333 ], [ -86.316867201747598, 43.223383009993256 ], [ -86.309321542409478, 43.21135151441829 ], [ -86.305201538361686, 43.209806560258563 ], [ -86.282114184701726, 43.214269659322554 ], [ -86.277017593213742, 43.211362865347979 ], [ -86.274217506786755, 43.212091459756849 ], [ -86.275278003895494, 43.216428744039163 ], [ -86.266023203112439, 43.22228805356837 ], [ -86.263032350070773, 43.227601882303333 ], [ -86.252984100523278, 43.227285235507729 ], [ -86.249718570436272, 43.234208855722464 ], [ -86.245369661232147, 43.235643159593231 ], [ -86.242348292643186, 43.24026653278662 ], [ -86.238197777136406, 43.237577176714538 ], [ -86.236015694750165, 43.237836568256213 ], [ -86.233978543231927, 43.24405066260357 ], [ -86.238548668674156, 43.250630984894592 ], [ -86.238998790302901, 43.255895232843109 ], [ -86.242172719150389, 43.257226562581316 ], [ -86.2570734635962, 43.251058281734942 ], [ -86.267205687144127, 43.242894912701935 ], [ -86.281740216658761, 43.235124468742107 ], [ -86.321208359319812, 43.244169168595356 ], [ -86.326823789621443, 43.243169740082763 ], [ -86.328342100649664, 43.241311999969746 ], [ -86.333121452526811, 43.241547417446277 ], [ -86.335621054215054, 43.242727747654882 ], [ -86.338544557962663, 43.244324795128861 ], [ -86.389425314212076, 43.313707083814805 ], [ -86.407400643919203, 43.361283260181146 ], [ -86.411840217321142, 43.373033693352554 ], [ -86.448118089455363, 43.469052079356288 ], [ -86.526550573357298, 43.610069034487495 ], [ -86.522652355367654, 43.656646624303754 ], [ -86.428830296680346, 43.773634435635749 ], [ -86.419643426259626, 43.815935551239114 ], [ -86.440433573991186, 43.938188191226409 ], [ -86.510198742413166, 44.047280413815614 ], [ -86.503872855912093, 44.068920819412277 ], [ -86.412477891299758, 44.129703708681745 ], [ -86.257174488426784, 44.355814590915372 ], [ -86.195474732419385, 44.355513141243478 ], [ -86.217996936445672, 44.37307590141944 ], [ -86.255878097342944, 44.366827484164219 ], [ -86.216142383121152, 44.567589950126205 ], [ -86.251780241661649, 44.68621388467173 ], [ -86.230409732107191, 44.704143119437887 ], [ -86.208936265529246, 44.709481655960168 ], [ -86.084034158661908, 44.740409027170053 ], [ -86.073974761469344, 44.774096703391329 ], [ -86.064388116456627, 44.806158470000156 ], [ -86.066296108839808, 44.89797651609917 ], [ -86.031198933496157, 44.914433020905086 ], [ -85.99641822491877, 44.906402342387601 ], [ -85.97930169056913, 44.902444324319099 ], [ -85.924627258119841, 44.969241937975816 ], [ -85.911052680164858, 44.968273380631167 ], [ -85.896810490429147, 44.967254936736055 ], [ -85.869078172624555, 44.945121663327271 ], [ -85.863964165164987, 44.941037091672499 ], [ -85.84609080793085, 44.941463183509164 ], [ -85.812662965278051, 44.94225049266052 ], [ -85.777184487442241, 44.977410533405191 ], [ -85.775894298364719, 45.010627939748765 ], [ -85.771219494478999, 45.01599053206845 ], [ -85.761035735231829, 45.027667797620403 ], [ -85.737609583769071, 45.054504575922728 ], [ -85.680028223229129, 45.090293537047344 ], [ -85.633790343267336, 45.158791991019974 ], [ -85.617495188550109, 45.182882042543262 ], [ -85.573670656235961, 45.179113797746091 ], [ -85.567034378423728, 45.18386902849862 ], [ -85.540027159043518, 45.203206723249266 ], [ -85.53520183195198, 45.206659326408626 ], [ -85.519926851453107, 45.182963235044298 ], [ -85.52017069115675, 45.182764776334977 ], [ -85.528203072459704, 45.176226047434326 ], [ -85.547454472324119, 45.160544652765829 ], [ -85.552224228414161, 45.133945202568825 ], [ -85.570321585560436, 45.151893021569606 ], [ -85.601708989794929, 45.129657083032392 ], [ -85.559037580717344, 45.052143464181555 ], [ -85.565636198018979, 45.040184372614448 ], [ -85.580354377343767, 45.050369852919417 ], [ -85.592768442473258, 45.01821211069025 ], [ -85.599078918515957, 45.012116300529385 ], [ -85.607032990708817, 45.004430066542682 ], [ -85.639827995593137, 44.972707105045629 ], [ -85.62581158254487, 44.965268661141558 ], [ -85.596407102287031, 44.983830633851071 ], [ -85.591386932170579, 44.933263393611647 ], [ -85.631320046437693, 44.889646223205069 ], [ -85.642001816388401, 44.835050606588787 ], [ -85.636114192517368, 44.811305079522739 ], [ -85.627581017222852, 44.776849401798891 ], [ -85.625751900237134, 44.76945749046449 ], [ -85.587121924441789, 44.768862589036388 ], [ -85.58615120260373, 44.772263692905945 ], [ -85.57400740495909, 44.814772238458694 ], [ -85.52235320039901, 44.892579661 ], [ -85.557824927674361, 44.892080168468667 ], [ -85.532042806380417, 44.91472026162684 ], [ -85.518973776104914, 44.951546786922279 ], [ -85.513457882327899, 44.96707302546131 ], [ -85.471850706121856, 44.984476804647819 ], [ -85.470571532546444, 44.985011371191817 ], [ -85.4649793175778, 44.987348008987119 ], [ -85.461584957013088, 44.973307068797681 ], [ -85.458127549313929, 44.958997151625759 ], [ -85.463036955952333, 44.956111124128718 ], [ -85.478620503691033, 44.946946255808797 ], [ -85.489324992653266, 44.861219134899692 ], [ -85.537116937653749, 44.824449819348644 ], [ -85.559996303832179, 44.774155958401124 ], [ -85.567010743374311, 44.758715465079142 ], [ -85.527252326841577, 44.74734340023678 ], [ -85.491004232478986, 44.799371907566076 ], [ -85.458455838945355, 44.820444469704817 ], [ -85.408056936557486, 44.903459495448892 ], [ -85.386507482396425, 44.93886307511896 ], [ -85.385166439902079, 44.946215959141448 ], [ -85.376235200890747, 44.995130442089952 ], [ -85.366498960462735, 45.048344673586627 ], [ -85.358368815763598, 45.092693711385451 ], [ -85.370388652524724, 45.144967455172072 ], [ -85.383371382711829, 45.201304840406209 ], [ -85.367273179114378, 45.262079484600562 ], [ -85.34275662026171, 45.281515320986742 ], [ -85.296492976454431, 45.318132179264389 ], [ -85.267334243085045, 45.314187035366132 ], [ -85.252569072494481, 45.312185489255036 ], [ -85.245296590960351, 45.330995386593983 ], [ -85.23597988884616, 45.336093664452775 ], [ -85.202624414771222, 45.354329997365873 ], [ -85.124741545859749, 45.370240938059489 ], [ -85.089899945036208, 45.367230182544596 ], [ -85.031033276274542, 45.362111958377511 ], [ -84.911201270573713, 45.391744267559794 ], [ -84.922395329940358, 45.418733654480796 ], [ -84.983904922039642, 45.41994661032048 ], [ -84.995395152640128, 45.423292631976338 ], [ -85.045588077396005, 45.437886706011739 ], [ -85.050107246092921, 45.439198909633113 ], [ -85.070851702632851, 45.458517526747379 ], [ -85.075789021880169, 45.463112576422468 ], [ -85.092742559939452, 45.478882335801849 ], [ -85.099143813420639, 45.49458928819864 ], [ -85.1080250885488, 45.516364374692849 ], [ -85.110307998762863, 45.559201528792514 ], [ -85.111099755876879, 45.574041028152742 ], [ -85.06841153878166, 45.625930778843262 ], [ -85.012691985238504, 45.646717908316319 ], [ -85.001264997279037, 45.655773150424189 ], [ -84.990998725183005, 45.663904539724022 ], [ -84.942735794500521, 45.702079826001913 ], [ -84.945818430131098, 45.72885006773965 ], [ -85.000118732367255, 45.758909864053713 ], [ -84.965899512749203, 45.750313584889533 ], [ -84.925645242574092, 45.751329460672665 ], [ -84.901368299033493, 45.739482133943547 ], [ -84.876868837140421, 45.749374081815283 ], [ -84.832975138847033, 45.740067107901488 ], [ -84.819906100684321, 45.747182095926277 ], [ -84.806797634691563, 45.741021293922515 ], [ -84.786854229042831, 45.747685703907749 ], [ -84.778040996544476, 45.759137176113022 ], [ -84.786856334916578, 45.775779181808531 ], [ -84.787251088316339, 45.776524132681338 ], [ -84.769053659350902, 45.779266174862457 ], [ -84.754110657657677, 45.781514879151018 ], [ -84.74242078116275, 45.783272180776407 ], [ -84.726030257996101, 45.785733372944009 ], [ -84.70898538521358, 45.773614202244886 ], [ -84.716180668982915, 45.765600135237548 ], [ -84.709626561313215, 45.760568767738043 ], [ -84.672825396424884, 45.745483091476714 ], [ -84.587567248671533, 45.71044095839035 ], [ -84.55564189237046, 45.702750966158781 ], [ -84.554216738475233, 45.702407365376885 ], [ -84.515364720005891, 45.673100186716127 ], [ -84.510468670108068, 45.669403312155445 ], [ -84.46086045636747, 45.646671473280342 ], [ -84.440269075361698, 45.648239604139611 ], [ -84.417761088430169, 45.639728918333041 ], [ -84.408261844199501, 45.645889585804596 ], [ -84.430113327874253, 45.656688793068639 ], [ -84.417005878386902, 45.664905620464857 ], [ -84.371663135068232, 45.647865742520999 ], [ -84.317779744204017, 45.654604574352938 ], [ -84.312479061616514, 45.655265667123082 ], [ -84.248573482098308, 45.635150690955463 ], [ -84.221335129724054, 45.632187900238108 ], [ -84.215934085911528, 45.631599398970735 ], [ -84.196873908987669, 45.61723438042916 ], [ -84.129947496131791, 45.56669633912454 ], [ -84.119311823207454, 45.552227012982165 ], [ -84.10606620939754, 45.50249091250015 ], [ -84.071398471697023, 45.481948923859228 ], [ -84.037816772526838, 45.488844207860112 ], [ -84.022422635899389, 45.492000257048467 ], [ -83.992210216508866, 45.484050560178012 ], [ -83.921193415674679, 45.482940567149832 ], [ -83.883906908981444, 45.468967264880213 ], [ -83.815873441913482, 45.42019667633577 ], [ -83.765547602883828, 45.412044447720277 ], [ -83.779631236868909, 45.405967467783285 ], [ -83.77481016091626, 45.402267462835283 ], [ -83.750357130952793, 45.405288834573959 ], [ -83.730634118103254, 45.39734992864129 ], [ -83.728253684956982, 45.403739993730966 ], [ -83.707706772310374, 45.40701280425138 ], [ -83.684605205025989, 45.387134290179347 ], [ -83.578064799622211, 45.343391301469637 ], [ -83.574371571958636, 45.34976556448968 ], [ -83.564102133256341, 45.342345688941414 ], [ -83.547850770335074, 45.342651210105785 ], [ -83.52850943568022, 45.350936681477343 ], [ -83.487209521414599, 45.335421925043811 ], [ -83.488149098202001, 45.353747826941309 ], [ -83.482326569755401, 45.352088440752127 ], [ -83.4699065621503, 45.339141556709059 ], [ -83.478199739455718, 45.330752669196826 ], [ -83.472515407785934, 45.322452307726763 ], [ -83.455966799543845, 45.321368444802047 ], [ -83.410318317646102, 45.283111062858019 ], [ -83.389073403452457, 45.276096027498681 ], [ -83.384523206645099, 45.274592652647897 ], [ -83.375977644312727, 45.264422993089894 ], [ -83.38144054238964, 45.252116906826458 ], [ -83.392541095739844, 45.249034470724119 ], [ -83.408533892350519, 45.259967306971625 ], [ -83.396715159443048, 45.266250009576716 ], [ -83.397875608900435, 45.27267395112635 ], [ -83.410616822405359, 45.268920453151502 ], [ -83.414988838663064, 45.261867255732881 ], [ -83.399163894472636, 45.227351470442109 ], [ -83.365495671653491, 45.194926902496562 ], [ -83.357675378468571, 45.167129449221378 ], [ -83.333903125027803, 45.144867529526536 ], [ -83.328475788407559, 45.139781355691092 ], [ -83.313262765884332, 45.139377438088971 ], [ -83.310141550559521, 45.134074788970764 ], [ -83.30590050310758, 45.121433095832863 ], [ -83.31349094097493, 45.115108427914578 ], [ -83.298189418672308, 45.09576933353609 ], [ -83.292098178068457, 45.088065940928537 ], [ -83.315767872084933, 45.080344022514993 ], [ -83.317855756249472, 45.079662465400197 ], [ -83.3141171576613, 45.079619583436781 ], [ -83.30523617563945, 45.079517093897444 ], [ -83.305027426758826, 45.075629508813769 ], [ -83.303649524730275, 45.049953326508721 ], [ -83.268263077347228, 45.041980576536538 ], [ -83.262684393836295, 45.034483244135615 ], [ -83.252278982719574, 45.020492249075893 ], [ -83.330438053496678, 45.038124150389571 ], [ -83.361016715444222, 45.059307197395647 ], [ -83.353822563957266, 45.062893027920808 ], [ -83.358453838189021, 45.073021103147546 ], [ -83.42419038543197, 45.054722210048531 ], [ -83.442066583445637, 45.034526915680686 ], [ -83.439739484965372, 45.021908236356424 ], [ -83.44654477526565, 45.021065029639814 ], [ -83.422352553814278, 45.003407132816498 ], [ -83.43048452921164, 45.000019293690002 ], [ -83.432131328784962, 45.000515137371252 ], [ -83.44559174341498, 45.004566501536274 ], [ -83.450200884372776, 45.000019556897385 ], [ -83.426373070375732, 44.934056119351268 ], [ -83.394496567048876, 44.915394385162529 ], [ -83.387550992595308, 44.898884467915202 ], [ -83.38743066397015, 44.898598343385245 ], [ -83.368455828836929, 44.896099718380867 ], [ -83.343988434665675, 44.879337988342662 ], [ -83.308659128800784, 44.878934442552968 ], [ -83.304977579114265, 44.878891587762638 ], [ -83.31109676031096, 44.850792507996175 ], [ -83.291106893505543, 44.823074921709789 ], [ -83.285659788727045, 44.793923195830452 ], [ -83.282553727413543, 44.761132461914819 ], [ -83.289802426808066, 44.739914927922982 ], [ -83.264456944175294, 44.709611436417205 ], [ -83.268760453868524, 44.676907768472958 ], [ -83.304276725977942, 44.598989165821365 ], [ -83.295998999707194, 44.539796792053238 ], [ -83.315225079737118, 44.454809865106121 ], [ -83.321232333278232, 44.338361194009209 ], [ -83.321436622424528, 44.33439176250431 ], [ -83.329981352661434, 44.323950940821454 ], [ -83.343763259299834, 44.32410937240136 ], [ -83.352978099260866, 44.324214106183845 ], [ -83.367191834043155, 44.31658517145933 ], [ -83.40392157942442, 44.286292622116697 ], [ -83.439940375137098, 44.241779124366033 ], [ -83.449184892527725, 44.244272918824727 ], [ -83.452315287515063, 44.245117098177055 ], [ -83.437518225989976, 44.251013642228422 ], [ -83.434950276778977, 44.252036565833968 ], [ -83.43250151234227, 44.262546000779764 ], [ -83.477951007200801, 44.271724243666839 ], [ -83.483029899426711, 44.270157162003159 ], [ -83.491716742992878, 44.267475957384299 ], [ -83.493042292895538, 44.267066724955946 ], [ -83.499559400771531, 44.261845405310233 ], [ -83.528039782619288, 44.239009625557678 ], [ -83.555096075633131, 44.155201469995447 ], [ -83.55535513184978, 44.106182708839619 ], [ -83.573184356294462, 44.081846085099009 ], [ -83.578518788906578, 44.074559492237142 ], [ -83.571080461074345, 44.04608681545281 ], [ -83.606580183069653, 44.052601805210784 ], [ -83.64934464900935, 44.043363219771706 ], [ -83.67520187505346, 44.017469122918619 ], [ -83.675114927450707, 43.994703741669753 ], [ -83.675080284731223, 43.985627679703818 ], [ -83.682397635692425, 43.98783258759233 ], [ -83.722818576615026, 43.999998127016624 ], [ -83.740183469400762, 43.986394854137032 ], [ -83.759936719569609, 43.981970063727367 ], [ -83.768887891702548, 43.98188559668003 ], [ -83.773281058108381, 43.981843807088389 ], [ -83.785855443742676, 43.990873680287791 ], [ -83.791958260633038, 43.985880113873456 ], [ -83.814366620925469, 43.996122178917361 ], [ -83.833173970186152, 43.991907273569836 ], [ -83.846648109079922, 43.98146655581256 ], [ -83.842596564158825, 43.97616765401655 ], [ -83.879554427912623, 43.941607024581728 ], [ -83.882683967565569, 43.920550337164933 ], [ -83.901498795435998, 43.912890124216318 ], [ -83.909117319135561, 43.858586446001539 ], [ -83.909493983936528, 43.855898661020049 ], [ -83.895494126761406, 43.845309552208008 ], [ -83.914308904388449, 43.850894202396887 ], [ -83.919870676322532, 43.784037897889363 ], [ -83.923441499953896, 43.776729359859999 ], [ -83.934755786369195, 43.783446892929845 ], [ -83.948268223924529, 43.764514453030898 ], [ -83.936473882424067, 43.718170252535678 ], [ -83.909105429844857, 43.680881334642351 ], [ -83.853463446902964, 43.649322490722682 ], [ -83.829178444404207, 43.656280339485235 ], [ -83.806678115815131, 43.639164006597156 ], [ -83.789297520435994, 43.639717091522613 ], [ -83.754765285758182, 43.625934223221442 ], [ -83.735203327070479, 43.625320010355935 ], [ -83.687098995630436, 43.593311040238049 ], [ -83.687212317128072, 43.585750085803404 ], [ -83.659273533031111, 43.596736687108169 ], [ -83.623146448121076, 43.623904785873897 ], [ -83.520366922493878, 43.717543324088311 ], [ -83.50832684595818, 43.718798010938507 ], [ -83.499857766550036, 43.698549924797696 ], [ -83.476213580885315, 43.711595715638907 ], [ -83.443429514229095, 43.754095340598688 ], [ -83.433922928771651, 43.786066282049568 ], [ -83.424507963359574, 43.782068289044666 ], [ -83.422531193839902, 43.78571519093245 ], [ -83.429383491864485, 43.791284970877996 ], [ -83.417633820764692, 43.792993516291318 ], [ -83.41680097753347, 43.802606665607797 ], [ -83.410148229123962, 43.799920858926832 ], [ -83.397032622436313, 43.809262729103501 ], [ -83.379423977087868, 43.848241773484432 ], [ -83.345601893998634, 43.858857716179799 ], [ -83.325795003007514, 43.880162325918725 ], [ -83.324222936687875, 43.893891607367109 ], [ -83.334865649949109, 43.90042601135756 ], [ -83.383665979377383, 43.902585633475177 ], [ -83.394720499570511, 43.904767301960383 ], [ -83.397742884281271, 43.912133748277036 ], [ -83.351766054821027, 43.910931605377463 ], [ -83.301089475417044, 43.921338274516081 ], [ -83.273851736711265, 43.940895860916143 ], [ -83.256730139363896, 43.973038294255524 ], [ -83.174636013937942, 43.979569098994503 ], [ -83.13472504119396, 43.987751538050482 ], [ -83.108044533892127, 43.999992331906988 ], [ -83.055963940527533, 43.999050326786424 ], [ -83.05237065369495, 44.001997334516503 ], [ -83.02931280126009, 44.020896572425173 ], [ -83.017632646769258, 44.041351104339704 ], [ -82.986045600717688, 44.045249602289061 ], [ -82.95145172037958, 44.065360247463857 ], [ -82.934414630379393, 44.060294476703852 ], [ -82.899040386614601, 44.071237115578647 ], [ -82.892047850302731, 44.073397952723361 ], [ -82.895615083354784, 44.069676082818901 ], [ -82.902217760121999, 44.062785388841064 ], [ -82.879779598255695, 44.057856861691519 ], [ -82.873134711930462, 44.046069396332157 ], [ -82.786155819022483, 44.020853974563288 ], [ -82.738341260327047, 43.985236374696143 ], [ -82.734276646501641, 43.979226256651252 ], [ -82.691381162363299, 43.915702232078139 ], [ -82.681103406847953, 43.909797115760654 ], [ -82.674381311604051, 43.882644078644717 ], [ -82.647182995794722, 43.85215355181893 ], [ -82.634983015730072, 43.847125817603867 ], [ -82.63822503434632, 43.835498417791221 ], [ -82.62746405863065, 43.811164022047755 ], [ -82.610567771914361, 43.772906694970594 ], [ -82.6137723412551, 43.753261485462261 ], [ -82.604838923483499, 43.727664956435873 ], [ -82.596336387289455, 43.610885482852517 ], [ -82.594935015245028, 43.591587630499092 ], [ -82.53690461507145, 43.428990653588627 ], [ -82.515145862146738, 43.207910587138223 ], [ -82.506717133848738, 43.179025191300816 ], [ -82.485535320879634, 43.106291005422499 ], [ -82.419520477071003, 43.008768057933509 ], [ -82.419534524259632, 43.008382596520207 ], [ -82.435835668468599, 42.944689017139233 ] ] ], [ [ [ -82.452898977686289, 42.878017424873875 ], [ -82.449702222961776, 42.91838753022467 ], [ -82.439622487865449, 42.92989275015556 ], [ -82.452898977686289, 42.878017424873875 ] ] ], [ [ [ -82.471439393551719, 42.805574323055758 ], [ -82.471553888095656, 42.805843779015916 ], [ -82.470004012106969, 42.811182799419221 ], [ -82.471439393551719, 42.805574323055758 ] ] ], [ [ [ -82.617453058956201, 42.576528177245336 ], [ -82.627227920604739, 42.581707073011152 ], [ -82.632949931943116, 42.580963108059009 ], [ -82.636894513542501, 42.575447061145148 ], [ -82.646477144998471, 42.571071637100587 ], [ -82.649240343602671, 42.573208139952811 ], [ -82.646790658230557, 42.576309409416872 ], [ -82.619665946622433, 42.589221605181706 ], [ -82.608931615093823, 42.589858687164643 ], [ -82.603887726079677, 42.592055832811631 ], [ -82.591085984774793, 42.603503734890815 ], [ -82.574414562904309, 42.6098396531182 ], [ -82.566789353620209, 42.610350452739311 ], [ -82.617453058956201, 42.576528177245336 ] ] ], [ [ [ -83.122419995552093, 42.215763015722366 ], [ -83.122484275750466, 42.224902538861066 ], [ -83.119199759180503, 42.23264671221942 ], [ -83.116067592558309, 42.234436298028136 ], [ -83.115515267835178, 42.234474185359176 ], [ -83.122419995552093, 42.215763015722366 ] ] ], [ [ [ -83.149669156915621, 42.141920323926598 ], [ -83.147336433535543, 42.091765112134425 ], [ -83.153044216043767, 42.086733619771749 ], [ -83.160563603749708, 42.081567276773434 ], [ -83.167311337976301, 42.083031402901966 ], [ -83.171083012992511, 42.105302169982266 ], [ -83.166030781642164, 42.135698348155188 ], [ -83.15724807341654, 42.154365328547293 ], [ -83.156467457525324, 42.160995554599658 ], [ -83.147023954318996, 42.168427594986284 ], [ -83.143350946015261, 42.174485714173755 ], [ -83.143850080364047, 42.186452218381866 ], [ -83.142971873372531, 42.18947742343417 ], [ -83.140084036872409, 42.190656509085002 ], [ -83.138142138792702, 42.18577764255695 ], [ -83.138278341082071, 42.17570716409061 ], [ -83.13775434733445, 42.174208349233886 ], [ -83.149669156915621, 42.141920323926598 ] ] ], [ [ [ -87.60580222526734, 45.097959054297881 ], [ -90.157723951535417, 45.303378347525431 ], [ -90.414569930798734, 46.557310695766972 ], [ -90.330313757025394, 46.600606754423531 ], [ -90.291654155164721, 46.596936930607569 ], [ -90.259358838199077, 46.610380273865715 ], [ -90.197315534390157, 46.626344319742202 ], [ -90.175563771743981, 46.63560261282538 ], [ -90.106264259277012, 46.645890539771919 ], [ -90.073730109405005, 46.653708403427657 ], [ -90.062366340458283, 46.656435787321684 ], [ -90.023842290546227, 46.665669138677146 ], [ -89.980032980135391, 46.699485566589892 ], [ -89.946760420314263, 46.7144811292399 ], [ -89.865047859949897, 46.77604055917498 ], [ -89.833797568360708, 46.795727660075663 ], [ -89.798350530376837, 46.809856250076322 ], [ -89.745714477075126, 46.822641936322768 ], [ -89.652763472120142, 46.825634292435062 ], [ -89.625709040222119, 46.814388238621881 ], [ -89.606048017373155, 46.814971365462441 ], [ -89.599977596383567, 46.81675592368299 ], [ -89.559797334632464, 46.828554590292818 ], [ -89.511967757506213, 46.83577051630936 ], [ -89.462604094817976, 46.83294691229036 ], [ -89.424060101562276, 46.835403004599861 ], [ -89.374589288343273, 46.847208994055435 ], [ -89.234669741968361, 46.901872246684654 ], [ -89.183970867669899, 46.941117943135197 ], [ -89.174021107264167, 46.958898131682439 ], [ -89.153520298340169, 46.966305990957565 ], [ -89.141167616496787, 46.979363707653576 ], [ -89.120873225599098, 46.989503207687662 ], [ -89.115250278773274, 46.99039960150386 ], [ -89.093467365298565, 46.981820468915792 ], [ -89.06971693358301, 46.98223601411415 ], [ -89.041113102107786, 46.993355716032177 ], [ -89.037251660030861, 46.993192374756021 ], [ -88.991711794618624, 46.991253824206588 ], [ -88.95846119048025, 46.998860376580168 ], [ -88.942171946993156, 47.009285708057178 ], [ -88.919862883676572, 47.033200099551969 ], [ -88.9124210555524, 47.048016350094954 ], [ -88.895966065341526, 47.080742585253411 ], [ -88.881499982647313, 47.093613220149699 ], [ -88.852675143806394, 47.107437775360637 ], [ -88.833830651062115, 47.111297925139603 ], [ -88.820585224589507, 47.127319617522787 ], [ -88.809002931664281, 47.134128662124773 ], [ -88.756030261854988, 47.148987131079323 ], [ -88.700249802621215, 47.195041629572899 ], [ -88.669540410095181, 47.212085672889756 ], [ -88.630339655711595, 47.223449867439619 ], [ -88.622877557774387, 47.222553156345363 ], [ -88.621010810412528, 47.216653287651312 ], [ -88.614210596221398, 47.195148448844414 ], [ -88.637839951049301, 47.16347539082534 ], [ -88.61813319468456, 47.127048848664849 ], [ -88.601920711702633, 47.116138889232055 ], [ -88.554242695806423, 47.115860267045086 ], [ -88.524205238727376, 47.108589826540801 ], [ -88.511189638165973, 47.099850071870662 ], [ -88.508091796855382, 47.093773257600951 ], [ -88.51352478601288, 47.016701912760389 ], [ -88.509351973968563, 47.014546471366472 ], [ -88.504255212350614, 47.018372661406282 ], [ -88.505933204191891, 47.028157162851848 ], [ -88.497731693163047, 47.030709443489577 ], [ -88.484761162381815, 47.027234246921658 ], [ -88.486058797582658, 47.021699030672458 ], [ -88.475125090544495, 47.018613169254607 ], [ -88.471966460871201, 47.011616613533214 ], [ -88.44428673440413, 46.99853244339846 ], [ -88.439472608311178, 46.981747859747749 ], [ -88.441702105652311, 46.97091897665149 ], [ -88.442175651726956, 46.968618277032796 ], [ -88.445020131025444, 46.954793831460307 ], [ -88.442327245438207, 46.939542697685347 ], [ -88.467093285806342, 46.885427792270868 ], [ -88.469005874111971, 46.873598635505125 ], [ -88.473029046936546, 46.848696538364194 ], [ -88.476273339781258, 46.828596496435061 ], [ -88.460319967205706, 46.785151480055077 ], [ -88.460904498360634, 46.783781183053968 ], [ -88.4634862128012, 46.777727969143847 ], [ -88.470735014580271, 46.776351115079187 ], [ -88.483575345051108, 46.764036837886863 ], [ -88.48443014439961, 46.752104808818054 ], [ -88.473489254779039, 46.748103353718456 ], [ -88.452050605730037, 46.751532790350183 ], [ -88.434014702108371, 46.779286121556595 ], [ -88.421507993654572, 46.798510381158358 ], [ -88.383504683917295, 46.83449438385319 ], [ -88.388310758194621, 46.841440812180501 ], [ -88.401410777720727, 46.842634675924934 ], [ -88.374409724449492, 46.868654580328844 ], [ -88.368481356851674, 46.864946689432749 ], [ -88.368504573826911, 46.855100953776947 ], [ -88.354030597102053, 46.853491314641936 ], [ -88.315483511826031, 46.877063566943193 ], [ -88.23410006069814, 46.926702579344109 ], [ -88.147663723944902, 46.961972948124732 ], [ -88.139798051881314, 46.959226366605478 ], [ -88.125865747505884, 46.961229322549954 ], [ -88.143033030156332, 46.941282219749731 ], [ -88.164815715916163, 46.925771700869333 ], [ -88.20028617977492, 46.905088961190422 ], [ -88.204489635348168, 46.902635855060453 ], [ -88.217941023225379, 46.898576807308672 ], [ -88.234169643729388, 46.885736539724917 ], [ -88.25302269279122, 46.851297680680709 ], [ -88.277224560373796, 46.820105210539005 ], [ -88.269419698477023, 46.820589965879684 ], [ -88.253503514415712, 46.832742944411777 ], [ -88.229889300952593, 46.865721088309911 ], [ -88.205596821560889, 46.883150403803647 ], [ -88.201812355969921, 46.891958485007535 ], [ -88.191733708658759, 46.891111680942977 ], [ -88.175612897179434, 46.901063520262419 ], [ -88.174994018726409, 46.901445433709753 ], [ -88.119267457452551, 46.90833121411891 ], [ -88.083721104755583, 46.917589483159603 ], [ -88.066676397553536, 46.917616064371522 ], [ -88.04523046090182, 46.912415710916648 ], [ -88.025278087769237, 46.907572062995918 ], [ -87.982529798139353, 46.90258653683005 ], [ -87.902800212575059, 46.905225994343816 ], [ -87.856039268247699, 46.882227506312795 ], [ -87.814747772068031, 46.884695318931833 ], [ -87.803989600187776, 46.8776536729344 ], [ -87.779064020602874, 46.873957336382809 ], [ -87.773418678576334, 46.862437060323188 ], [ -87.753978358137957, 46.855158398979825 ], [ -87.753046385077042, 46.855372690981163 ], [ -87.737162887600789, 46.859023112269732 ], [ -87.728793806144651, 46.828120365032674 ], [ -87.714770380684854, 46.821841078846631 ], [ -87.695704359310497, 46.820956472480788 ], [ -87.689195702296203, 46.824095885558869 ], [ -87.682527867966428, 46.836619149901082 ], [ -87.675836179348167, 46.836329332074236 ], [ -87.663117733474252, 46.816969805304417 ], [ -87.64917883881327, 46.805880976631855 ], [ -87.6369943160107, 46.808928683567849 ], [ -87.630532205798559, 46.806571189488679 ], [ -87.601181725138289, 46.7812111026929 ], [ -87.591537815480336, 46.778266645281555 ], [ -87.586616458616504, 46.776763540219896 ], [ -87.585305080023033, 46.745216024345673 ], [ -87.578865539183894, 46.730273668835785 ], [ -87.554596707403661, 46.705234739642691 ], [ -87.519493103759643, 46.682968255623109 ], [ -87.517344089864338, 46.671120175566273 ], [ -87.516723537324225, 46.667697809920512 ], [ -87.493057256141228, 46.640346933486626 ], [ -87.46481977673632, 46.627739522834219 ], [ -87.455848033561153, 46.607811628486125 ], [ -87.427122987995389, 46.584683356265316 ], [ -87.40484468107897, 46.58428257212551 ], [ -87.388570573666016, 46.577561420600105 ], [ -87.381642310989719, 46.585499295090329 ], [ -87.376042066085034, 46.5865449352032 ], [ -87.372517701242828, 46.582276389910263 ], [ -87.372906652749535, 46.576546391358427 ], [ -87.385282532352008, 46.564591243730497 ], [ -87.371007612745785, 46.536995716302918 ], [ -87.382329907992286, 46.530789625878072 ], [ -87.383009204397766, 46.524365717881963 ], [ -87.379179259425456, 46.513695988049484 ], [ -87.372647448142075, 46.508669192150563 ], [ -87.368858986202241, 46.505752951398293 ], [ -87.359541138790561, 46.498578203177146 ], [ -87.335576363649196, 46.489968611420949 ], [ -87.292850415940435, 46.484284896661002 ], [ -87.230409513661783, 46.482446214866869 ], [ -87.183845824189675, 46.486878612009683 ], [ -87.165359286901349, 46.496423353072494 ], [ -87.148482687394264, 46.489911681851474 ], [ -87.124815142333347, 46.487199421602263 ], [ -87.109411125258418, 46.491410481717487 ], [ -87.098004830028898, 46.497852508416479 ], [ -87.077022843066146, 46.509694516007251 ], [ -87.056170987019698, 46.5110294722001 ], [ -87.020395542494256, 46.520440722056705 ], [ -87.01667230916506, 46.526693069945544 ], [ -86.997048390744339, 46.525708540053351 ], [ -86.975953005303509, 46.521085545011644 ], [ -86.965676826286966, 46.51327674204915 ], [ -86.944057220526631, 46.479205368220136 ], [ -86.935561996583061, 46.465802826893608 ], [ -86.920066621251181, 46.459691941068371 ], [ -86.892812902458203, 46.457918256219727 ], [ -86.871328903734081, 46.43406512454073 ], [ -86.831684853801832, 46.428617342450437 ], [ -86.814670397408335, 46.434190979264443 ], [ -86.786524063588971, 46.469938712958154 ], [ -86.747177252938087, 46.472925754788129 ], [ -86.72504343720334, 46.465986998951252 ], [ -86.722434111523242, 46.45802601423177 ], [ -86.69648630947259, 46.437194006623145 ], [ -86.65678899956643, 46.439009993862207 ], [ -86.648549047196141, 46.430682495399537 ], [ -86.653524392332358, 46.412066715514214 ], [ -86.64081321959415, 46.408618080499416 ], [ -86.624584083143731, 46.418040840085908 ], [ -86.602983850431869, 46.44493899627124 ], [ -86.594163934218116, 46.448746297570565 ], [ -86.582046980533732, 46.462670191618905 ], [ -86.47214088443198, 46.534995627798466 ], [ -86.457688307119795, 46.544480582743631 ], [ -86.432753001010241, 46.543482434967409 ], [ -86.365597040202488, 46.562088717424253 ], [ -86.345090850178593, 46.57122210580394 ], [ -86.331583483635541, 46.577233867515389 ], [ -86.301223817636952, 46.590733461035647 ], [ -86.270498713859979, 46.604377710849491 ], [ -86.19746827669421, 46.641268545111011 ], [ -86.15505329294281, 46.662641856043095 ], [ -86.135129187998729, 46.664036707580692 ], [ -86.110822225359883, 46.650154495735585 ], [ -86.091784757203328, 46.646955766412951 ], [ -85.9813003968831, 46.672496909348006 ], [ -85.964086326801407, 46.672273386268088 ], [ -85.898901560185024, 46.68227717372131 ], [ -85.877775648623398, 46.685508575717456 ], [ -85.84447008096295, 46.683786356452082 ], [ -85.775693224747982, 46.672104363603225 ], [ -85.77398200837645, 46.672028662295482 ], [ -85.72041968407845, 46.669642994654772 ], [ -85.661886732877889, 46.672199056447063 ], [ -85.654938367432209, 46.672500002449823 ], [ -85.599932789827434, 46.669668406198284 ], [ -85.532424487819455, 46.666147974899452 ], [ -85.503506796397929, 46.667961395308005 ], [ -85.467683468576553, 46.674844557549562 ], [ -85.395145914703036, 46.698631764471521 ], [ -85.332755628988977, 46.7190271327907 ], [ -85.244570422339322, 46.747753724452373 ], [ -85.190311795025934, 46.753147710468497 ], [ -85.152730266493649, 46.756864430995549 ], [ -85.046754686047407, 46.751087982425773 ], [ -85.016809519307088, 46.75977803145507 ], [ -85.001330073801071, 46.764265118345136 ], [ -84.996551180984937, 46.765649702700962 ], [ -84.966465513968245, 46.768833310292585 ], [ -84.949933910741734, 46.770578310883643 ], [ -84.945913912353717, 46.766473598225978 ], [ -84.947002339501609, 46.765382182924554 ], [ -84.948889283939806, 46.763489909355521 ], [ -84.974786221880549, 46.747185343342423 ], [ -85.011862415867455, 46.712315415525559 ], [ -85.025578149422344, 46.671559019485997 ], [ -85.02251298084991, 46.661048301425147 ], [ -85.03135647362177, 46.590563488188643 ], [ -85.023913053902305, 46.562639477830423 ], [ -85.021486564351619, 46.553529392307162 ], [ -85.023456328594065, 46.549862148743557 ], [ -85.031122830544035, 46.55533061964578 ], [ -85.039095353803432, 46.555761529713351 ], [ -85.04468297591292, 46.547966494684509 ], [ -85.031086239787129, 46.548694858897029 ], [ -85.021757400246656, 46.543921451990265 ], [ -85.023048830986212, 46.537968879976177 ], [ -85.03231961984973, 46.534275400267532 ], [ -84.99645830722389, 46.474441092537525 ], [ -84.959981417132411, 46.471792448350733 ], [ -84.944144276314205, 46.482808099920547 ], [ -84.943803503892141, 46.483045042433716 ], [ -84.932534127651152, 46.483529806106098 ], [ -84.923849619063517, 46.470281622090788 ], [ -84.904593890103229, 46.462543367042066 ], [ -84.855222482659883, 46.464241557575683 ], [ -84.829630079041195, 46.441402601432387 ], [ -84.756758823186487, 46.449956124655806 ], [ -84.713707496215392, 46.464629485492608 ], [ -84.670305991746659, 46.485460073655389 ], [ -84.659691462091615, 46.481115171706371 ], [ -84.625331043889616, 46.480699278239889 ], [ -84.621566145152784, 46.480652928779556 ], [ -84.61494176762497, 46.476995867465789 ], [ -84.600844546131455, 46.452330916195443 ], [ -84.600691489652689, 46.452062973250328 ], [ -84.571215108720978, 46.428266308239159 ], [ -84.568235722641475, 46.423232870880817 ], [ -84.574196666622171, 46.423236065644559 ], [ -84.581485748822658, 46.42598470227535 ], [ -84.587443190575669, 46.434907089127059 ], [ -84.593074099528465, 46.43536410020527 ], [ -84.59738245492241, 46.42782112392144 ], [ -84.595393225029724, 46.420274399015277 ], [ -84.57917898556569, 46.410201144230186 ], [ -84.543740093598799, 46.414984750207076 ], [ -84.526499541984464, 46.423892348874048 ], [ -84.517216758885041, 46.428685750483233 ], [ -84.501968179277469, 46.431411573688401 ], [ -84.497642338458192, 46.439644806271325 ], [ -84.490026929669227, 46.43871778073698 ], [ -84.48276856556221, 46.433443337298961 ], [ -84.476468694178465, 46.428864008044094 ], [ -84.46719840840133, 46.4281624008254 ], [ -84.449253017787967, 46.445978945756963 ], [ -84.448904303202411, 46.449696367443359 ], [ -84.447874379584476, 46.460672387177326 ], [ -84.447535834852857, 46.464279211168446 ], [ -84.415979312182941, 46.481607017100991 ], [ -84.404031793920112, 46.485242780943302 ], [ -84.388451285663862, 46.484521420543309 ], [ -84.385110020619749, 46.490923199844076 ], [ -84.374176567366831, 46.489752060244477 ], [ -84.356232903213282, 46.496801763118327 ], [ -84.33402191614978, 46.495600001609589 ], [ -84.299937713440073, 46.483609980345207 ], [ -84.288148021117706, 46.459782430664127 ], [ -84.261146119104652, 46.434307322876855 ], [ -84.248490731752, 46.396746229161174 ], [ -84.227254817442812, 46.358695277022811 ], [ -84.217709795150995, 46.352257035224085 ], [ -84.214215510729815, 46.340026271991803 ], [ -84.213522998339101, 46.337601576857026 ], [ -84.217001846972394, 46.315878556506604 ], [ -84.213907946923399, 46.288407071103748 ], [ -84.18798035051077, 46.266806656991598 ], [ -84.174374778069847, 46.244762027921567 ], [ -84.177368869656789, 46.23129941649978 ], [ -84.191499512542748, 46.240963624527922 ], [ -84.206353790333353, 46.241934319195934 ], [ -84.20842723957162, 46.229585683788727 ], [ -84.217696310710707, 46.227558731479206 ], [ -84.230001566512627, 46.215704375917845 ], [ -84.235925048886472, 46.21892734671308 ], [ -84.251488123078744, 46.212798782395723 ], [ -84.246582655873496, 46.20706177388201 ], [ -84.253545675513791, 46.202052465873784 ], [ -84.264442189040039, 46.201170538699706 ], [ -84.265468107439588, 46.19614258729252 ], [ -84.249726233681542, 46.183734390758794 ], [ -84.238153768648218, 46.186215711432823 ], [ -84.24286502006025, 46.173874452503135 ], [ -84.219526313119005, 46.161438030436479 ], [ -84.189151520923332, 46.162929469060046 ], [ -84.18576671925706, 46.173443460012322 ], [ -84.176547585272701, 46.170434659544107 ], [ -84.173820555913736, 46.181177244014968 ], [ -84.169193197629028, 46.181616937643533 ], [ -84.158079959520393, 46.170131228897667 ], [ -84.137576437397442, 46.175995404510729 ], [ -84.127802527525134, 46.162910600454708 ], [ -84.122841824098714, 46.164947607204276 ], [ -84.121780750463358, 46.17249340274622 ], [ -84.106953605825424, 46.171509535729342 ], [ -84.104773059789778, 46.157772158258183 ], [ -84.093663597346264, 46.147651906023228 ], [ -84.035447371284576, 46.136151012537098 ], [ -84.017447948820433, 46.124157884644369 ], [ -84.060499538170845, 46.102871247028716 ], [ -84.061943543150051, 46.090290574837773 ], [ -84.056098819962756, 46.082939490877941 ], [ -84.007879701026312, 46.04034858899881 ], [ -83.989499093694931, 46.036816675543847 ], [ -83.963813288808183, 46.01241005349975 ], [ -83.955577053815773, 46.013280490477136 ], [ -83.953479367548923, 46.023108267902103 ], [ -83.949620688261959, 46.022538741816717 ], [ -83.935741769747764, 46.020488808556038 ], [ -83.933365330213704, 46.02642537593411 ], [ -83.925850020687747, 46.022488807814327 ], [ -83.925367755698801, 46.021596458746764 ], [ -83.920389597310304, 46.012383181196959 ], [ -83.896171287780192, 46.003308417518454 ], [ -83.887250480771058, 45.982649391302154 ], [ -83.895615643621923, 45.972176387578692 ], [ -83.894292297065277, 45.964163591437831 ], [ -83.893496780768189, 45.959345517306708 ], [ -83.897819747015717, 45.952930105683642 ], [ -83.900869368441846, 45.948403242913905 ], [ -83.909262091759715, 45.959215496480816 ], [ -83.921344982261871, 45.965010123717342 ], [ -83.932238524797853, 45.961644997228611 ], [ -83.932943549203728, 45.957756960673485 ], [ -83.971648811444553, 45.963248799461617 ], [ -83.983236204300113, 45.95621729021466 ], [ -83.987651159619432, 45.943425763606434 ], [ -84.019063150208211, 45.954354995631022 ], [ -84.070229220148761, 45.962167059526763 ], [ -84.069257933858211, 45.971498309247373 ], [ -84.074837441880675, 45.961732313399501 ], [ -84.098788315650893, 45.96482236640378 ], [ -84.107584505320588, 45.972417221970055 ], [ -84.134188351632176, 45.973451171574084 ], [ -84.141460419155237, 45.969132496479169 ], [ -84.152592142926167, 45.973526946289212 ], [ -84.167051101787294, 45.973359349021578 ], [ -84.164840219339311, 45.963280495068304 ], [ -84.176939920143866, 45.969967927892384 ], [ -84.191039463572864, 45.973225482432085 ], [ -84.192711319578066, 45.969342186758844 ], [ -84.194798205381474, 45.969932402212457 ], [ -84.200912733352169, 45.971661364306911 ], [ -84.226982884132738, 45.98372013110653 ], [ -84.210138436296432, 45.967804840610981 ], [ -84.213777286838791, 45.964844288206685 ], [ -84.224886739988378, 45.972893646067348 ], [ -84.245905189320879, 45.975030031663493 ], [ -84.26326216089349, 45.98332708331526 ], [ -84.267390802748551, 45.98202190742132 ], [ -84.275447820530829, 45.979474126724028 ], [ -84.291141428312912, 45.991879496770508 ], [ -84.293134197468191, 45.988682918097695 ], [ -84.278142280102287, 45.9694145436303 ], [ -84.286636064733358, 45.965782987404147 ], [ -84.290555182864281, 45.977089851731414 ], [ -84.297453299976979, 45.981373995789802 ], [ -84.308920242400731, 45.988042163656807 ], [ -84.349655860927825, 45.991355976003732 ], [ -84.354608469810998, 45.986335968302562 ], [ -84.351038061911012, 45.978313388543143 ], [ -84.357629859282142, 45.974441077628875 ], [ -84.345850896644606, 45.965030894195877 ], [ -84.364543455040788, 45.970797720533326 ], [ -84.389095322715789, 45.992594619331584 ], [ -84.407337074217168, 45.998124923722422 ], [ -84.408810190608222, 45.992864290021544 ], [ -84.418653418121394, 45.997915027456521 ], [ -84.437048862571245, 46.001152849049078 ], [ -84.442954923389266, 45.999113453938897 ], [ -84.443632791774647, 45.998879347194986 ], [ -84.46399793808348, 46.005088657503705 ], [ -84.465019658421298, 45.993419746739235 ], [ -84.456818766584902, 45.9879156986363 ], [ -84.462410661799183, 45.985634362557654 ], [ -84.456185504588476, 45.980591271595635 ], [ -84.456711713677876, 45.97792791237395 ], [ -84.458220271870658, 45.970290876057362 ], [ -84.459529344817383, 45.963661781357217 ], [ -84.472972077424984, 45.971462479405609 ], [ -84.475685615600526, 45.976035596542445 ], [ -84.477448148827719, 45.979005488850817 ], [ -84.483439031703327, 45.989097269139272 ], [ -84.493687653099059, 45.989613248023211 ], [ -84.502170226519965, 45.990039434372093 ], [ -84.512699346555522, 45.984328533073423 ], [ -84.505490443139806, 45.976771702159127 ], [ -84.509004215089277, 45.973112153056135 ], [ -84.509418701519806, 45.972680425219359 ], [ -84.512075136113609, 45.969913268583149 ], [ -84.510114346243626, 45.965102582458023 ], [ -84.523667136573039, 45.963771234716155 ], [ -84.528518400885758, 45.963294168070924 ], [ -84.532766788191964, 45.973368581528163 ], [ -84.527798820767117, 45.993044739646145 ], [ -84.530239284028383, 45.996394091585536 ], [ -84.546493401638372, 46.018688319535734 ], [ -84.560631985742006, 46.024191980286389 ], [ -84.57476879213317, 46.022825905295662 ], [ -84.577080449774655, 46.017794974470164 ], [ -84.594172089250264, 46.025354043220993 ], [ -84.606341299995762, 46.020783836584627 ], [ -84.615551737610858, 46.029709161111477 ], [ -84.652718178737672, 46.048477684218241 ], [ -84.664558352224788, 46.044357488280845 ], [ -84.684288699028301, 46.026958802568124 ], [ -84.684280988401227, 46.015290942460432 ], [ -84.677694409703875, 46.003852590506291 ], [ -84.687865579957901, 45.984169368069864 ], [ -84.679312994406231, 45.970212870817996 ], [ -84.682274178902503, 45.96632168370688 ], [ -84.688514921812185, 45.964261399172116 ], [ -84.703302302031119, 45.967915434382554 ], [ -84.707894565799322, 45.962650916881771 ], [ -84.71938572495263, 45.960811659939353 ], [ -84.734469968433942, 45.94157877196556 ], [ -84.727885261759255, 45.928999165860532 ], [ -84.713756061344966, 45.918219393975988 ], [ -84.70750591744239, 45.913448684763885 ], [ -84.710458416802581, 45.910473176545551 ], [ -84.726878326017214, 45.913207828042687 ], [ -84.728175361493172, 45.905196928352495 ], [ -84.714124221460821, 45.879466897053433 ], [ -84.712059890828357, 45.875684305422411 ], [ -84.715654721289027, 45.863096454311908 ], [ -84.696289943824482, 45.850749360677334 ], [ -84.705788756516867, 45.842276919971681 ], [ -84.73726040487341, 45.841341849011577 ], [ -84.746095669279526, 45.832636745073863 ], [ -84.752649772635067, 45.831717609365214 ], [ -84.755298934721012, 45.833184178056101 ], [ -84.760859666938472, 45.836262048721771 ], [ -84.803860347867101, 45.860038527578581 ], [ -84.826490748820035, 45.86229170608928 ], [ -84.832739206165698, 45.865945855379344 ], [ -84.839705352289528, 45.890422891851543 ], [ -84.870598957830879, 45.901577928370834 ], [ -84.878846457937954, 45.91300536228254 ], [ -84.892656694970285, 45.917784012462249 ], [ -84.909389400556805, 45.917058385605571 ], [ -84.960907552245772, 45.971847963211658 ], [ -85.001811988600807, 45.997814171968223 ], [ -85.057479861613388, 46.013419115630811 ], [ -85.093699411185383, 46.019002869790867 ], [ -85.148160865886666, 46.041890484677843 ], [ -85.169219144119722, 46.042487837079683 ], [ -85.187202998702929, 46.053845382321491 ], [ -85.191039808287357, 46.053825643364419 ], [ -85.192558163161294, 46.040548534944833 ], [ -85.2196519242016, 46.052317008043914 ], [ -85.256862608482521, 46.055106545324385 ], [ -85.284465874086436, 46.06564796559482 ], [ -85.287594329339512, 46.066841879789656 ], [ -85.295156136584225, 46.066112913291008 ], [ -85.337539118529747, 46.08669728850878 ], [ -85.353193207813391, 46.083822624145732 ], [ -85.354285280491169, 46.083621966741639 ], [ -85.366326261857751, 46.072338615212786 ], [ -85.384987633045441, 46.089613700428934 ], [ -85.407113979100799, 46.094965081116641 ], [ -85.422914289725099, 46.094403991809038 ], [ -85.446803486264187, 46.083718286857483 ], [ -85.490324298158981, 46.088222713019931 ], [ -85.517294593424282, 46.085971270307262 ], [ -85.532005034203777, 46.079452082863007 ], [ -85.591120213211056, 46.030940481868939 ], [ -85.625317405876288, 45.991988905302975 ], [ -85.641293707897944, 45.984302186203394 ], [ -85.641748231086879, 45.983296992680316 ], [ -85.647939388916043, 45.969600715222811 ], [ -85.671866419605536, 45.96618989978365 ], [ -85.681930279555033, 45.959693203870103 ], [ -85.692099172986318, 45.958689918180511 ], [ -85.71059471634571, 45.964247163798916 ], [ -85.738526303048985, 45.964219794540803 ], [ -85.787425844106082, 45.977948549836576 ], [ -85.810437036159286, 45.978184729951536 ], [ -85.839940206701471, 45.95912259786936 ], [ -85.850537445927202, 45.963135345358239 ], [ -85.881476235318473, 45.9655615145941 ], [ -85.903786510950425, 45.956049607500347 ], [ -85.904587131495305, 45.955708096519821 ], [ -85.919373703296344, 45.940902869288671 ], [ -85.918175085883064, 45.931301656048646 ], [ -85.907149908458166, 45.922722507159349 ], [ -85.908646022693546, 45.916298741547045 ], [ -85.977274589461018, 45.945301161127745 ], [ -86.034107095374381, 45.959067967906819 ], [ -86.064404871890275, 45.961913750740997 ], [ -86.123588941781321, 45.963710360332968 ], [ -86.146317501226008, 45.953352996956227 ], [ -86.165861531600129, 45.956228460588711 ], [ -86.200739960462528, 45.961348794892203 ], [ -86.217318858722763, 45.954951377820201 ], [ -86.226902112934539, 45.944979991686324 ], [ -86.242718119656629, 45.94659752910524 ], [ -86.26397471940605, 45.943335671412974 ], [ -86.274007102646777, 45.937934077419186 ], [ -86.275341848064897, 45.92715783749383 ], [ -86.298491384955256, 45.921340307644357 ], [ -86.31984574008024, 45.89929536789176 ], [ -86.332160757456307, 45.86043554348295 ], [ -86.324469778148455, 45.855506988570383 ], [ -86.325354528453147, 45.85206215008678 ], [ -86.341537664861519, 45.83351875069652 ], [ -86.35209723750944, 45.802689121712376 ], [ -86.345009580560315, 45.795696803105344 ], [ -86.347213995052627, 45.792686581666828 ], [ -86.353012124415542, 45.789398804435955 ], [ -86.377664141260468, 45.792244350296286 ], [ -86.402170462832231, 45.790051092477441 ], [ -86.420008517258751, 45.78429077005368 ], [ -86.434329733271994, 45.760037031426521 ], [ -86.443500582258636, 45.760128299958879 ], [ -86.448268612188045, 45.755703394881493 ], [ -86.468044437279005, 45.759750798652952 ], [ -86.481076855150363, 45.74741425892946 ], [ -86.506697031124602, 45.749989312581619 ], [ -86.531324666180168, 45.74227213536178 ], [ -86.520818861594066, 45.73122103562909 ], [ -86.527708404886596, 45.721726146203409 ], [ -86.520987000735971, 45.716336125475344 ], [ -86.539268220537934, 45.705055907114641 ], [ -86.563667057629516, 45.710842789221019 ], [ -86.576676670995383, 45.708569550053163 ], [ -86.581849688224551, 45.69703778313351 ], [ -86.579796902386349, 45.684479569732282 ], [ -86.589493450986296, 45.671498582129544 ], [ -86.587420318720888, 45.665557640171237 ], [ -86.586236215127954, 45.662163710686258 ], [ -86.61274229153625, 45.662869852782954 ], [ -86.621431925406597, 45.649446061306328 ], [ -86.614351414110459, 45.623917923358249 ], [ -86.604036695117514, 45.606674221645065 ], [ -86.601198184512782, 45.601926611302311 ], [ -86.607538086619584, 45.596326601106398 ], [ -86.624010186761183, 45.610246517833254 ], [ -86.6449670403087, 45.614216941551831 ], [ -86.664931475253283, 45.617994246850039 ], [ -86.668399271492262, 45.618649853472085 ], [ -86.687932118917686, 45.635259214726865 ], [ -86.69467720201375, 45.650254605922328 ], [ -86.699299344827836, 45.651547358946374 ], [ -86.705625347519657, 45.645711290064135 ], [ -86.713072495786861, 45.66206858704485 ], [ -86.714443885996573, 45.681962099199673 ], [ -86.705436226498136, 45.687271871314969 ], [ -86.703228859731738, 45.688572744655019 ], [ -86.678289034523146, 45.686028542284078 ], [ -86.670155274945486, 45.694880698999896 ], [ -86.666318005485962, 45.699055534163378 ], [ -86.669948670862553, 45.718681974092661 ], [ -86.656832936107548, 45.727379467021017 ], [ -86.643175927446535, 45.729900792802333 ], [ -86.629909197804352, 45.753250719469719 ], [ -86.618944090013429, 45.748623490715751 ], [ -86.616281573233593, 45.756912936021557 ], [ -86.6327769001646, 45.760525314866385 ], [ -86.624238867346449, 45.769371633162805 ], [ -86.628702300776794, 45.775249998747341 ], [ -86.624337676809745, 45.781730654484896 ], [ -86.615143511500222, 45.781200501308525 ], [ -86.609422534910351, 45.776714500764804 ], [ -86.586503534349177, 45.776867096459178 ], [ -86.571190888500567, 45.769562329926934 ], [ -86.556534172954642, 45.772087765492884 ], [ -86.574715429842158, 45.786903639246177 ], [ -86.574417604417249, 45.797439580663792 ], [ -86.558304096248079, 45.805484824837357 ], [ -86.552414033633681, 45.82572547303743 ], [ -86.528592984002728, 45.849002730934941 ], [ -86.527129175623756, 45.864364415647003 ], [ -86.53901504001027, 45.886607953491165 ], [ -86.555327090120002, 45.893672495454339 ], [ -86.577674961261692, 45.894454856043666 ], [ -86.589012454562948, 45.880530745199877 ], [ -86.620698998097268, 45.866729792115763 ], [ -86.626732888680536, 45.860904697445385 ], [ -86.628793937450112, 45.844615770386987 ], [ -86.641359014346008, 45.838222142055479 ], [ -86.645084163813138, 45.831978034241907 ], [ -86.712529039890867, 45.838603789192 ], [ -86.722174125578292, 45.842327193512929 ], [ -86.748006530534056, 45.867283022293321 ], [ -86.773360217169397, 45.860874445456581 ], [ -86.780005123875185, 45.840629329696426 ], [ -86.782202376993027, 45.833931163584687 ], [ -86.771819183593109, 45.810306638836586 ], [ -86.780021058083918, 45.792759333394258 ], [ -86.800865503100482, 45.789402689694562 ], [ -86.804245734746104, 45.783390520151762 ], [ -86.80063704428602, 45.774524970596069 ], [ -86.814773257012646, 45.767166790869673 ], [ -86.824159993289513, 45.746845931566845 ], [ -86.842804985798892, 45.738030128208436 ], [ -86.844904234533388, 45.732952944549204 ], [ -86.836885244047082, 45.720051719323379 ], [ -86.840974924152576, 45.715623057813197 ], [ -86.85694350407887, 45.713952228219853 ], [ -86.868662441451406, 45.703885036195437 ], [ -86.89339079509503, 45.708683943504816 ], [ -86.918324288100791, 45.693779782120345 ], [ -86.933667515658982, 45.70126824237019 ], [ -86.941312595173287, 45.696080064067594 ], [ -86.958575438313261, 45.669674369232169 ], [ -86.960416758271691, 45.666855981902003 ], [ -86.9662610496122, 45.665826071433081 ], [ -86.96956467608635, 45.682934719564038 ], [ -86.982359399038359, 45.700085763012069 ], [ -86.980166456121424, 45.713554017716518 ], [ -86.975286177071453, 45.743500414721858 ], [ -86.982878311382592, 45.769226764234048 ], [ -86.982352251814987, 45.788697143151289 ], [ -86.988616185545553, 45.805748384454965 ], [ -87.004965556539361, 45.8207632481882 ], [ -87.001676700439731, 45.828613513342226 ], [ -86.989110473582144, 45.833900944957605 ], [ -86.946049672477898, 45.880538895873023 ], [ -86.947667019783964, 45.88806147719842 ], [ -86.968832811362432, 45.913669601207374 ], [ -86.975416392609304, 45.908809867396911 ], [ -86.979452162691828, 45.894992667163343 ], [ -87.014328287274097, 45.856979668431769 ], [ -86.997817113460584, 45.846321606057643 ], [ -87.036064372993337, 45.82746558410188 ], [ -87.048256745409915, 45.813248095261649 ], [ -87.054124293438804, 45.781075145801509 ], [ -87.060082626323535, 45.775588328232892 ], [ -87.061944660661482, 45.773873316085847 ], [ -87.06203616985492, 45.758931014487175 ], [ -87.041077285966608, 45.743100222124937 ], [ -87.070916114822822, 45.713177731136412 ], [ -87.087290473043936, 45.705743126877252 ], [ -87.084879339583779, 45.702817102159138 ], [ -87.072617345732809, 45.706963748483396 ], [ -87.065628925994616, 45.704129566642784 ], [ -87.091028571642241, 45.693528481333594 ], [ -87.09565312364839, 45.688184651952902 ], [ -87.10132044405087, 45.68163397012755 ], [ -87.136913940633704, 45.672872144723677 ], [ -87.187421901671669, 45.639047253870544 ], [ -87.263444494634044, 45.542334114195725 ], [ -87.279159693013881, 45.513766333596251 ], [ -87.286104559195053, 45.501130306533739 ], [ -87.294168794087199, 45.486448877008506 ], [ -87.326648786472717, 45.441733487322971 ], [ -87.329638677548985, 45.414866275202336 ], [ -87.349941675173383, 45.403403744776412 ], [ -87.361409419713596, 45.384127755070608 ], [ -87.366157834800319, 45.380194013408712 ], [ -87.368595838363731, 45.378173953371807 ], [ -87.386152348803606, 45.363620352448372 ], [ -87.394735746680539, 45.345782688328818 ], [ -87.403898753844672, 45.340068375248173 ], [ -87.407416571894359, 45.325095952906082 ], [ -87.429626629073724, 45.306930626299248 ], [ -87.435394620773295, 45.291675527255904 ], [ -87.467575946414414, 45.265244003736477 ], [ -87.52356282286155, 45.202252185546271 ], [ -87.57698766284166, 45.163340649365878 ], [ -87.579579396567482, 45.161450636610439 ], [ -87.601606557429562, 45.135460969337657 ], [ -87.607565640017597, 45.112397773820994 ], [ -87.603761479979653, 45.10797744928184 ], [ -87.60580222526734, 45.097959054297881 ] ] ], [ [ [ -88.443476660842762, 48.18190952861088 ], [ -88.437269510469875, 48.184965728218856 ], [ -88.43439565844767, 48.182129945372701 ], [ -88.511919360681446, 48.140222861233951 ], [ -88.537371761872421, 48.126433703082412 ], [ -88.534434640295245, 48.124515597955963 ], [ -88.506522238392876, 48.136424607056519 ], [ -88.458066159854113, 48.157064755032195 ], [ -88.458646225505007, 48.153653334543904 ], [ -88.502011427268798, 48.133249387298783 ], [ -88.532756330861318, 48.118760600094625 ], [ -88.641699736992734, 48.067267006566595 ], [ -88.651466119568596, 48.058882400203949 ], [ -88.639731913779215, 48.056017569786682 ], [ -88.613188020148968, 48.075541382628522 ], [ -88.59141201187056, 48.084925872425657 ], [ -88.585026525058524, 48.083586739923277 ], [ -88.595289069882853, 48.073164519306559 ], [ -88.583196170363209, 48.070509657597007 ], [ -88.58539366310643, 48.053442277487406 ], [ -88.61394358736392, 48.035348862453077 ], [ -88.615302286353966, 48.034487226699092 ], [ -88.642181581331215, 48.024797674906218 ], [ -88.670289675671, 48.021990174783866 ], [ -88.681817899798546, 48.012510226403727 ], [ -88.655953166239456, 48.022470627489199 ], [ -88.651070393320026, 48.019125120221375 ], [ -88.655717365876527, 48.015840686524392 ], [ -88.699786190124243, 47.993120302176436 ], [ -88.726840141975728, 47.98802439207806 ], [ -88.74249672526409, 47.985071263819151 ], [ -88.746335019272138, 47.981744489778229 ], [ -88.741169233163689, 47.976430676847031 ], [ -88.77045172774703, 47.980478278686519 ], [ -88.822165919497991, 47.974614923633823 ], [ -88.845245405982325, 47.959882538194563 ], [ -88.866669900615591, 47.954801741558896 ], [ -88.87336881028854, 47.948854513649408 ], [ -88.874338263316503, 47.948821112361905 ], [ -88.891038738057119, 47.948244154823414 ], [ -88.925807168884063, 47.935148240678309 ], [ -88.927615009171433, 47.932111739903611 ], [ -88.919085420008017, 47.931951746651684 ], [ -88.921809135891934, 47.927511420087754 ], [ -88.988881581390828, 47.905488680869944 ], [ -88.99384863350538, 47.89937027994764 ], [ -88.993207410084011, 47.886812299187184 ], [ -88.944042250269291, 47.884889690095221 ], [ -88.900584026424539, 47.895093817987743 ], [ -88.899030535509709, 47.894150950063299 ], [ -88.8977308816619, 47.893362097085891 ], [ -88.914447051643293, 47.880662968218836 ], [ -89.06047774727466, 47.842554087568693 ], [ -89.061786745233121, 47.842001555327599 ], [ -89.104882140487035, 47.823793421993308 ], [ -89.13490371837544, 47.820866992032926 ], [ -89.149132745150482, 47.815995452118933 ], [ -89.156960696175034, 47.816167119733628 ], [ -89.163132704924365, 47.820969846569511 ], [ -89.177689301902447, 47.820202938325522 ], [ -89.181428379832411, 47.826838970020091 ], [ -89.185645412899746, 47.834320832927695 ], [ -89.199277278100965, 47.842960675458308 ], [ -89.223934059582803, 47.845016323276099 ], [ -89.224093701099619, 47.846944210894264 ], [ -89.224406016773429, 47.850715371256378 ], [ -89.221972175210141, 47.852979752161822 ], [ -89.195956012314468, 47.877166884181833 ], [ -89.204270287592493, 47.883033407008199 ], [ -89.198891380657528, 47.888034197754386 ], [ -89.16309773060425, 47.899879815305624 ], [ -89.151692063381205, 47.910363226114676 ], [ -89.1599160973512, 47.910977203282037 ], [ -89.174693245908301, 47.900139256267117 ], [ -89.210471771050777, 47.888060703906397 ], [ -89.211011369393816, 47.907023198821044 ], [ -89.188972674613865, 47.922138258280484 ], [ -89.18844525581531, 47.922499800862852 ], [ -89.093921641564236, 47.958440489483174 ], [ -89.06178690015139, 47.974237584744515 ], [ -89.036205461830249, 47.978353326671552 ], [ -88.979007205938473, 48.003225740273045 ], [ -88.957230161979425, 48.008964664031993 ], [ -88.906883892523197, 48.022207905921064 ], [ -88.897171672450213, 48.0306152942956 ], [ -88.866400962922768, 48.043456044686479 ], [ -88.850416796393745, 48.04848381995992 ], [ -88.859763352457833, 48.040755024793093 ], [ -88.843374854732062, 48.041434211223383 ], [ -88.818814742696844, 48.052611391142356 ], [ -88.812077577126274, 48.051501078523728 ], [ -88.791866359039091, 48.058458927407287 ], [ -88.763285025846514, 48.084124907516241 ], [ -88.71318628920983, 48.099331995898623 ], [ -88.701458185050129, 48.106523254573808 ], [ -88.697361299509907, 48.106630377848134 ], [ -88.699147527983726, 48.100285513687069 ], [ -88.709815485958075, 48.088496814886966 ], [ -88.708382570702184, 48.084342214222417 ], [ -88.694004871090286, 48.100591005659851 ], [ -88.682811163054964, 48.104825393457475 ], [ -88.688189164690939, 48.111154915789697 ], [ -88.670334178612492, 48.117934417184351 ], [ -88.658330562871967, 48.128994844129977 ], [ -88.643383142442886, 48.135644862931123 ], [ -88.636317313391956, 48.136457831759394 ], [ -88.651273876861438, 48.127045491961475 ], [ -88.63132919779062, 48.130215686447329 ], [ -88.652419358474276, 48.12059358538211 ], [ -88.648856525114752, 48.117743984753368 ], [ -88.628415258561475, 48.127407764868963 ], [ -88.576881632428638, 48.142282882536264 ], [ -88.571838263687667, 48.141214209132869 ], [ -88.575944591313316, 48.136083112138607 ], [ -88.568375551749199, 48.136995022099299 ], [ -88.556219519065323, 48.149867274642531 ], [ -88.55344346452685, 48.151259996525546 ], [ -88.538365944188513, 48.158821378799786 ], [ -88.536052927108244, 48.159980928159406 ], [ -88.532337122663364, 48.15940925294484 ], [ -88.535415785858476, 48.156747788025278 ], [ -88.54432500927777, 48.1490435969598 ], [ -88.539976587758744, 48.147764619635147 ], [ -88.528914272533399, 48.152177062003013 ], [ -88.51925296653566, 48.156028942365189 ], [ -88.490932498577024, 48.17501783684159 ], [ -88.47225407563063, 48.178311330341906 ], [ -88.486437328847245, 48.166190612367956 ], [ -88.525150489819254, 48.149530414881333 ], [ -88.527990776537777, 48.148307006215525 ], [ -88.531050600660748, 48.143602252835201 ], [ -88.524337340189945, 48.142022446467564 ], [ -88.518544874103512, 48.144884333206633 ], [ -88.443476660842762, 48.18190952861088 ] ] ], [ [ [ -87.850520422584225, 47.467749299727252 ], [ -87.860171913965317, 47.471152089777739 ], [ -87.84849089729822, 47.473517217863616 ], [ -87.799890464137135, 47.467928649610769 ], [ -87.755768419643672, 47.45762921028826 ], [ -87.72494510995989, 47.443320535276001 ], [ -87.717475787718072, 47.436423471500547 ], [ -87.714240966222505, 47.41432099073814 ], [ -87.708038642577193, 47.4057917253811 ], [ -87.714012983694914, 47.397864736469494 ], [ -87.750535533429286, 47.399909113479289 ], [ -87.768083615898902, 47.388026737179096 ], [ -87.769711801241357, 47.387955028034781 ], [ -87.792963835668544, 47.386927840514105 ], [ -87.811198668583188, 47.381423359468982 ], [ -87.835445626912147, 47.386962277958546 ], [ -87.872640528335666, 47.388953408561342 ], [ -87.921668430545466, 47.385581145476237 ], [ -87.955231248330605, 47.37735302063583 ], [ -87.959595396620344, 47.360083760626551 ], [ -87.937354980529989, 47.3485677037174 ], [ -87.93625665710519, 47.335559530294411 ], [ -87.969582849864679, 47.323901750519674 ], [ -88.027698151152279, 47.293704802320143 ], [ -88.059482896233277, 47.285034001522355 ], [ -88.090124213957495, 47.257861847100294 ], [ -88.112738166506773, 47.248294518936191 ], [ -88.12298502816266, 47.234504646530304 ], [ -88.150123904160964, 47.216793134086934 ], [ -88.164795500450097, 47.20950333974983 ], [ -88.200090719978462, 47.204353732267919 ], [ -88.221095049894799, 47.191154794625881 ], [ -88.232089816787791, 47.168636443762608 ], [ -88.234607554315147, 47.150257358470022 ], [ -88.224964032672986, 47.141163438756074 ], [ -88.23427226660317, 47.129215707209241 ], [ -88.236686400177703, 47.130853393417702 ], [ -88.246555904051093, 47.13754679532677 ], [ -88.265446527536625, 47.133778079748943 ], [ -88.274388551569388, 47.126644677297207 ], [ -88.287871034132849, 47.096493755892311 ], [ -88.338493219521965, 47.070473403067439 ], [ -88.362283454296687, 47.00932803327381 ], [ -88.415493141467309, 46.973573444920312 ], [ -88.426382279119508, 46.97669266970594 ], [ -88.428463659831124, 46.977288695795046 ], [ -88.428461623169099, 46.979750615488918 ], [ -88.428455516973926, 46.987130579283544 ], [ -88.445545709822994, 47.004231936464208 ], [ -88.468525535535022, 47.025002742224565 ], [ -88.468319281888483, 47.051556770028498 ], [ -88.459681885710836, 47.067620112580911 ], [ -88.414461190477539, 47.08826502529039 ], [ -88.403947260080244, 47.106667216081895 ], [ -88.397332582334812, 47.123123464636599 ], [ -88.403771548820941, 47.144203697315909 ], [ -88.387932074346267, 47.178558511734536 ], [ -88.39372284107391, 47.184788104973883 ], [ -88.413026118387165, 47.172058269448065 ], [ -88.419305271341898, 47.160423691894088 ], [ -88.439829240699623, 47.151085025999713 ], [ -88.452135586477084, 47.134449675929595 ], [ -88.471484651670721, 47.122856567213894 ], [ -88.460681092595863, 47.12182669133616 ], [ -88.434892209829385, 47.147579490908164 ], [ -88.420258929248092, 47.149639712833775 ], [ -88.40660203845853, 47.136333981192152 ], [ -88.412332177194898, 47.101601212637028 ], [ -88.427866746535059, 47.088074224723428 ], [ -88.442347344721739, 47.088990221046892 ], [ -88.482883552742081, 47.07832794025893 ], [ -88.487613801659776, 47.078865532610465 ], [ -88.495022028181239, 47.089153959570936 ], [ -88.493274953287397, 47.107746639185905 ], [ -88.500164174688905, 47.105469510262886 ], [ -88.541486187076899, 47.120621086272514 ], [ -88.603118357947011, 47.123654075253405 ], [ -88.611915020437522, 47.129314821729949 ], [ -88.627967629774616, 47.166317280689157 ], [ -88.60870207941052, 47.193267711179118 ], [ -88.612112308563141, 47.227252878852276 ], [ -88.604078199061291, 47.232551319566547 ], [ -88.572712466342239, 47.240893934771044 ], [ -88.528200806396399, 47.268413461558097 ], [ -88.519075133286947, 47.275138948000489 ], [ -88.480461991373858, 47.303565352589409 ], [ -88.47226497163669, 47.314245777587203 ], [ -88.456337130518151, 47.334983392980135 ], [ -88.437613852779791, 47.347010659933204 ], [ -88.420347613885056, 47.365847675917934 ], [ -88.406415966911553, 47.369254517697314 ], [ -88.368336045674042, 47.389643961299313 ], [ -88.33770336072682, 47.395609691872927 ], [ -88.319766791546144, 47.403161273826434 ], [ -88.299631281991694, 47.411631686171837 ], [ -88.231894234073309, 47.429571822762192 ], [ -88.226653971237411, 47.430957098269523 ], [ -88.218245655695426, 47.436694004059717 ], [ -88.215422822992849, 47.445238737855185 ], [ -88.206312335648363, 47.446766144767558 ], [ -88.142605548467316, 47.457419340509759 ], [ -88.04552625194809, 47.465430004549908 ], [ -88.037431264026068, 47.471144659848875 ], [ -87.959151834173539, 47.474597172299283 ], [ -87.927866024615071, 47.475958623545559 ], [ -87.926634154060451, 47.47601201562123 ], [ -87.921147905160225, 47.475264975373001 ], [ -87.891575838125618, 47.471232335695781 ], [ -87.884853755937954, 47.465926061690432 ], [ -87.851016931884999, 47.464533991161211 ], [ -87.850520422584225, 47.467749299727252 ] ] ], [ [ [ -87.64935159080521, 47.411826253951226 ], [ -87.647764227762664, 47.413695529732721 ], [ -87.634740593762217, 47.416075730542637 ], [ -87.623555577992548, 47.421378335551104 ], [ -87.617864115356042, 47.422206462545752 ], [ -87.611233750901917, 47.418021399277173 ], [ -87.589558385774183, 47.416263132861893 ], [ -87.588672886787506, 47.415880942200033 ], [ -87.584034646160845, 47.413878789129924 ], [ -87.586635693079714, 47.411986827943878 ], [ -87.598698158558491, 47.410552384188087 ], [ -87.599599062753654, 47.408473256969131 ], [ -87.596074099914944, 47.40558556046529 ], [ -87.597317686963578, 47.403498931424942 ], [ -87.615125417246347, 47.402377538035864 ], [ -87.621251846642295, 47.403369540497458 ], [ -87.623815542706083, 47.407195433221524 ], [ -87.632016686910021, 47.409282208206314 ], [ -87.639586009944196, 47.409595042521879 ], [ -87.645872614814451, 47.409854394915428 ], [ -87.64935159080521, 47.411826253951226 ] ] ], [ [ [ -86.647933825861188, 46.554712630448712 ], [ -86.625221015902653, 46.531751683012061 ], [ -86.6235350815206, 46.511872722745601 ], [ -86.623990333135524, 46.511108682659057 ], [ -86.638261320530077, 46.487144621175197 ], [ -86.634914197581224, 46.476677310576903 ], [ -86.620950886227149, 46.475765991535617 ], [ -86.607093798128972, 46.487202432633325 ], [ -86.601221288603355, 46.470826055184695 ], [ -86.603318981082538, 46.464383017960259 ], [ -86.624644641630013, 46.448475142763186 ], [ -86.636607158068827, 46.449417060258448 ], [ -86.637866435020896, 46.466331673293276 ], [ -86.642497157658028, 46.466022775201566 ], [ -86.671567868025278, 46.444483857697747 ], [ -86.683362657613003, 46.450003637778202 ], [ -86.683255373107983, 46.484100053174167 ], [ -86.686505574608645, 46.491367193340984 ], [ -86.698743396818671, 46.499621874226087 ], [ -86.699642388053221, 46.524548111926229 ], [ -86.705394962815717, 46.53680451487223 ], [ -86.704865050816366, 46.537532935573893 ], [ -86.695275964694474, 46.550709855879894 ], [ -86.673554839162023, 46.556111786313529 ], [ -86.662789574742987, 46.552175237438647 ], [ -86.647933825861188, 46.554712630448712 ] ] ], [ [ [ -84.611636539928256, 45.95556724084495 ], [ -84.624126514896489, 45.95122229686735 ], [ -84.6320083613534, 45.950535578110916 ], [ -84.634633612317955, 45.952366216994498 ], [ -84.633320683227822, 45.957859488317773 ], [ -84.636273992355839, 45.965640918199696 ], [ -84.635998563148803, 45.968232319046855 ], [ -84.635617121327911, 45.97182070712801 ], [ -84.632000919227821, 45.973880574318265 ], [ -84.626743344857161, 45.973419268864198 ], [ -84.616359573288221, 45.968896467938961 ], [ -84.608348036071931, 45.965405551223029 ], [ -84.605396061819093, 45.962658911653804 ], [ -84.609339656681755, 45.961056731415866 ], [ -84.611636539928256, 45.95556724084495 ] ] ], [ [ [ -84.402722240958511, 45.939288353412863 ], [ -84.40410734135547, 45.939989052400698 ], [ -84.418190701607585, 45.949628352110807 ], [ -84.420494346900256, 45.95054783722189 ], [ -84.433397296716151, 45.955693780399393 ], [ -84.433396416352267, 45.957391312526411 ], [ -84.431879608295802, 45.957233754418731 ], [ -84.41816732567338, 45.955808199871107 ], [ -84.417087052848032, 45.956789336934378 ], [ -84.412886885605133, 45.960603563418161 ], [ -84.415824094260941, 45.966100541046181 ], [ -84.414824309684903, 45.968618154940295 ], [ -84.413160537243158, 45.974107482116231 ], [ -84.415113502156515, 45.979142915643799 ], [ -84.42429279579197, 45.98511282840694 ], [ -84.423621296517979, 45.98785558156186 ], [ -84.416730578249798, 45.986470813468756 ], [ -84.404599681849746, 45.979352967323933 ], [ -84.397046388067963, 45.978422719241529 ], [ -84.391446315089695, 45.981383051847281 ], [ -84.397991655491211, 45.986433274099916 ], [ -84.389446016996388, 45.986414637336487 ], [ -84.36851225075074, 45.966456605194239 ], [ -84.369175139956937, 45.964171453881868 ], [ -84.383298121925733, 45.966719561641725 ], [ -84.383642267650387, 45.961916616085134 ], [ -84.3797212921301, 45.957327642461941 ], [ -84.373487634428926, 45.956858882603683 ], [ -84.36657435532382, 45.958899599981301 ], [ -84.357829890756122, 45.954589499220006 ], [ -84.354450210762636, 45.952922352620931 ], [ -84.3535071564866, 45.950466003649758 ], [ -84.353482199138682, 45.950400995011535 ], [ -84.360058721457321, 45.948355765744608 ], [ -84.356458173576286, 45.94583097178662 ], [ -84.344904155257154, 45.944977617617596 ], [ -84.343655110422418, 45.944885276402537 ], [ -84.341381237592557, 45.940757733326421 ], [ -84.343693586965983, 45.937103256105331 ], [ -84.35257612194728, 45.933921265542629 ], [ -84.363737908817328, 45.935092301850304 ], [ -84.386679794971968, 45.94430043325854 ], [ -84.387680358342507, 45.940642248624087 ], [ -84.374923840971732, 45.930769992192133 ], [ -84.373954470910036, 45.927794612653791 ], [ -84.378220235960427, 45.92688641506242 ], [ -84.402722240958511, 45.939288353412863 ] ] ], [ [ [ -84.343576984754606, 45.960216370025918 ], [ -84.335367591139928, 45.959511033573982 ], [ -84.334039352635017, 45.96202476101864 ], [ -84.345429232382244, 45.982193323882832 ], [ -84.345405839704853, 45.987224689895804 ], [ -84.342445114241315, 45.987445939454055 ], [ -84.331955350509247, 45.98238460200794 ], [ -84.3257523581687, 45.97550277684693 ], [ -84.327415816573634, 45.971161358886192 ], [ -84.323502561177733, 45.965656969690862 ], [ -84.314632848812479, 45.95869241032841 ], [ -84.313435219453382, 45.957751806221502 ], [ -84.312386872562314, 45.956928404406739 ], [ -84.314699829516343, 45.953731954630413 ], [ -84.326204386883987, 45.953304494613008 ], [ -84.330492914988781, 45.949882660967994 ], [ -84.33538670409537, 45.951604863370989 ], [ -84.340166812873122, 45.953286689185248 ], [ -84.34753763237147, 45.955879310558124 ], [ -84.343576984754606, 45.960216370025918 ] ] ], [ [ [ -84.313942047726655, 45.971123402552834 ], [ -84.322753335427677, 45.982819416919824 ], [ -84.321745786749119, 45.986706657372061 ], [ -84.30239716210265, 45.97932898647516 ], [ -84.298475807731762, 45.975655384613894 ], [ -84.298827162464605, 45.972222098628784 ], [ -84.302451549064159, 45.970402447199781 ], [ -84.301162630107981, 45.96559203865732 ], [ -84.303138787423322, 45.965370776966012 ], [ -84.313942047726655, 45.971123402552834 ] ] ], [ [ [ -84.559731577129511, 45.959429157558134 ], [ -84.55744334345458, 45.953021060743623 ], [ -84.559746893613365, 45.949133809947305 ], [ -84.565005013051632, 45.948450862487789 ], [ -84.574854953452785, 45.950972063795042 ], [ -84.577806526797815, 45.954637815567033 ], [ -84.57813532062633, 45.958986269618705 ], [ -84.573198266061041, 45.963560009539314 ], [ -84.559731577129511, 45.959429157558134 ] ] ], [ [ [ -83.76176377380277, 46.041739956644754 ], [ -83.765724993826666, 46.040855100967867 ], [ -83.766910825322654, 46.049103036857261 ], [ -83.758521892173349, 46.059109548156108 ], [ -83.754539118777487, 46.06136848722047 ], [ -83.746962561739451, 46.061997705370018 ], [ -83.736902732508227, 46.052993843059618 ], [ -83.735973067761932, 46.049781711845483 ], [ -83.738363805538299, 46.044078002497265 ], [ -83.741027902232204, 46.042270069548948 ], [ -83.751580719538893, 46.040747798493356 ], [ -83.746082479217435, 46.051456433310577 ], [ -83.749079676030533, 46.052734851737334 ], [ -83.751506276991208, 46.051910382830599 ], [ -83.754598812702582, 46.046474320982718 ], [ -83.760069805411476, 46.044471508089124 ], [ -83.76176377380277, 46.041739956644754 ] ] ], [ [ [ -83.991814000518488, 46.090154765858095 ], [ -83.985908607248774, 46.087832037086876 ], [ -83.978449764980496, 46.078863378737125 ], [ -83.970298802471433, 46.072412909686015 ], [ -83.968740544604259, 46.065538241799636 ], [ -83.971700608645591, 46.065324062026875 ], [ -83.972931366542639, 46.065734498506721 ], [ -83.987766352150459, 46.070679863071128 ], [ -84.002821206331788, 46.077855016281973 ], [ -84.006388761191829, 46.081994400495851 ], [ -83.997382199065058, 46.092244704317281 ], [ -83.997342215543583, 46.092257244432794 ], [ -83.99308767324213, 46.093591424431715 ], [ -83.991814000518488, 46.090154765858095 ] ] ], [ [ [ -84.127204207204812, 46.229034102333387 ], [ -84.139109355033554, 46.227026437423319 ], [ -84.141566272776188, 46.209874860860886 ], [ -84.156705789723006, 46.21474533510785 ], [ -84.149098965988969, 46.217000597479029 ], [ -84.146739905853977, 46.222482640202358 ], [ -84.166718360551343, 46.242623023482587 ], [ -84.181972334086822, 46.273876836770597 ], [ -84.189254283339778, 46.273219201378531 ], [ -84.20531482229633, 46.288606719198135 ], [ -84.191173111961291, 46.308992378954656 ], [ -84.200217918132765, 46.305748643906064 ], [ -84.205482608167443, 46.30965844215315 ], [ -84.20013049237987, 46.317189701961752 ], [ -84.186545225943476, 46.320571755999772 ], [ -84.140290771290964, 46.316956495819014 ], [ -84.119363741331071, 46.292382368407978 ], [ -84.113383809060949, 46.260550673092283 ], [ -84.100533142594202, 46.257061127211117 ], [ -84.099931346358147, 46.250652233466923 ], [ -84.113652042025919, 46.231038211261833 ], [ -84.121870313241288, 46.23519184702041 ], [ -84.127204207204812, 46.229034102333387 ] ] ], [ [ [ -84.625143494879325, 45.844120730844118 ], [ -84.637273930062904, 45.847096045215785 ], [ -84.644484033804133, 45.853962014109818 ], [ -84.645468193291279, 45.86403223945868 ], [ -84.644282338420254, 45.871125479154571 ], [ -84.643172034770345, 45.877764948339141 ], [ -84.639891070981719, 45.881880786943562 ], [ -84.638030093646577, 45.882205655639758 ], [ -84.635954695456107, 45.882567905969481 ], [ -84.626447770629824, 45.880279116920427 ], [ -84.619886038842125, 45.875472991910904 ], [ -84.615292930859525, 45.869289708161091 ], [ -84.606771111741693, 45.86265222623603 ], [ -84.606280510724389, 45.861852300919573 ], [ -84.597928104964012, 45.848229316364318 ], [ -84.599068704367781, 45.846438427004777 ], [ -84.600551909134154, 45.844109386171915 ], [ -84.611699360189505, 45.843201798120916 ], [ -84.613995486521134, 45.839310506086356 ], [ -84.616291659820192, 45.838624052498552 ], [ -84.625143494879325, 45.844120730844118 ] ] ], [ [ [ -84.398884216335986, 45.778395842238929 ], [ -84.383815548196878, 45.778365628434472 ], [ -84.36165624336509, 45.771709099186864 ], [ -84.350795294685753, 45.768443903201799 ], [ -84.362720572890709, 45.740318432753291 ], [ -84.383031226237534, 45.73441683528295 ], [ -84.388340407876456, 45.718406888486619 ], [ -84.415188822190913, 45.711597587629818 ], [ -84.421941695702088, 45.715398818924569 ], [ -84.42987619861006, 45.719863807416758 ], [ -84.465522280234993, 45.724502483486248 ], [ -84.483520219154627, 45.723384252362784 ], [ -84.490445710678983, 45.72623919103512 ], [ -84.49299741923619, 45.727290881610742 ], [ -84.504403536969534, 45.745387405075824 ], [ -84.538057575092935, 45.777010957958531 ], [ -84.581264061482941, 45.797411299504155 ], [ -84.584529448549347, 45.804967691574824 ], [ -84.575344631328122, 45.813886583469852 ], [ -84.559616275646221, 45.809981882949458 ], [ -84.52359869280545, 45.801027627456108 ], [ -84.496727626876833, 45.80511325710949 ], [ -84.482010871998682, 45.796625840812908 ], [ -84.420156209044038, 45.780959285820181 ], [ -84.417189033421508, 45.786903138161982 ], [ -84.421391734218062, 45.799956308716467 ], [ -84.421026098728362, 45.800329354346857 ], [ -84.416463439967416, 45.804983879840698 ], [ -84.398884216335986, 45.778395842238929 ] ] ], [ [ [ -84.597622075983722, 45.816415655674547 ], [ -84.60253562774416, 45.818021248830952 ], [ -84.606793833161007, 45.823743305415228 ], [ -84.607092661055589, 45.825203104744119 ], [ -84.607777841814709, 45.828549935758417 ], [ -84.596958187780132, 45.825136779275098 ], [ -84.59106811223063, 45.823277962669785 ], [ -84.587467056251569, 45.818014134261297 ], [ -84.588451107227044, 45.816182858748768 ], [ -84.597622075983722, 45.816415655674547 ] ] ], [ [ [ -85.370135347597895, 45.802056886353505 ], [ -85.370564143818754, 45.809837586198682 ], [ -85.358172366016973, 45.814945496378662 ], [ -85.355540404980076, 45.813817162748677 ], [ -85.351519706155656, 45.806978800810661 ], [ -85.351809742641819, 45.803542535473831 ], [ -85.34633277889678, 45.796264465162103 ], [ -85.345811389612962, 45.79557148777144 ], [ -85.352899588732512, 45.785913955306107 ], [ -85.351167513633214, 45.778373828456665 ], [ -85.353746211295089, 45.774696835774755 ], [ -85.355666527279851, 45.773809256080888 ], [ -85.372302016824293, 45.766117208736077 ], [ -85.373697549755306, 45.76615486244367 ], [ -85.378855565166049, 45.766303067823841 ], [ -85.385431927266168, 45.768548808297815 ], [ -85.388079677622187, 45.771050416745631 ], [ -85.387790287419008, 45.774025717179086 ], [ -85.379008342471181, 45.77843146652593 ], [ -85.370013319975186, 45.792445671290338 ], [ -85.372371847874618, 45.797468539346163 ], [ -85.370135347597895, 45.802056886353505 ] ] ], [ [ [ -85.451278774912723, 45.794432087756782 ], [ -85.449265162997321, 45.79101497901258 ], [ -85.451179337610768, 45.787337953278936 ], [ -85.457664889580357, 45.782485768881678 ], [ -85.451353848897497, 45.776353230951251 ], [ -85.45196561694874, 45.773374473355389 ], [ -85.454894485894442, 45.771977778410132 ], [ -85.465072783096602, 45.773967846644915 ], [ -85.468522743491476, 45.771354354523737 ], [ -85.470253908728594, 45.770042768975536 ], [ -85.473861735600849, 45.77024432253414 ], [ -85.476869476528321, 45.774340664595265 ], [ -85.47982177370362, 45.775007633827229 ], [ -85.488932143367208, 45.771051476082945 ], [ -85.496271679895258, 45.770998569334772 ], [ -85.496462039082985, 45.770997189483488 ], [ -85.501452787832093, 45.776226006370848 ], [ -85.50052177659974, 45.779662399127119 ], [ -85.494357352998875, 45.783599255087729 ], [ -85.493418306498853, 45.786581847241663 ], [ -85.505672416825092, 45.795418232684732 ], [ -85.521031507902904, 45.792785341917337 ], [ -85.523670698643457, 45.794367858830825 ], [ -85.523723503874592, 45.797571552093984 ], [ -85.517239388526107, 45.802198694514132 ], [ -85.517666854397817, 45.80295799887984 ], [ -85.523976837022047, 45.814277339291401 ], [ -85.522137369990062, 45.822298548473512 ], [ -85.517575789623493, 45.824393027348414 ], [ -85.511677552646276, 45.824439011287744 ], [ -85.468500402263146, 45.807356039515192 ], [ -85.465828859833465, 45.803942962709442 ], [ -85.46638668463477, 45.797073623292107 ], [ -85.463402351580584, 45.794804379410174 ], [ -85.453263620929661, 45.795793202118411 ], [ -85.451278774912723, 45.794432087756782 ] ] ], [ [ [ -85.495566605737764, 45.749179752022499 ], [ -85.494835518406632, 45.74926870065633 ], [ -85.494370959350235, 45.739886453823694 ], [ -85.506508985216342, 45.742085345577472 ], [ -85.509714227775106, 45.737714567601763 ], [ -85.494117933841011, 45.723180665490524 ], [ -85.485892488130801, 45.697608665156849 ], [ -85.496374542078314, 45.67647731925247 ], [ -85.476245565909153, 45.640917065365379 ], [ -85.481801589681254, 45.620853343361162 ], [ -85.487101486860311, 45.601699067094351 ], [ -85.500628595799753, 45.59293422249948 ], [ -85.534947400543757, 45.570674488514655 ], [ -85.554448391423875, 45.565946954443959 ], [ -85.565333547693982, 45.567854801285691 ], [ -85.603210955591805, 45.574482253567211 ], [ -85.620783747015068, 45.590816398148938 ], [ -85.619711896434083, 45.600426701984333 ], [ -85.618227757493827, 45.61372746288265 ], [ -85.603496137272799, 45.631013994054001 ], [ -85.606083778720816, 45.6687574400244 ], [ -85.577458318867897, 45.697370140485091 ], [ -85.563152591960289, 45.722887531301488 ], [ -85.558743153366464, 45.733910420835727 ], [ -85.565923546610307, 45.752850569354081 ], [ -85.558454357807079, 45.756569981286553 ], [ -85.52685128224114, 45.745367681825137 ], [ -85.508715412483824, 45.747578940796906 ], [ -85.495566605737764, 45.749179752022499 ] ] ], [ [ [ -85.690211626665047, 45.693213097480317 ], [ -85.691275501397172, 45.698086357123586 ], [ -85.691743781617703, 45.700231084214529 ], [ -85.692705775194952, 45.704636435054859 ], [ -85.686023132373293, 45.714767381796499 ], [ -85.690701033176822, 45.723451859190128 ], [ -85.69448527048776, 45.730481114571603 ], [ -85.695255943143835, 45.736427714222174 ], [ -85.692708228871126, 45.740340812982936 ], [ -85.6839340221848, 45.743850564297105 ], [ -85.653421894343111, 45.739768176892859 ], [ -85.640359919917373, 45.741252705224696 ], [ -85.640298966008729, 45.738049350107161 ], [ -85.646142178500455, 45.735252556897542 ], [ -85.648698924594754, 45.731800819735106 ], [ -85.647172815996797, 45.719225706956053 ], [ -85.649705224788235, 45.714625841572214 ], [ -85.652832304321237, 45.712126692858369 ], [ -85.660996300620027, 45.705600361512715 ], [ -85.665907961836851, 45.698929461845054 ], [ -85.669305718158824, 45.694313503240494 ], [ -85.673867751556656, 45.693817049628194 ], [ -85.677835966099494, 45.695842055180115 ], [ -85.690211626665047, 45.693213097480317 ] ] ], [ [ [ -86.674657320459488, 45.610757637976469 ], [ -86.682256094523197, 45.603986379412106 ], [ -86.676823220942993, 45.598127055593281 ], [ -86.677654651216756, 45.593763396007155 ], [ -86.682774362320046, 45.590925301623145 ], [ -86.694782650242288, 45.598046993302653 ], [ -86.697301183933476, 45.604642520611669 ], [ -86.696514559121312, 45.61015078851441 ], [ -86.693646321065486, 45.612031376020511 ], [ -86.67570273364403, 45.612573425452155 ], [ -86.674657320459488, 45.610757637976469 ] ] ], [ [ [ -86.640656956977693, 45.539767498937302 ], [ -86.642184329930345, 45.540560141315844 ], [ -86.651538252712342, 45.556428929875331 ], [ -86.653422969853196, 45.576696961710475 ], [ -86.653621646759888, 45.578832543942099 ], [ -86.649806332792792, 45.581647569635741 ], [ -86.637490891373361, 45.57450327420549 ], [ -86.637148911069787, 45.574304834580651 ], [ -86.631045364928681, 45.567766568301977 ], [ -86.623202078752385, 45.567442102461634 ], [ -86.619883061131631, 45.565897223226806 ], [ -86.61777691539281, 45.561579010568998 ], [ -86.621089275654441, 45.553282143817697 ], [ -86.628238170387533, 45.543086064282576 ], [ -86.633013846436398, 45.539572475898737 ], [ -86.639193267508247, 45.539007857836225 ], [ -86.640656956977693, 45.539767498937302 ] ] ], [ [ [ -85.871898788061841, 45.429633685128962 ], [ -85.874797834897919, 45.439856539268625 ], [ -85.870242837050711, 45.440131579860584 ], [ -85.857593957667603, 45.436283856541785 ], [ -85.840424951291226, 45.431057349384062 ], [ -85.831826562323215, 45.424276794151041 ], [ -85.828103143627487, 45.417217670601794 ], [ -85.82071690277445, 45.390278798319919 ], [ -85.822875434971976, 45.38430539595862 ], [ -85.829535907958089, 45.375993788732799 ], [ -85.83374028344052, 45.374807210661324 ], [ -85.837265568468652, 45.388049662467992 ], [ -85.848587822542768, 45.400982374455694 ], [ -85.854867592690525, 45.406786969150822 ], [ -85.869167281107806, 45.419997692024971 ], [ -85.871898788061841, 45.429633685128962 ] ] ], [ [ [ -86.765238031135723, 45.480772966281485 ], [ -86.767989537583915, 45.484083760575416 ], [ -86.777504509283133, 45.485743421770394 ], [ -86.781754356324896, 45.495054886960347 ], [ -86.776581249509093, 45.504996141269629 ], [ -86.76943237025138, 45.505583185519711 ], [ -86.763771873788741, 45.502478552404845 ], [ -86.75689734434097, 45.501688555213256 ], [ -86.752577110304159, 45.499475845050689 ], [ -86.752100390709856, 45.490380232476944 ], [ -86.751510117349198, 45.479113426270345 ], [ -86.754645490255285, 45.475623052995907 ], [ -86.760490110141518, 45.47505871813869 ], [ -86.765238031135723, 45.480772966281485 ] ] ], [ [ [ -86.038997518420985, 45.155275778260076 ], [ -86.036351791856717, 45.157801543271191 ], [ -86.025356826526746, 45.158850777089981 ], [ -86.009378203577938, 45.154796127393972 ], [ -85.983965262195952, 45.14834027335008 ], [ -85.973626290887495, 45.135406043472116 ], [ -85.976691996679648, 45.112409813336953 ], [ -85.98008535752453, 45.086931081563236 ], [ -85.980256812520267, 45.085643043742486 ], [ -85.977775841394845, 45.076053081241838 ], [ -85.960746772568811, 45.067314630536174 ], [ -85.958664841257018, 45.060924965504704 ], [ -85.98255982386604, 45.059051327469263 ], [ -85.999872279607416, 45.052436675849364 ], [ -86.01188616853986, 45.064259038068933 ], [ -86.051892111566247, 45.103575568043688 ], [ -86.058202271451918, 45.136931837289886 ], [ -86.038997518420985, 45.155275778260076 ] ] ], [ [ [ -86.144187226080646, 45.000017781503011 ], [ -86.146193551636301, 45.006902941960675 ], [ -86.126783933962415, 45.039413649665924 ], [ -86.126349256466497, 45.040134700457585 ], [ -86.115835682429392, 45.046223281025185 ], [ -86.111602926298602, 45.04654113721746 ], [ -86.104856883347949, 45.047047306736452 ], [ -86.091779938906086, 45.041258017660709 ], [ -86.080434238595032, 45.040251272452124 ], [ -86.072605175654218, 45.037600258765998 ], [ -86.070248919683166, 45.033507650761507 ], [ -86.0727429760923, 45.029811090832254 ], [ -86.075203774103016, 45.029526053798151 ], [ -86.088216089644021, 45.028017647373069 ], [ -86.092565497647854, 45.020865712679864 ], [ -86.09180958512249, 45.016295842112044 ], [ -86.084439230041724, 45.005852167386934 ], [ -86.087224633861311, 45.000779127401117 ], [ -86.089275979621775, 45.000019373052027 ], [ -86.092984528252501, 44.998646536502527 ], [ -86.103665388829526, 44.999427917193202 ], [ -86.109113300559656, 44.997528396138243 ], [ -86.121687627022766, 44.996452020056097 ], [ -86.130621628160114, 44.991760070958186 ], [ -86.137083561536542, 44.991904915422275 ], [ -86.143004550068767, 44.995951951861706 ], [ -86.144187226080646, 45.000017781503011 ] ] ], [ [ [ -83.428573815661238, 43.831369068383758 ], [ -83.424057688337271, 43.835214414248931 ], [ -83.415183399816257, 43.835347714814752 ], [ -83.412704639968112, 43.832570867652031 ], [ -83.406699094826351, 43.832048295325798 ], [ -83.403006696545305, 43.82673786819359 ], [ -83.410285784479441, 43.82681848065436 ], [ -83.413261780376345, 43.820893924097859 ], [ -83.417221777085942, 43.813375608100699 ], [ -83.42195111277664, 43.814344303054611 ], [ -83.424744563689984, 43.816896474011614 ], [ -83.423218336403153, 43.818723751193055 ], [ -83.424018835204024, 43.82320199362028 ], [ -83.427430402280038, 43.823232535688717 ], [ -83.428573815661238, 43.831369068383758 ] ] ], [ [ [ -83.44710589164562, 43.823320233563422 ], [ -83.450731350896589, 43.816255609596602 ], [ -83.452362983158636, 43.813753326381047 ], [ -83.442673829761887, 43.808103471658669 ], [ -83.459764025752619, 43.807874591391737 ], [ -83.4573914135499, 43.815866315870444 ], [ -83.45240880852802, 43.827497257601593 ], [ -83.450300318875037, 43.829659618160001 ], [ -83.448205223542629, 43.831808012393935 ], [ -83.442208394057658, 43.830827670679533 ], [ -83.441002643843433, 43.827607939656978 ], [ -83.44710589164562, 43.823320233563422 ] ] ], [ [ [ -82.683222384269527, 42.589805860819439 ], [ -82.687907774803875, 42.591278489991346 ], [ -82.682590649952246, 42.595379307611516 ], [ -82.648096419027993, 42.610858950100699 ], [ -82.642176326686325, 42.619129194130075 ], [ -82.642534430412198, 42.623374845564342 ], [ -82.626518669001513, 42.621108667634523 ], [ -82.611183801615724, 42.615329617045504 ], [ -82.59255163209157, 42.615218562307795 ], [ -82.589842140957259, 42.61264739133113 ], [ -82.611549045754501, 42.595176364530346 ], [ -82.625876766290048, 42.590739904568927 ], [ -82.643037207045865, 42.590892883297911 ], [ -82.645806410385035, 42.593032998256362 ], [ -82.640938898770813, 42.597835485188689 ], [ -82.642152411780103, 42.604480825076251 ], [ -82.646349396628153, 42.60629681560831 ], [ -82.65155212972752, 42.606033382035008 ], [ -82.656373732776373, 42.602973972973459 ], [ -82.666513167513145, 42.586731202472379 ], [ -82.670854555894778, 42.592747061142553 ], [ -82.674135873527021, 42.593498671558393 ], [ -82.683222384269527, 42.589805860819439 ] ] ] ] } },
{ "type": "Feature", "properties": { "featurecla": "Admin-1 scale rank", "scalerank": 2, "adm1_code": "USA-3514", "diss_me": 3514, "iso_3166_2": "US-MN", "wikipedia": "http://en.wikipedia.org/wiki/Minnesota", "iso_a2": "US", "adm0_sr": 1, "name": "Minnesota", "name_alt": "MN|Minn.", "name_local": null, "type": "State", "type_en": "State", "code_local": "US27", "code_hasc": "US.MN", "note": null, "hasc_maybe": null, "region": "Midwest", "region_cod": null, "provnum_ne": 0, "gadm_level": 1, "check_me": 20, "datarank": 1, "abbrev": "Minn.", "postal": "MN", "area_sqkm": 0, "sameascity": -99, "labelrank": 0, "name_len": 9, "mapcolor9": 1, "mapcolor13": 1, "fips": "US27", "fips_alt": null, "woe_id": 2347582, "woe_label": "Minnesota, US, United States", "woe_name": "Minnesota", "latitude": 46.0592, "longitude": -93.364, "sov_a3": "US1", "adm0_a3": "USA", "adm0_label": 2, "admin": "United States of America", "geonunit": "United States of America", "gu_a3": "USA", "gn_id": 5037779, "gn_name": "Minnesota", "gns_id": -1, "gns_name": null, "gn_level": 1, "gn_region": null, "gn_a1_code": "US.MN", "region_sub": "West North Central", "sub_code": null, "gns_level": -1, "gns_lang": null, "gns_adm1": null, "gns_region": null, "min_label": 3.5, "max_label": 7.5, "min_zoom": 2.0, "wikidataid": "Q1527", "name_ar": "مينيسوتا", "name_bn": "মিনেসোটা", "name_de": "Minnesota", "name_en": "Minnesota", "name_es": "Minnesota", "name_fr": "Minnesota", "name_el": "Μινεσότα", "name_hi": "मिनेसोटा", "name_hu": "Minnesota", "name_id": "Minnesota", "name_it": "Minnesota", "name_ja": "ミネソタ州", "name_ko": "미네소타", "name_nl": "Minnesota", "name_pl": "Minnesota", "name_pt": "Minnesota", "name_ru": "Миннесота", "name_sv": "Minnesota", "name_tr": "Minnesota", "name_vi": "Minnesota", "name_zh": "明尼苏达州", "ne_id": 1159315297, "name_he": "מינסוטה", "name_uk": "Міннесота", "name_ur": "مینیسوٹا", "name_fa": "مینهسوتا", "name_zht": "明尼蘇達州", "FCLASS_ISO": null, "FCLASS_US": null, "FCLASS_FR": null, "FCLASS_RU": null, "FCLASS_ES": null, "FCLASS_CN": null, "FCLASS_TW": null, "FCLASS_IN": null, "FCLASS_NP": null, "FCLASS_PK": null, "FCLASS_DE": null, "FCLASS_GB": null, "FCLASS_BR": null, "FCLASS_IL": null, "FCLASS_PS": null, "FCLASS_SA": null, "FCLASS_EG": null, "FCLASS_MA": null, "FCLASS_PT": null, "FCLASS_AR": null, "FCLASS_JP": null, "FCLASS_KO": null, "FCLASS_VN": null, "FCLASS_TR": null, "FCLASS_ID": null, "FCLASS_PL": null, "FCLASS_GR": null, "FCLASS_IT": null, "FCLASS_NL": null, "FCLASS_SE": null, "FCLASS_BD": null, "FCLASS_UA": null, "FCLASS_TLC": null }, "geometry": { "type": "MultiPolygon", "coordinates": [ [ [ [ -97.10344898608507, 48.993181571609597 ], [ -96.677064082124474, 48.993181571609597 ], [ -96.250684671328131, 48.993181571609597 ], [ -95.824299767367535, 48.993181571609597 ], [ -95.397920356571191, 48.993181571609597 ], [ -95.162043882729478, 48.99176433522743 ], [ -95.158242613053218, 49.203097351101633 ], [ -95.155298277003396, 49.369672064487219 ], [ -94.939340016812125, 49.349413274651909 ], [ -94.874795336615563, 49.319036076227462 ], [ -94.854333299702176, 49.304589054191979 ], [ -94.860403246222802, 49.2586002829064 ], [ -94.842605393981358, 49.119172787353307 ], [ -94.803461105378744, 49.002948417685303 ], [ -94.712768963247242, 48.863422045175298 ], [ -94.7125602230049, 48.863015551019174 ], [ -94.705095012759188, 48.80852336144045 ], [ -94.675355021390331, 48.774443770296671 ], [ -94.620884804468702, 48.742605390175896 ], [ -94.414155060254473, 48.704109294957391 ], [ -94.055182268240429, 48.65902140261241 ], [ -93.851627572975431, 48.60728678149826 ], [ -93.803545906102201, 48.54894937692913 ], [ -93.707739628033423, 48.525460606501838 ], [ -93.564285643068899, 48.536908360844791 ], [ -93.463617914619348, 48.561276037555587 ], [ -93.377886099825503, 48.616537270132397 ], [ -93.257942857945352, 48.628863930758882 ], [ -93.155215192893777, 48.625348305624755 ], [ -93.051707498515597, 48.619877114009796 ], [ -92.996254005189272, 48.611813148858431 ], [ -92.836732514729007, 48.567779944053711 ], [ -92.732653531266521, 48.53182169072889 ], [ -92.583255942559646, 48.465101717480593 ], [ -92.500578327101053, 48.435339753454627 ], [ -92.460890215235509, 48.365884184398851 ], [ -92.414588333586423, 48.27658730599245 ], [ -92.348439649422431, 48.27658730599245 ], [ -92.29867707428194, 48.328882229862359 ], [ -92.171784979597646, 48.338396390381547 ], [ -92.005155334569352, 48.301833888986778 ], [ -91.858399957877339, 48.197573631103324 ], [ -91.647286668573997, 48.10460731896319 ], [ -91.518307171466319, 48.05831093047837 ], [ -91.387240271935269, 48.058541643377794 ], [ -91.22065457222115, 48.10460731896319 ], [ -91.04347805179053, 48.193695457127262 ], [ -90.916047627007572, 48.209153221388789 ], [ -90.840318864353122, 48.200517967153132 ], [ -90.797318374431526, 48.131062398097384 ], [ -90.744408216163166, 48.10460731896319 ], [ -90.607101082019071, 48.112594379814738 ], [ -90.320138180447302, 48.099180072662421 ], [ -90.091776355329742, 48.118098530415352 ], [ -90.039942857258694, 48.078152239829024 ], [ -89.993646468773889, 48.015310440556789 ], [ -89.901042705475703, 47.995469131206164 ], [ -89.775370093259795, 48.015310440556789 ], [ -89.572200532707853, 48.001389820681212 ], [ -89.564638593147649, 47.990076585223576 ], [ -89.53751058208465, 47.995734619484637 ], [ -89.525218174878361, 47.995750332190354 ], [ -89.520145719183859, 47.995756350987897 ], [ -89.510777513169202, 47.995766753490457 ], [ -89.507836311262878, 47.995769828127735 ], [ -89.51011110789949, 47.990650518674869 ], [ -89.519058270516041, 47.989782827241569 ], [ -89.529557132250645, 47.988763534202363 ], [ -89.532580209610657, 47.988469811341808 ], [ -89.550016014073208, 47.986773789822649 ], [ -89.597535660871344, 47.972742296224482 ], [ -89.607277739655132, 47.974862868779113 ], [ -89.604034502120143, 47.984372649864589 ], [ -89.613096766113046, 47.986523809031567 ], [ -89.62995792716211, 47.979173551166468 ], [ -89.635084815746978, 47.976937540127182 ], [ -89.633401902295887, 47.950701082145343 ], [ -89.652670709526433, 47.96020621483175 ], [ -89.670744146959493, 47.956494303692139 ], [ -89.681478869123126, 47.947133047655306 ], [ -89.679150773015394, 47.944683979122004 ], [ -89.67838715073762, 47.943880607884068 ], [ -89.675826702224171, 47.941186637148995 ], [ -89.678214723968111, 47.937428647816844 ], [ -89.705283485164344, 47.927850230217615 ], [ -89.745728181461701, 47.90077781628338 ], [ -89.763769814862272, 47.898052103798719 ], [ -89.764542095345263, 47.897935344592213 ], [ -89.785980997983643, 47.886739755974034 ], [ -89.819564877434203, 47.878004147777816 ], [ -89.832336336520399, 47.8689973806298 ], [ -89.843169265579917, 47.871969234637625 ], [ -89.867537962185224, 47.863153361213328 ], [ -89.905958697050892, 47.855558318800213 ], [ -89.942054670457921, 47.834322429743466 ], [ -90.015363117641982, 47.811217750229368 ], [ -90.040197764886372, 47.81126768047455 ], [ -90.103310629646913, 47.78878549372277 ], [ -90.142400124798201, 47.788637675273705 ], [ -90.162195267972749, 47.782481453567073 ], [ -90.169857572191049, 47.77617719880184 ], [ -90.176026809189253, 47.771099698815163 ], [ -90.186300008588546, 47.768345922947191 ], [ -90.254079459395797, 47.76273883708231 ], [ -90.307787335037759, 47.749054871889506 ], [ -90.326174347351639, 47.739273438563806 ], [ -90.424541870012632, 47.724138578711958 ], [ -90.436418137929266, 47.717394973383314 ], [ -90.485566794418972, 47.707235201687915 ], [ -90.511230113590855, 47.701918267937899 ], [ -90.5185784555932, 47.69794809132452 ], [ -90.524403266059906, 47.694800167876153 ], [ -90.538210368734354, 47.687335219949858 ], [ -90.661639654992456, 47.638707662051146 ], [ -90.721684235656753, 47.620385720039167 ], [ -90.751785774187283, 47.601243762651059 ], [ -90.779397570911939, 47.590234921592646 ], [ -90.880336695363908, 47.534696134352167 ], [ -91.051132915121869, 47.438039795843956 ], [ -91.072844292109451, 47.418100806172426 ], [ -91.152248333047993, 47.368476869387422 ], [ -91.171831649549759, 47.348167747435845 ], [ -91.176851462527779, 47.33620499816714 ], [ -91.188707467894176, 47.33075377041105 ], [ -91.200830903563187, 47.316113198950767 ], [ -91.234078947846697, 47.291837280672382 ], [ -91.239564045544526, 47.278241707745494 ], [ -91.245759144384252, 47.273545864592585 ], [ -91.251656694857274, 47.277810512060483 ], [ -91.257295297588342, 47.277043656989783 ], [ -91.329499386550708, 47.223547318723384 ], [ -91.347405641269262, 47.204207077788631 ], [ -91.426050988615614, 47.155321989243852 ], [ -91.461482205318489, 47.125575273795612 ], [ -91.499462397887356, 47.111495012365346 ], [ -91.511708252054319, 47.101622759850706 ], [ -91.536030912089913, 47.097022256699795 ], [ -91.546796444385961, 47.088836267540984 ], [ -91.563154427772176, 47.085143241445479 ], [ -91.589797123946838, 47.058604850439671 ], [ -91.601371243618274, 47.057021827628667 ], [ -91.63551353604295, 47.0316427105139 ], [ -91.634574553213653, 47.021369870750718 ], [ -91.65124588640245, 47.01765039405791 ], [ -91.65327502851332, 47.009727189821447 ], [ -91.670587095004151, 47.008491432039314 ], [ -91.67906344366331, 47.001110217197358 ], [ -91.71184785417563, 46.992076781568059 ], [ -91.769497723760466, 46.94622053238588 ], [ -91.76858160945747, 46.94168473966473 ], [ -91.796224382142498, 46.934765140752418 ], [ -91.807897411168796, 46.92374044049658 ], [ -91.839316617422412, 46.920257709858923 ], [ -91.84734294019681, 46.912200928688229 ], [ -91.879051909528997, 46.900657823150155 ], [ -91.902997543158719, 46.88335138425122 ], [ -91.913705092916615, 46.875606580304357 ], [ -91.982670116226615, 46.841568411417356 ], [ -91.992363211886058, 46.833434966052991 ], [ -91.995952974687967, 46.830421851135341 ], [ -92.011693140308012, 46.827850623346542 ], [ -92.076865119264824, 46.788696846107193 ], [ -92.078902663245586, 46.776764364931104 ], [ -92.063078983937658, 46.755112656013289 ], [ -92.061964594516425, 46.754067537870803 ], [ -92.089505054307494, 46.749259999720152 ], [ -92.165684527381401, 45.879248618424832 ], [ -91.132068230680716, 43.829927065543991 ], [ -91.209216306255783, 43.502584142698979 ], [ -91.245252961831383, 43.502412319184629 ], [ -91.575414107238529, 43.501939907057249 ], [ -91.900609432143753, 43.50189596174306 ], [ -92.22583771603459, 43.501841030100337 ], [ -92.551065999925441, 43.501786098457615 ], [ -92.876261324830665, 43.501742153143454 ], [ -93.201489608721516, 43.501687221500731 ], [ -93.526712399448087, 43.501632289858009 ], [ -93.851913217517577, 43.501577358215286 ], [ -94.177114035587067, 43.501533412901097 ], [ -94.502342319477918, 43.501478481258374 ], [ -94.827565110204489, 43.50142354961568 ], [ -95.152765928273979, 43.501379604301491 ], [ -95.477966746343469, 43.501324672658768 ], [ -95.803189537070054, 43.501269741016046 ], [ -96.128417820960905, 43.501225795701885 ], [ -96.453618639030395, 43.501170864059162 ], [ -96.453618639030395, 43.72569846051482 ], [ -96.453618639030395, 43.950215070641946 ], [ -96.453618639030395, 44.174720694440538 ], [ -96.453640611687476, 44.399259277224758 ], [ -96.453668077508837, 44.623786873680416 ], [ -96.453668077508837, 44.848292497479008 ], [ -96.453668077508837, 45.072809107606133 ], [ -96.453668077508837, 45.29733670406182 ], [ -96.529759389005235, 45.371549353377191 ], [ -96.696108882655665, 45.431776406455896 ], [ -96.737527341266897, 45.467844523066162 ], [ -96.814909546367232, 45.557427046014737 ], [ -96.845451539719818, 45.59586820959052 ], [ -96.851060060441583, 45.626003708786953 ], [ -96.813618652763296, 45.659182420990135 ], [ -96.662671991731699, 45.755653371935836 ], [ -96.614689201815366, 45.799972221282701 ], [ -96.591052115952749, 45.84326934207499 ], [ -96.556401235724678, 45.942772519698877 ], [ -96.570480215753932, 46.019237366365758 ], [ -96.560845205620765, 46.138241277155402 ], [ -96.59190355641492, 46.227538155561803 ], [ -96.598566764676903, 46.271857004908696 ], [ -96.617430290787127, 46.327096264828413 ], [ -96.730858639840633, 46.472774981323113 ], [ -96.758198118422612, 46.590339683073466 ], [ -96.786647216187546, 46.64821566184375 ], [ -96.795996581778567, 46.797091399944804 ], [ -96.792821532829322, 46.839026215997592 ], [ -96.770134764385773, 46.91966586751127 ], [ -96.818298828723087, 46.974136084432899 ], [ -96.825324585827033, 47.018861427935889 ], [ -96.847516969486108, 47.373335318411137 ], [ -96.862947267926288, 47.423927361356675 ], [ -96.858706545108262, 47.588337768019073 ], [ -96.946349981068792, 47.761526251188201 ], [ -96.988004645743729, 47.820336067884739 ], [ -97.009032478577126, 47.891549449507551 ], [ -97.007433967773949, 47.925607067994235 ], [ -97.078515513454249, 48.043369523658413 ], [ -97.12592701428629, 48.173392721977763 ], [ -97.121609387168462, 48.286046534868916 ], [ -97.136803479544952, 48.371212553742737 ], [ -97.131019177566486, 48.437427155877998 ], [ -97.143961072591424, 48.536754552245185 ], [ -97.129129529056897, 48.593367103232907 ], [ -97.128047375695303, 48.681114909314573 ], [ -97.225737809109404, 48.993181571609597 ], [ -97.10344898608507, 48.993181571609597 ] ] ] ] } },
{ "type": "Feature", "properties": { "featurecla": "Admin-1 scale rank", "scalerank": 2, "adm1_code": "USA-3531", "diss_me": 3531, "iso_3166_2": "US-MO", "wikipedia": "http://en.wikipedia.org/wiki/Missouri", "iso_a2": "US", "adm0_sr": 1, "name": "Missouri", "name_alt": "MO", "name_local": null, "type": "State", "type_en": "State", "code_local": "US29", "code_hasc": "US.MO", "note": null, "hasc_maybe": "US.IL|USA-MOS", "region": "Midwest", "region_cod": null, "provnum_ne": 0, "gadm_level": 1, "check_me": 20, "datarank": 1, "abbrev": "Mo.", "postal": "MO", "area_sqkm": 0, "sameascity": -99, "labelrank": 0, "name_len": 8, "mapcolor9": 1, "mapcolor13": 1, "fips": "US29", "fips_alt": "US17", "woe_id": 2347584, "woe_label": "Missouri, US, United States", "woe_name": "Missouri", "latitude": 38.5487, "longitude": -92.446, "sov_a3": "US1", "adm0_a3": "USA", "adm0_label": 2, "admin": "United States of America", "geonunit": "United States of America", "gu_a3": "USA", "gn_id": 4398678, "gn_name": "Missouri", "gns_id": -1, "gns_name": null, "gn_level": 1, "gn_region": null, "gn_a1_code": "US.MO", "region_sub": "West North Central", "sub_code": null, "gns_level": -1, "gns_lang": null, "gns_adm1": null, "gns_region": null, "min_label": 3.5, "max_label": 7.5, "min_zoom": 2.0, "wikidataid": "Q1581", "name_ar": "ميزوري", "name_bn": "মিসৌরি", "name_de": "Missouri", "name_en": "Missouri", "name_es": "Misuri", "name_fr": "Missouri", "name_el": "Μιζούρι", "name_hi": "मिसौरी", "name_hu": "Missouri", "name_id": "Missouri", "name_it": "Missouri", "name_ja": "ミズーリ州", "name_ko": "미주리", "name_nl": "Missouri", "name_pl": "Missouri", "name_pt": "Missouri", "name_ru": "Миссури", "name_sv": "Missouri", "name_tr": "Missouri", "name_vi": "Missouri", "name_zh": "密苏里州", "ne_id": 1159315361, "name_he": "מיזורי", "name_uk": "Міссурі", "name_ur": "مسوری", "name_fa": "میزوری", "name_zht": "密蘇里州", "FCLASS_ISO": null, "FCLASS_US": null, "FCLASS_FR": null, "FCLASS_RU": null, "FCLASS_ES": null, "FCLASS_CN": null, "FCLASS_TW": null, "FCLASS_IN": null, "FCLASS_NP": null, "FCLASS_PK": null, "FCLASS_DE": null, "FCLASS_GB": null, "FCLASS_BR": null, "FCLASS_IL": null, "FCLASS_PS": null, "FCLASS_SA": null, "FCLASS_EG": null, "FCLASS_MA": null, "FCLASS_PT": null, "FCLASS_AR": null, "FCLASS_JP": null, "FCLASS_KO": null, "FCLASS_VN": null, "FCLASS_TR": null, "FCLASS_ID": null, "FCLASS_PL": null, "FCLASS_GR": null, "FCLASS_IT": null, "FCLASS_NL": null, "FCLASS_SE": null, "FCLASS_BD": null, "FCLASS_UA": null, "FCLASS_TLC": null }, "geometry": { "type": "MultiPolygon", "coordinates": [ [ [ [ -89.70477194603545, 36.001573410003459 ], [ -89.888177714750569, 35.999332198980468 ], [ -90.052489244456055, 35.997134933271653 ], [ -90.216789787832994, 35.994937667562823 ], [ -90.381068358552852, 35.992740401854007 ], [ -90.303043453232689, 36.099373706702991 ], [ -90.252550287244034, 36.137737965978985 ], [ -90.21616356710598, 36.178409354249226 ], [ -90.149278798929529, 36.215927666227302 ], [ -90.075659411355559, 36.296721126340586 ], [ -90.067057116105531, 36.334272397304304 ], [ -90.074472887872787, 36.371834654596555 ], [ -90.118077625864302, 36.422536560827552 ], [ -90.162242666611562, 36.500869083346956 ], [ -90.440746095204375, 36.500869083346956 ], [ -90.719238537468655, 36.500869083346956 ], [ -90.997752952390002, 36.500869083346956 ], [ -91.276256380982815, 36.500869083346956 ], [ -91.554759809575629, 36.500869083346956 ], [ -91.833285210825537, 36.500869083346956 ], [ -92.11178863941835, 36.500869083346956 ], [ -92.39029756117543, 36.500869083346956 ], [ -92.66880648293251, 36.500869083346956 ], [ -92.947320897853871, 36.500869083346956 ], [ -93.225829819610951, 36.500869083346956 ], [ -93.504338741368045, 36.500869083346956 ], [ -93.782847663125125, 36.500869083346956 ], [ -94.061356584882205, 36.500869083346956 ], [ -94.339870999803566, 36.500869083346956 ], [ -94.618379921560646, 36.500869083346956 ], [ -94.618303017260843, 36.625882515850222 ], [ -94.61822611296104, 36.750862989367846 ], [ -94.618149208661222, 36.875832476556923 ], [ -94.618066811197139, 37.000845909060189 ], [ -94.618484291681824, 37.131165738250246 ], [ -94.618868813180868, 37.261496553768836 ], [ -94.619258827844178, 37.391827369287441 ], [ -94.619670815164582, 37.522158184806045 ], [ -94.620082802484987, 37.652478013996102 ], [ -94.620500282969658, 37.782808829514707 ], [ -94.620912270290063, 37.913139645033297 ], [ -94.621296791789106, 38.043470460551902 ], [ -94.621686806452431, 38.173790289741959 ], [ -94.622098793772821, 38.304121105260549 ], [ -94.622510781093226, 38.434451920779168 ], [ -94.622928261577911, 38.564782736297758 ], [ -94.623340248898316, 38.695102565487815 ], [ -94.623730263561626, 38.825433381006434 ], [ -94.624114785060669, 38.955764196525024 ], [ -94.624526772381074, 39.086062053057987 ], [ -94.622384438314967, 39.124404339676886 ], [ -94.777851973542468, 39.193991744675174 ], [ -94.847203172477066, 39.259151659270202 ], [ -94.882293505846903, 39.343131154661279 ], [ -94.952518117900766, 39.426374566039897 ], [ -95.05793743344563, 39.508958797705844 ], [ -95.075356257352283, 39.597376769828713 ], [ -95.004763603292204, 39.691551578108715 ], [ -94.945827443817407, 39.739484929546592 ], [ -94.898597217406348, 39.741143865156744 ], [ -94.893296313883823, 39.781815253426998 ], [ -94.929935719578367, 39.861499094357328 ], [ -94.984015921836686, 39.891162181426381 ], [ -95.055536920658739, 39.870793528305626 ], [ -95.116203426879238, 39.872089915073815 ], [ -95.34668012024153, 40.001486892666179 ], [ -95.362467474359406, 40.010319900815631 ], [ -95.434296090380698, 40.095980304473954 ], [ -95.463651560250511, 40.198065269305687 ], [ -95.521219921821583, 40.264576502311627 ], [ -95.607105545215035, 40.295470058177614 ], [ -95.661570268972397, 40.362761320510202 ], [ -95.684696490557712, 40.466362398681014 ], [ -95.739551228978385, 40.570853369463919 ], [ -95.765028524872136, 40.601867774943884 ], [ -95.515430126678837, 40.602944435141211 ], [ -95.263145571156514, 40.604394630509034 ], [ -95.010888481455538, 40.605844825876858 ], [ -94.758631391754577, 40.60728403491612 ], [ -94.506368808889334, 40.608734230283943 ], [ -94.254111719188359, 40.610184425651767 ], [ -94.001854629487383, 40.61163462101959 ], [ -93.749597539786421, 40.61307383005888 ], [ -93.497334956921179, 40.614524025426675 ], [ -93.245077867220203, 40.615974220794499 ], [ -92.992820777519242, 40.617413429833789 ], [ -92.740563687818266, 40.618863625201612 ], [ -92.488301104953024, 40.620313820569436 ], [ -92.236044015252062, 40.621764015937259 ], [ -91.983786925551087, 40.623203224976521 ], [ -91.731529835850125, 40.624653420344345 ], [ -91.682047412087513, 40.551868993739703 ], [ -91.627423386566278, 40.530753270277955 ], [ -91.616854538506857, 40.506879978351634 ], [ -91.545487348284411, 40.469317721059383 ], [ -91.529930707065972, 40.432315766522862 ], [ -91.441952188084855, 40.379449553568691 ], [ -91.499784221540978, 40.226025475450399 ], [ -91.501651897393472, 40.097529376798661 ], [ -91.466814249580153, 39.942863843554875 ], [ -91.4258682030963, 39.8268152551436 ], [ -91.378736853642138, 39.749405584221904 ], [ -91.209898956576481, 39.602804016129511 ], [ -90.919376484556437, 39.386900687580948 ], [ -90.737223157295332, 39.181796919991228 ], [ -90.663526865421545, 38.987492713360382 ], [ -90.577075446108054, 38.909610630311278 ], [ -90.477967776311772, 38.948117711858345 ], [ -90.354349607533621, 38.930209996331456 ], [ -90.220074700067684, 38.897679477512384 ], [ -90.149916005985091, 38.859897493649243 ], [ -90.134205556167032, 38.846669954082159 ], [ -90.126767811742681, 38.832618439874267 ], [ -90.132195058043465, 38.818643829966163 ], [ -90.150750966954448, 38.780532256246715 ], [ -90.316600582656108, 38.45780885526392 ], [ -90.373993162970464, 38.309757091803675 ], [ -90.365775389219479, 38.254254159998908 ], [ -90.299000484328459, 38.173999029984287 ], [ -90.173580557669069, 38.069046633402564 ], [ -90.063871080827738, 38.000524902273042 ], [ -89.96982810849029, 37.968532713552634 ], [ -89.822962868512818, 37.88409179236271 ], [ -89.623286347223896, 37.747257070346009 ], [ -89.52342062075806, 37.644523912130182 ], [ -89.52342062075806, 37.575947249357938 ], [ -89.502931118023326, 37.505799541603892 ], [ -89.46197408521094, 37.434124734182205 ], [ -89.46197408521094, 37.365679907352501 ], [ -89.502931118023326, 37.300509006428925 ], [ -89.486913051006042, 37.21273922769015 ], [ -89.413941856816152, 37.102414516450338 ], [ -89.351880086870565, 37.035518761945355 ], [ -89.300826618126152, 37.012051964175157 ], [ -89.29001607083876, 37.012777061859069 ], [ -89.28588521130618, 37.022697716534395 ], [ -89.293246051430728, 37.038177453453017 ], [ -89.29581685231004, 37.051635705919537 ], [ -89.291675006448926, 37.070653040629367 ], [ -89.281468707231454, 37.077794154183024 ], [ -89.272393999854032, 37.079980433563307 ], [ -89.224911087886454, 37.052679407131222 ], [ -89.154312940662095, 36.992111777867635 ], [ -89.122485546869854, 36.911592975967949 ], [ -89.129516797138081, 36.811057083460938 ], [ -89.15633442511421, 36.715717724355287 ], [ -89.2030482940837, 36.625519967008259 ], [ -89.256123247280229, 36.594406684571382 ], [ -89.280128375149076, 36.600042671114508 ], [ -89.330533650509381, 36.615906929532173 ], [ -89.351308797786274, 36.611204780915301 ], [ -89.39746236400002, 36.58779291478784 ], [ -89.450328576954206, 36.500023136049066 ], [ -89.45182271763619, 36.49751825314101 ], [ -89.471488245730129, 36.488882998905353 ], [ -89.485385951338401, 36.498133487539477 ], [ -89.487220668205268, 36.503066349055771 ], [ -89.496833705681354, 36.528829289491682 ], [ -89.519520474124917, 36.554822942827002 ], [ -89.535582486456377, 36.555284368625863 ], [ -89.549644986992817, 36.553065130259952 ], [ -89.555489713778286, 36.540771428619109 ], [ -89.560038053795537, 36.513096867016529 ], [ -89.557313444316605, 36.501077823589299 ], [ -89.540603238601037, 36.426667420360133 ], [ -89.555269987207396, 36.372922301122429 ], [ -89.604093231257352, 36.351916440946113 ], [ -89.611706756938418, 36.321967709334913 ], [ -89.583548796879896, 36.287657405291696 ], [ -89.583548796879896, 36.272232600015798 ], [ -89.594623016052353, 36.259444513590466 ], [ -89.627988495840768, 36.255258722415164 ], [ -89.654081026132985, 36.247963800261886 ], [ -89.674548556210638, 36.220574883201451 ], [ -89.634129853496916, 36.167917410489608 ], [ -89.64188620144904, 36.104515308461629 ], [ -89.697696750453048, 36.030302659146273 ], [ -89.70477194603545, 36.001573410003459 ] ] ] ] } },
{ "type": "Feature", "properties": { "featurecla": "Admin-1 scale rank", "scalerank": 2, "adm1_code": "USA-3516", "diss_me": 3516, "iso_3166_2": "US-ND", "wikipedia": "http://en.wikipedia.org/wiki/North_Dakota", "iso_a2": "US", "adm0_sr": 1, "name": "North Dakota", "name_alt": "ND|N.D.", "name_local": null, "type": "State", "type_en": "State", "code_local": "US38", "code_hasc": "US.ND", "note": null, "hasc_maybe": null, "region": "Midwest", "region_cod": null, "provnum_ne": 0, "gadm_level": 1, "check_me": 20, "datarank": 1, "abbrev": "N.D.", "postal": "ND", "area_sqkm": 0, "sameascity": -99, "labelrank": 0, "name_len": 12, "mapcolor9": 1, "mapcolor13": 1, "fips": "US38", "fips_alt": null, "woe_id": 2347593, "woe_label": "North Dakota, US, United States", "woe_name": "North Dakota", "latitude": 47.4675, "longitude": -100.302, "sov_a3": "US1", "adm0_a3": "USA", "adm0_label": 2, "admin": "United States of America", "geonunit": "United States of America", "gu_a3": "USA", "gn_id": 5690763, "gn_name": "North Dakota", "gns_id": -1, "gns_name": null, "gn_level": 1, "gn_region": null, "gn_a1_code": "US.ND", "region_sub": "West North Central", "sub_code": null, "gns_level": -1, "gns_lang": null, "gns_adm1": null, "gns_region": null, "min_label": 3.5, "max_label": 7.5, "min_zoom": 2.0, "wikidataid": "Q1207", "name_ar": "داكوتا الشمالية", "name_bn": "নর্থ ডাকোটা", "name_de": "North Dakota", "name_en": "North Dakota", "name_es": "Dakota del Norte", "name_fr": "Dakota du Nord", "name_el": "Βόρεια Ντακότα", "name_hi": "उत्तर डेकोटा", "name_hu": "Észak-Dakota", "name_id": "Dakota Utara", "name_it": "Dakota del Nord", "name_ja": "ノースダコタ州", "name_ko": "노스다코타", "name_nl": "Noord-Dakota", "name_pl": "Dakota Północna", "name_pt": "Dakota do Norte", "name_ru": "Северная Дакота", "name_sv": "North Dakota", "name_tr": "Kuzey Dakota", "name_vi": "Bắc Dakota", "name_zh": "北达科他州", "ne_id": 1159315337, "name_he": "דקוטה הצפונית", "name_uk": "Північна Дакота", "name_ur": "شمالی ڈکوٹا", "name_fa": "داکوتای شمالی", "name_zht": "北達科他州", "FCLASS_ISO": null, "FCLASS_US": null, "FCLASS_FR": null, "FCLASS_RU": null, "FCLASS_ES": null, "FCLASS_CN": null, "FCLASS_TW": null, "FCLASS_IN": null, "FCLASS_NP": null, "FCLASS_PK": null, "FCLASS_DE": null, "FCLASS_GB": null, "FCLASS_BR": null, "FCLASS_IL": null, "FCLASS_PS": null, "FCLASS_SA": null, "FCLASS_EG": null, "FCLASS_MA": null, "FCLASS_PT": null, "FCLASS_AR": null, "FCLASS_JP": null, "FCLASS_KO": null, "FCLASS_VN": null, "FCLASS_TR": null, "FCLASS_ID": null, "FCLASS_PL": null, "FCLASS_GR": null, "FCLASS_IT": null, "FCLASS_NL": null, "FCLASS_SE": null, "FCLASS_BD": null, "FCLASS_UA": null, "FCLASS_TLC": null }, "geometry": { "type": "MultiPolygon", "coordinates": [ [ [ [ -101.367270559869766, 48.993137626295436 ], [ -100.94088565590917, 48.993137626295436 ], [ -100.514506245112827, 48.993137626295436 ], [ -100.088121341152231, 48.993137626295436 ], [ -99.661741930355888, 48.993137626295436 ], [ -99.235357026395292, 48.993137626295436 ], [ -98.808977615598948, 48.993159598952531 ], [ -98.382592711638353, 48.993181571609597 ], [ -97.956213300842009, 48.993181571609597 ], [ -97.529828396881413, 48.993181571609597 ], [ -97.225737809109404, 48.993181571609597 ], [ -97.128047375695303, 48.681114909314573 ], [ -97.129129529056897, 48.593367103232907 ], [ -97.143961072591424, 48.536754552245185 ], [ -97.131019177566486, 48.437427155877998 ], [ -97.136803479544952, 48.371212553742737 ], [ -97.121609387168462, 48.286046534868916 ], [ -97.12592701428629, 48.173392721977763 ], [ -97.078515513454249, 48.043369523658413 ], [ -97.007433967773949, 47.925607067994235 ], [ -97.009032478577126, 47.891549449507551 ], [ -96.988004645743729, 47.820336067884739 ], [ -96.946349981068792, 47.761526251188201 ], [ -96.858706545108262, 47.588337768019073 ], [ -96.862947267926288, 47.423927361356675 ], [ -96.847516969486108, 47.373335318411137 ], [ -96.825324585827033, 47.018861427935889 ], [ -96.818298828723087, 46.974136084432899 ], [ -96.770134764385773, 46.91966586751127 ], [ -96.792821532829322, 46.839026215997592 ], [ -96.795996581778567, 46.797091399944804 ], [ -96.786647216187546, 46.64821566184375 ], [ -96.758198118422612, 46.590339683073466 ], [ -96.730858639840633, 46.472774981323113 ], [ -96.617430290787127, 46.327096264828413 ], [ -96.598566764676903, 46.271857004908696 ], [ -96.59190355641492, 46.227538155561803 ], [ -96.560845205620765, 46.138241277155402 ], [ -96.570480215753932, 46.019237366365758 ], [ -96.556401235724678, 45.942772519698877 ], [ -96.789355346173664, 45.942772519698877 ], [ -97.022314949786931, 45.942805478684505 ], [ -97.255274553400199, 45.942827451341572 ], [ -97.488228663849199, 45.942827451341572 ], [ -97.721188267462452, 45.942827451341572 ], [ -97.954142377911452, 45.942827451341572 ], [ -98.187101981524719, 45.942827451341572 ], [ -98.420061585137987, 45.942860410327228 ], [ -98.653015695586973, 45.942882382984294 ], [ -98.88597529920024, 45.942882382984294 ], [ -99.11892940964924, 45.942882382984294 ], [ -99.351889013262507, 45.942882382984294 ], [ -99.584848616875774, 45.942882382984294 ], [ -99.817802727324761, 45.942904355641389 ], [ -100.050762330938028, 45.942937314627017 ], [ -100.28374390720839, 45.942937314627017 ], [ -100.516725483478737, 45.942937314627017 ], [ -100.749685087092004, 45.942937314627017 ], [ -100.982644690705271, 45.942937314627017 ], [ -101.215598801154272, 45.942959287284111 ], [ -101.448558404767539, 45.942981259941206 ], [ -101.681512515216525, 45.942981259941206 ], [ -101.914472118829792, 45.942981259941206 ], [ -102.147426229278793, 45.942981259941206 ], [ -102.38038583289206, 45.942981259941206 ], [ -102.613345436505313, 45.943014218926834 ], [ -102.846299546954313, 45.943036191583928 ], [ -103.07925915056758, 45.943036191583928 ], [ -103.312213261016581, 45.943036191583928 ], [ -103.545172864629833, 45.943036191583928 ], [ -103.778132468243101, 45.943036191583928 ], [ -104.011086578692101, 45.943058164241023 ], [ -104.012481842417202, 46.133725896123792 ], [ -104.013877106142303, 46.324404614335094 ], [ -104.015272369867404, 46.515094318874958 ], [ -104.016640167771143, 46.705784023414822 ], [ -104.01801345883915, 46.896462741626124 ], [ -104.019408722564251, 47.087152446165987 ], [ -104.020803986289351, 47.277842150705851 ], [ -104.022199250014452, 47.468520868917182 ], [ -104.023594513739553, 47.659210573457017 ], [ -104.024962311643293, 47.849900277996881 ], [ -104.026330109547033, 48.040578996208211 ], [ -104.027725373272133, 48.231268700748075 ], [ -104.029120636997234, 48.421958405287938 ], [ -104.030515900722335, 48.61263712349924 ], [ -104.031911164447436, 48.803326828039104 ], [ -104.03392715573527, 48.993137626295436 ], [ -103.925563504140598, 48.993137626295436 ], [ -103.499178600179988, 48.993137626295436 ], [ -103.072799189383645, 48.993137626295436 ], [ -102.646414285423049, 48.993137626295436 ], [ -102.220034874626705, 48.993137626295436 ], [ -101.79364997066611, 48.993137626295436 ], [ -101.367270559869766, 48.993137626295436 ] ] ] ] } },
{ "type": "Feature", "properties": { "featurecla": "Admin-1 scale rank", "scalerank": 2, "adm1_code": "USA-3532", "diss_me": 3532, "iso_3166_2": "US-NE", "wikipedia": "http://en.wikipedia.org/wiki/Nebraska", "iso_a2": "US", "adm0_sr": 1, "name": "Nebraska", "name_alt": "NE|Nebr.", "name_local": null, "type": "State", "type_en": "State", "code_local": "US31", "code_hasc": "US.NE", "note": null, "hasc_maybe": null, "region": "Midwest", "region_cod": null, "provnum_ne": 0, "gadm_level": 1, "check_me": 20, "datarank": 1, "abbrev": "Nebr.", "postal": "NE", "area_sqkm": 0, "sameascity": -99, "labelrank": 0, "name_len": 8, "mapcolor9": 1, "mapcolor13": 1, "fips": "US31", "fips_alt": null, "woe_id": 2347586, "woe_label": "Nebraska, US, United States", "woe_name": "Nebraska", "latitude": 41.5002, "longitude": -99.6855, "sov_a3": "US1", "adm0_a3": "USA", "adm0_label": 2, "admin": "United States of America", "geonunit": "United States of America", "gu_a3": "USA", "gn_id": 5073708, "gn_name": "Nebraska", "gns_id": -1, "gns_name": null, "gn_level": 1, "gn_region": null, "gn_a1_code": "US.NE", "region_sub": "West North Central", "sub_code": null, "gns_level": -1, "gns_lang": null, "gns_adm1": null, "gns_region": null, "min_label": 3.5, "max_label": 7.5, "min_zoom": 2.0, "wikidataid": "Q1553", "name_ar": "نبراسكا", "name_bn": "নেব্রাস্কা", "name_de": "Nebraska", "name_en": "Nebraska", "name_es": "Nebraska", "name_fr": "Nebraska", "name_el": "Νεμπράσκα", "name_hi": "नेब्रास्का", "name_hu": "Nebraska", "name_id": "Nebraska", "name_it": "Nebraska", "name_ja": "ネブラスカ州", "name_ko": "네브래스카", "name_nl": "Nebraska", "name_pl": "Nebraska", "name_pt": "Nebraska", "name_ru": "Небраска", "name_sv": "Nebraska", "name_tr": "Nebraska", "name_vi": "Nebraska", "name_zh": "內布拉斯加州", "ne_id": 1159315363, "name_he": "נברסקה", "name_uk": "Небраска", "name_ur": "نیبراسکا", "name_fa": "نبراسکا", "name_zht": "內布拉斯加州", "FCLASS_ISO": null, "FCLASS_US": null, "FCLASS_FR": null, "FCLASS_RU": null, "FCLASS_ES": null, "FCLASS_CN": null, "FCLASS_TW": null, "FCLASS_IN": null, "FCLASS_NP": null, "FCLASS_PK": null, "FCLASS_DE": null, "FCLASS_GB": null, "FCLASS_BR": null, "FCLASS_IL": null, "FCLASS_PS": null, "FCLASS_SA": null, "FCLASS_EG": null, "FCLASS_MA": null, "FCLASS_PT": null, "FCLASS_AR": null, "FCLASS_JP": null, "FCLASS_KO": null, "FCLASS_VN": null, "FCLASS_TR": null, "FCLASS_ID": null, "FCLASS_PL": null, "FCLASS_GR": null, "FCLASS_IT": null, "FCLASS_NL": null, "FCLASS_SE": null, "FCLASS_BD": null, "FCLASS_UA": null, "FCLASS_TLC": null }, "geometry": { "type": "MultiPolygon", "coordinates": [ [ [ [ -102.024489212870364, 40.001124343824216 ], [ -102.024544144513087, 40.12608284468476 ], [ -102.02462104881289, 40.251008386559676 ], [ -102.024697953112707, 40.375933928434563 ], [ -102.024747391591148, 40.500892429295106 ], [ -102.024802323233871, 40.625817971170022 ], [ -102.024879227533674, 40.750743513044938 ], [ -102.024956131833491, 40.87569102757692 ], [ -102.025005570311933, 41.000627555780369 ], [ -102.274603968505232, 41.000649528437464 ], [ -102.524174900877171, 41.000704460080186 ], [ -102.773745833249109, 41.000726432737281 ], [ -103.023344231442408, 41.000748405394347 ], [ -103.272915163814346, 41.000781364379975 ], [ -103.522486096186284, 41.00080333703707 ], [ -103.772084494379584, 41.000836296022698 ], [ -104.021655426751522, 41.000858268679792 ], [ -104.022561798856401, 41.250918092671952 ], [ -104.023440705139933, 41.500977916664084 ], [ -104.024341584080545, 41.751048726984777 ], [ -104.025247956185439, 42.001130523634032 ], [ -104.026148835126051, 42.25122330661182 ], [ -104.027055207230944, 42.501283130603952 ], [ -104.027961579335823, 42.751342954596112 ], [ -104.02886245827645, 43.001402778588272 ], [ -103.682738177494727, 43.001402778588272 ], [ -103.336630376205832, 43.001380805931177 ], [ -102.99052806808119, 43.001358833274082 ], [ -102.6443982941352, 43.001358833274082 ], [ -102.298274013353492, 43.001358833274082 ], [ -101.952171705228849, 43.001325874288455 ], [ -101.606063903939955, 43.00130390163136 ], [ -101.259939623158232, 43.00130390163136 ], [ -100.913809849212242, 43.00130390163136 ], [ -100.567707541087614, 43.001281928974265 ], [ -100.221605232962986, 43.001248969988637 ], [ -99.875475459016997, 43.001248969988637 ], [ -99.529373150892368, 43.001248969988637 ], [ -99.183270842767726, 43.001248969988637 ], [ -98.837141068821737, 43.001248969988637 ], [ -98.441765077176839, 43.001095161389031 ], [ -98.143283010126595, 42.852263368602166 ], [ -97.964947432034563, 42.805868103160464 ], [ -97.880918498165059, 42.84958270443741 ], [ -97.69813895017694, 42.874642519846503 ], [ -97.416658226548691, 42.881003604073527 ], [ -97.238789567419786, 42.860536073995888 ], [ -97.164478041147518, 42.813195984299369 ], [ -97.019733162579072, 42.760175962745564 ], [ -96.804527465893059, 42.701421077691748 ], [ -96.675542475621114, 42.637601495179098 ], [ -96.632778191763222, 42.568673269893452 ], [ -96.557950308049385, 42.524793873688338 ], [ -96.480952624448094, 42.511258716921986 ], [ -96.451003892836894, 42.505985279220823 ], [ -96.383751082654214, 42.417776047340283 ], [ -96.356103986872995, 42.260133219061061 ], [ -96.295333110531345, 42.132911534520446 ], [ -96.201383521986514, 42.036121980046971 ], [ -96.154202734053897, 41.965293119923189 ], [ -96.153763280912131, 41.92043594047766 ], [ -96.131230321068188, 41.872436671068499 ], [ -96.08663681350771, 41.821372215995552 ], [ -96.068806002280638, 41.734327534940689 ], [ -96.077770846372616, 41.611280655246816 ], [ -96.058627168884541, 41.545780164466919 ], [ -96.011396942473468, 41.537880994243721 ], [ -95.990956878217176, 41.520489636158402 ], [ -95.997367400922656, 41.493639049196645 ], [ -95.981580046804794, 41.473797739845992 ], [ -95.94356735004223, 41.460932749120872 ], [ -95.932976529325714, 41.425457894251991 ], [ -95.949719694026925, 41.367428106882073 ], [ -95.9360252354967, 41.330986455101311 ], [ -95.891942592213525, 41.316165897895331 ], [ -95.883625941505642, 41.28755749836651 ], [ -95.911168667165697, 41.245183229171914 ], [ -95.906905971690577, 41.211949585326039 ], [ -95.870887293558766, 41.1878236078432 ], [ -95.846596521147774, 41.080333369367793 ], [ -95.834017174964785, 40.889489856228295 ], [ -95.838148034497365, 40.777747908606301 ], [ -95.859000086074047, 40.745107526501812 ], [ -95.82610701841304, 40.676179301216138 ], [ -95.765028524872136, 40.601867774943884 ], [ -95.739551228978385, 40.570853369463919 ], [ -95.684696490557712, 40.466362398681014 ], [ -95.661570268972397, 40.362761320510202 ], [ -95.607105545215035, 40.295470058177614 ], [ -95.521219921821583, 40.264576502311627 ], [ -95.463651560250511, 40.198065269305687 ], [ -95.434296090380698, 40.095980304473954 ], [ -95.362467474359406, 40.010319900815631 ], [ -95.34668012024153, 40.001486892666179 ], [ -95.526905346843151, 40.001124343824216 ], [ -95.736502522807399, 40.001124343824216 ], [ -95.946099698771647, 40.001124343824216 ], [ -96.155702367900162, 40.001124343824216 ], [ -96.36529954386441, 40.001124343824216 ], [ -96.574902212992924, 40.001124343824216 ], [ -96.784499388957173, 40.001124343824216 ], [ -96.994102058085701, 40.001124343824216 ], [ -97.203699234049949, 40.001124343824216 ], [ -97.413296410014198, 40.001124343824216 ], [ -97.622899079142712, 40.001124343824216 ], [ -97.83249625510696, 40.001124343824216 ], [ -98.042098924235475, 40.001124343824216 ], [ -98.251696100199723, 40.001124343824216 ], [ -98.461298769328252, 40.001124343824216 ], [ -98.6708959452925, 40.001124343824216 ], [ -98.880498614421015, 40.001124343824216 ], [ -99.090095790385263, 40.001124343824216 ], [ -99.299692966349511, 40.001124343824216 ], [ -99.509295635478026, 40.001124343824216 ], [ -99.718892811442274, 40.001124343824216 ], [ -99.928495480570803, 40.001124343824216 ], [ -100.138092656535051, 40.001124343824216 ], [ -100.347695325663565, 40.001124343824216 ], [ -100.557292501627813, 40.001124343824216 ], [ -100.766895170756328, 40.001124343824216 ], [ -100.976492346720576, 40.001124343824216 ], [ -101.186089522684824, 40.001124343824216 ], [ -101.395692191813353, 40.001124343824216 ], [ -101.605289367777601, 40.001124343824216 ], [ -101.814892036906116, 40.001124343824216 ], [ -102.024489212870364, 40.001124343824216 ] ] ] ] } },
{ "type": "Feature", "properties": { "featurecla": "Admin-1 scale rank", "scalerank": 2, "adm1_code": "USA-3550", "diss_me": 3550, "iso_3166_2": "US-OH", "wikipedia": "http://en.wikipedia.org/wiki/Ohio", "iso_a2": "US", "adm0_sr": 1, "name": "Ohio", "name_alt": "OH|Ohio", "name_local": null, "type": "State", "type_en": "State", "code_local": "US39", "code_hasc": "US.OH", "note": null, "hasc_maybe": null, "region": "Midwest", "region_cod": null, "provnum_ne": 0, "gadm_level": 1, "check_me": 20, "datarank": 1, "abbrev": "Ohio", "postal": "OH", "area_sqkm": 0, "sameascity": -99, "labelrank": 0, "name_len": 4, "mapcolor9": 1, "mapcolor13": 1, "fips": "US39", "fips_alt": null, "woe_id": 2347594, "woe_label": "Ohio, US, United States", "woe_name": "Ohio", "latitude": 40.0924, "longitude": -82.6719, "sov_a3": "US1", "adm0_a3": "USA", "adm0_label": 2, "admin": "United States of America", "geonunit": "United States of America", "gu_a3": "USA", "gn_id": 5165418, "gn_name": "Ohio", "gns_id": -1, "gns_name": null, "gn_level": 1, "gn_region": null, "gn_a1_code": "US.OH", "region_sub": "East North Central", "sub_code": null, "gns_level": -1, "gns_lang": null, "gns_adm1": null, "gns_region": null, "min_label": 3.5, "max_label": 7.5, "min_zoom": 2.0, "wikidataid": "Q1397", "name_ar": "أوهايو", "name_bn": "ওহাইও", "name_de": "Ohio", "name_en": "Ohio", "name_es": "Ohio", "name_fr": "Ohio", "name_el": "Οχάιο", "name_hi": "ओहायो", "name_hu": "Ohio", "name_id": "Ohio", "name_it": "Ohio", "name_ja": "オハイオ州", "name_ko": "오하이오", "name_nl": "Ohio", "name_pl": "Ohio", "name_pt": "Ohio", "name_ru": "Огайо", "name_sv": "Ohio", "name_tr": "Ohio", "name_vi": "Ohio", "name_zh": "俄亥俄州", "ne_id": 1159315315, "name_he": "אוהיו", "name_uk": "Огайо", "name_ur": "اوہائیو", "name_fa": "اوهایو", "name_zht": "俄亥俄州", "FCLASS_ISO": null, "FCLASS_US": null, "FCLASS_FR": null, "FCLASS_RU": null, "FCLASS_ES": null, "FCLASS_CN": null, "FCLASS_TW": null, "FCLASS_IN": null, "FCLASS_NP": null, "FCLASS_PK": null, "FCLASS_DE": null, "FCLASS_GB": null, "FCLASS_BR": null, "FCLASS_IL": null, "FCLASS_PS": null, "FCLASS_SA": null, "FCLASS_EG": null, "FCLASS_MA": null, "FCLASS_PT": null, "FCLASS_AR": null, "FCLASS_JP": null, "FCLASS_KO": null, "FCLASS_VN": null, "FCLASS_TR": null, "FCLASS_ID": null, "FCLASS_PL": null, "FCLASS_GR": null, "FCLASS_IT": null, "FCLASS_NL": null, "FCLASS_SE": null, "FCLASS_BD": null, "FCLASS_UA": null, "FCLASS_TLC": null }, "geometry": { "type": "MultiPolygon", "coordinates": [ [ [ [ -80.520278187471689, 41.905923000470892 ], [ -80.520278187471689, 41.801069480846053 ], [ -80.520278187471689, 41.696237933878308 ], [ -80.520278187471689, 41.591417373239096 ], [ -80.520278187471689, 41.486563853614257 ], [ -80.520278187471689, 41.381710333989389 ], [ -80.520278187471689, 41.27685681436455 ], [ -80.520278187471689, 41.172014281068243 ], [ -80.520278187471689, 41.067182734100498 ], [ -80.520278187471689, 40.962362173461287 ], [ -80.520278187471689, 40.857508653836447 ], [ -80.520278187471689, 40.752655134211608 ], [ -80.519080677660384, 40.646955667288864 ], [ -80.637524285694269, 40.603263038668985 ], [ -80.659046503312155, 40.562976171897787 ], [ -80.623187126944231, 40.511560154311439 ], [ -80.604092887934584, 40.445202729905105 ], [ -80.601818717925966, 40.363892912350252 ], [ -80.668275019289197, 40.185244223894728 ], [ -80.803516723667002, 39.909135814924525 ], [ -80.872192263396144, 39.735507878613646 ], [ -80.874312624805157, 39.664294496990806 ], [ -80.963290899683784, 39.571130430936876 ], [ -81.139127088032026, 39.455993707794761 ], [ -81.262503557582207, 39.386538138738985 ], [ -81.333354390363084, 39.362818655412298 ], [ -81.39241689261614, 39.364829153535851 ], [ -81.4396471190272, 39.392558646781168 ], [ -81.492722072223728, 39.373618216371142 ], [ -81.551630765877164, 39.308040821291428 ], [ -81.606463531640742, 39.274137011404349 ], [ -81.657209383185915, 39.271972704681161 ], [ -81.700594394606554, 39.229466599544054 ], [ -81.736662511216821, 39.146629682321588 ], [ -81.770665198060797, 39.098828166826223 ], [ -81.802602455138469, 39.086062053057987 ], [ -81.804953529446905, 39.044050332705382 ], [ -81.777685462000463, 38.972793005768381 ], [ -81.780124426937263, 38.946975133689733 ], [ -81.795032874771593, 38.945942418806595 ], [ -81.809337074536003, 38.950029333025014 ], [ -81.843757241864651, 38.934318883206942 ], [ -81.882440104668419, 38.894218784021007 ], [ -81.896678386461559, 38.893548617979803 ], [ -81.907368084134973, 38.900239292063162 ], [ -81.918530193935766, 38.952347448347808 ], [ -81.949797284972263, 38.989327430227235 ], [ -82.001092452944647, 39.011102333401624 ], [ -82.072272875581831, 38.962949255392857 ], [ -82.163327566555296, 38.844912141515096 ], [ -82.203526542698143, 38.768227568277325 ], [ -82.187640311623383, 38.715207546723519 ], [ -82.180070731256492, 38.637589135559494 ], [ -82.20249382781499, 38.605838646067042 ], [ -82.252316827762471, 38.594083274524877 ], [ -82.290867854623698, 38.552016622529521 ], [ -82.318146908398688, 38.47967164906666 ], [ -82.387064147355801, 38.433990494980321 ], [ -82.497542667195219, 38.414973160270478 ], [ -82.612778267294232, 38.448217790444914 ], [ -82.621281685587363, 38.450678728038781 ], [ -82.758226270889509, 38.541162129927955 ], [ -82.844622758560277, 38.627668480884154 ], [ -82.880438189614026, 38.71025271255013 ], [ -83.000068321130669, 38.713999050583652 ], [ -83.203469207796047, 38.638907494984778 ], [ -83.356970190214156, 38.627404808999103 ], [ -83.460582254713515, 38.679501978955216 ], [ -83.538387433462788, 38.699859645747409 ], [ -83.616313461826053, 38.682775904861359 ], [ -83.689877917757315, 38.649531274686922 ], [ -83.752269277559236, 38.669372584037546 ], [ -83.828085930842036, 38.731225613740804 ], [ -83.948386228399883, 38.774226103662386 ], [ -84.113236088204033, 38.798385040130853 ], [ -84.227285164820287, 38.865203890336034 ], [ -84.290434581291734, 38.974704626935051 ], [ -84.358022474495016, 39.049917032147931 ], [ -84.430059830758651, 39.090896037617398 ], [ -84.508864765405434, 39.102838176744825 ], [ -84.594547141720838, 39.085776408515841 ], [ -84.660542017285223, 39.09446659439422 ], [ -84.706948269055474, 39.128908734379962 ], [ -84.765900908023085, 39.124997601418272 ], [ -84.821711457027092, 39.091983684143258 ], [ -84.820140412045291, 39.423825737817651 ], [ -84.81670169121098, 39.749196843979576 ], [ -84.813262970376684, 40.074556963812967 ], [ -84.809835235870921, 40.399939056303424 ], [ -84.806396515036624, 40.725321148793881 ], [ -84.802957794202328, 41.050670282298711 ], [ -84.79955203235366, 41.376052374789197 ], [ -84.796113311519349, 41.701434467279654 ], [ -84.463128679676373, 41.710937641470309 ], [ -84.13015503416193, 41.720451801989498 ], [ -83.797181388647502, 41.729954976180125 ], [ -83.46766019066024, 41.739348434065931 ], [ -83.467476172984078, 41.739217175484299 ], [ -83.473061631673716, 41.734929210557254 ], [ -83.450324870542786, 41.739721149301602 ], [ -83.447027271235243, 41.735791634313699 ], [ -83.461749017732501, 41.702286018837441 ], [ -83.451791436911861, 41.695079952959169 ], [ -83.439210339384843, 41.697002896122868 ], [ -83.431076396194982, 41.690502486721861 ], [ -83.374932750461809, 41.683684140228763 ], [ -83.347024282693084, 41.687253220531652 ], [ -83.338040065705485, 41.69241530776867 ], [ -83.338113931046777, 41.703181336162174 ], [ -83.333253491827733, 41.701518432843514 ], [ -83.229910254029548, 41.645058396751324 ], [ -83.243143666126343, 41.641335876829267 ], [ -83.240583822576269, 41.633060140760001 ], [ -83.214554970549301, 41.635242312459141 ], [ -83.129260368768996, 41.611887702193457 ], [ -83.09448208294252, 41.610026354723757 ], [ -83.054499117801029, 41.584955565961351 ], [ -83.011347565521163, 41.542412377509038 ], [ -82.949112485196991, 41.519251153785106 ], [ -82.936584282894231, 41.508981942728155 ], [ -82.892758762781909, 41.519395586596687 ], [ -82.875156759983284, 41.52357060371645 ], [ -82.851793946584067, 41.550666458081984 ], [ -82.854710528545837, 41.576359961941712 ], [ -82.835854568656288, 41.5840643922064 ], [ -82.83134425895588, 41.592006368568384 ], [ -82.815287225749742, 41.56700614567486 ], [ -82.826437002846603, 41.551390154076948 ], [ -82.83912780394634, 41.545421133326066 ], [ -82.830484191312522, 41.538406255940409 ], [ -82.834246591906762, 41.534805427886454 ], [ -82.863924627134622, 41.521555987672826 ], [ -82.82641112123622, 41.531696604311691 ], [ -82.818341661297012, 41.556753174943097 ], [ -82.804203024732189, 41.559949354093064 ], [ -82.776235617751752, 41.536120262173533 ], [ -82.799482179985148, 41.544527502155987 ], [ -82.811403162697189, 41.533508286714458 ], [ -82.804566579442593, 41.527439206128925 ], [ -82.746188926190072, 41.54086897843861 ], [ -82.711825601782408, 41.537062110788106 ], [ -82.707295775965363, 41.528791751166082 ], [ -82.706631976401809, 41.527579584085807 ], [ -82.713257738823103, 41.51075063811728 ], [ -82.706919587950196, 41.498960492321686 ], [ -82.709148941577311, 41.496023581711441 ], [ -82.720200799892751, 41.503315914668903 ], [ -82.744812770730604, 41.506264427896816 ], [ -82.758160208428563, 41.498483482010094 ], [ -82.799575103962098, 41.500563059816187 ], [ -82.815365773694637, 41.492588565300622 ], [ -82.839297981691402, 41.498023867922917 ], [ -82.88483050739174, 41.484342481167218 ], [ -82.937225816396563, 41.486093386671428 ], [ -82.957159369952507, 41.482055563671047 ], [ -82.969199037324202, 41.465296821415571 ], [ -82.976594687712748, 41.462436664776391 ], [ -82.975094365899324, 41.450276482473377 ], [ -82.96575492382253, 41.446240498080201 ], [ -82.950547178618038, 41.423339348615798 ], [ -82.933710156236202, 41.415291246118208 ], [ -82.921853226195921, 41.414646532972839 ], [ -82.868149114549709, 41.439199944623297 ], [ -82.853552553015845, 41.438272489778058 ], [ -82.836883494889591, 41.445552587347187 ], [ -82.822087934355253, 41.461562620927985 ], [ -82.811116173694714, 41.46160839427683 ], [ -82.803260953516698, 41.469258850412508 ], [ -82.78781254788025, 41.466249588241574 ], [ -82.761834269066426, 41.448861843657156 ], [ -82.742754532663525, 41.445097446100462 ], [ -82.726609999427836, 41.44481544015381 ], [ -82.697956187370778, 41.454842143268721 ], [ -82.684402153904571, 41.450021821648576 ], [ -82.662734309164819, 41.451002357940148 ], [ -82.659156980419539, 41.448649326811143 ], [ -82.664805905122918, 41.443485180974228 ], [ -82.646619174648492, 41.440636895644118 ], [ -82.649857740177865, 41.434744546807138 ], [ -82.585530310137926, 41.409050411095443 ], [ -82.667853736204933, 41.462313842992593 ], [ -82.689801536979431, 41.481256948771637 ], [ -82.679261772179856, 41.486561872126778 ], [ -82.643392070337484, 41.455461375838773 ], [ -82.571645186627435, 41.405583341178641 ], [ -82.554723606816026, 41.401597321645554 ], [ -82.52931737021548, 41.38759777154285 ], [ -82.489377242948763, 41.380632481356955 ], [ -82.445278782463234, 41.38822756341667 ], [ -82.404010006714074, 41.409830004537788 ], [ -82.337570846402514, 41.427686213308384 ], [ -82.297415025535457, 41.426140820666653 ], [ -82.261494698679087, 41.433380757281491 ], [ -82.168068971831246, 41.476424918162415 ], [ -82.020983652734856, 41.515367981257981 ], [ -81.982210105664052, 41.516035219437541 ], [ -81.939675240189331, 41.497812467794077 ], [ -81.916397070010632, 41.493112610325277 ], [ -81.865216859988067, 41.491822873883962 ], [ -81.803066307604027, 41.503514595703159 ], [ -81.737984766041507, 41.492638234000218 ], [ -81.691511893905243, 41.514076332835515 ], [ -81.689719031766714, 41.519752582471526 ], [ -81.641873452813414, 41.537238688766578 ], [ -81.588122436388232, 41.568740093661219 ], [ -81.586482178418677, 41.577174091037776 ], [ -81.577890326355998, 41.578078156578464 ], [ -81.543678569916722, 41.60850349175125 ], [ -81.494330306610678, 41.629323836023815 ], [ -81.456456449046271, 41.664201307062861 ], [ -81.395845861628231, 41.705731104415378 ], [ -81.290113426081362, 41.764198063648649 ], [ -81.262608964707596, 41.762893683040247 ], [ -81.244335887114303, 41.766456315567773 ], [ -81.071133235867634, 41.836138224444007 ], [ -80.999627705028288, 41.857168052426303 ], [ -80.893399882012091, 41.872624780183791 ], [ -80.792605070222706, 41.913388273163292 ], [ -80.779183863231708, 41.911770889205307 ], [ -80.702642722355435, 41.926712465018895 ], [ -80.644855421822228, 41.945720824451513 ], [ -80.642065461609349, 41.945158235164875 ], [ -80.62543779536945, 41.941803168225476 ], [ -80.593630452910602, 41.948665873771553 ], [ -80.520278187471689, 41.974898198591788 ], [ -80.520278187471689, 41.905923000470892 ] ] ], [ [ [ -83.42610317017828, 41.762829303152643 ], [ -83.421314326389748, 41.736196525694687 ], [ -83.428883987993771, 41.740400398985152 ], [ -83.43350782456352, 41.758284268824454 ], [ -83.42610317017828, 41.762829303152643 ] ] ], [ [ [ -82.818921926945393, 41.72348536705195 ], [ -82.814000659533306, 41.724320781551363 ], [ -82.808545245590452, 41.722394391766642 ], [ -82.805912861401964, 41.718457672178467 ], [ -82.806942824410569, 41.714581983859027 ], [ -82.800190227304142, 41.704850793400297 ], [ -82.802662288434533, 41.704202305567541 ], [ -82.808377108550857, 41.707505803022222 ], [ -82.823987794444164, 41.707307456352247 ], [ -82.826635440818819, 41.710786412104021 ], [ -82.818921926945393, 41.72348536705195 ] ] ], [ [ [ -82.811054834399002, 41.689458691529744 ], [ -82.801891416245027, 41.688844497886151 ], [ -82.783602842560171, 41.697011630466221 ], [ -82.776255313960604, 41.697114607714902 ], [ -82.774782741027323, 41.69525685817058 ], [ -82.78227518188713, 41.690347402004278 ], [ -82.790873969508993, 41.689119111983494 ], [ -82.794665927844179, 41.685060326828982 ], [ -82.797374376428351, 41.67640106312988 ], [ -82.802470953523695, 41.669389754760353 ], [ -82.808002518285733, 41.66856582762388 ], [ -82.813885440747342, 41.686757931195011 ], [ -82.811054834399002, 41.689458691529744 ] ] ], [ [ [ -82.795306670534131, 41.663541852574042 ], [ -82.790461820844001, 41.662088440926595 ], [ -82.788981701237702, 41.660459580034697 ], [ -82.793727597755279, 41.655042833181035 ], [ -82.796703461515875, 41.647535653421521 ], [ -82.80914787396658, 41.640184955237757 ], [ -82.826132335801901, 41.623980546986701 ], [ -82.836218980802883, 41.623919610769015 ], [ -82.83858416290586, 41.626475432144133 ], [ -82.838324724387164, 41.626956071946765 ], [ -82.834066930932735, 41.634646319173001 ], [ -82.838896126527828, 41.64732232642028 ], [ -82.822117907554983, 41.656435391668978 ], [ -82.816464433270525, 41.651300854192243 ], [ -82.809445059222625, 41.65095366683807 ], [ -82.806240382939478, 41.655939368195156 ], [ -82.795306670534131, 41.663541852574042 ] ] ], [ [ [ -82.667045077541815, 41.620535071278915 ], [ -82.666183329853908, 41.618688817746211 ], [ -82.673668107115049, 41.60439538067309 ], [ -82.673394380717241, 41.593855455012793 ], [ -82.681229727088763, 41.58758415191943 ], [ -82.690538937273189, 41.582941899852621 ], [ -82.694193099763368, 41.583235740919079 ], [ -82.707079561577956, 41.591021457050836 ], [ -82.712007897603968, 41.591269330186009 ], [ -82.714090613351047, 41.591376124413195 ], [ -82.720361539118159, 41.595835326773056 ], [ -82.726442895730585, 41.596857612524971 ], [ -82.729410326609994, 41.599657518852453 ], [ -82.728418863914825, 41.602160125836569 ], [ -82.720461446334156, 41.602480542078588 ], [ -82.714914081777607, 41.614061689182911 ], [ -82.709359453608087, 41.615797229867745 ], [ -82.704194587646811, 41.614786655971066 ], [ -82.692154220205481, 41.609075694055342 ], [ -82.685150909180749, 41.608267312816963 ], [ -82.680519756540448, 41.609785321126097 ], [ -82.671027596372824, 41.620149598199241 ], [ -82.667045077541815, 41.620535071278915 ] ] ] ] } },
{ "type": "Feature", "properties": { "featurecla": "Admin-1 scale rank", "scalerank": 2, "adm1_code": "USA-3534", "diss_me": 3534, "iso_3166_2": "US-SD", "wikipedia": "http://en.wikipedia.org/wiki/South_Dakota", "iso_a2": "US", "adm0_sr": 1, "name": "South Dakota", "name_alt": "SD|S.D.", "name_local": null, "type": "State", "type_en": "State", "code_local": "US46", "code_hasc": "US.SD", "note": null, "hasc_maybe": null, "region": "Midwest", "region_cod": null, "provnum_ne": 0, "gadm_level": 1, "check_me": 20, "datarank": 1, "abbrev": "S.D.", "postal": "SD", "area_sqkm": 0, "sameascity": -99, "labelrank": 0, "name_len": 12, "mapcolor9": 1, "mapcolor13": 1, "fips": "US46", "fips_alt": null, "woe_id": 2347600, "woe_label": "South Dakota, US, United States", "woe_name": "South Dakota", "latitude": 44.4711, "longitude": -100.255, "sov_a3": "US1", "adm0_a3": "USA", "adm0_label": 2, "admin": "United States of America", "geonunit": "United States of America", "gu_a3": "USA", "gn_id": 5769223, "gn_name": "South Dakota", "gns_id": -1, "gns_name": null, "gn_level": 1, "gn_region": null, "gn_a1_code": "US.SD", "region_sub": "West North Central", "sub_code": null, "gns_level": -1, "gns_lang": null, "gns_adm1": null, "gns_region": null, "min_label": 3.5, "max_label": 7.5, "min_zoom": 2.0, "wikidataid": "Q1211", "name_ar": "داكوتا الجنوبية", "name_bn": "দক্ষিণ ডাকোটা", "name_de": "South Dakota", "name_en": "South Dakota", "name_es": "Dakota del Sur", "name_fr": "Dakota du Sud", "name_el": "Νότια Ντακότα", "name_hi": "दक्षिण डकोटा", "name_hu": "Dél-Dakota", "name_id": "Dakota Selatan", "name_it": "Dakota del Sud", "name_ja": "サウスダコタ州", "name_ko": "사우스다코타", "name_nl": "South Dakota", "name_pl": "Dakota Południowa", "name_pt": "Dakota do Sul", "name_ru": "Южная Дакота", "name_sv": "South Dakota", "name_tr": "Güney Dakota", "name_vi": "Nam Dakota", "name_zh": "南达科他州", "ne_id": 1159315367, "name_he": "דקוטה הדרומית", "name_uk": "Південна Дакота", "name_ur": "جنوبی ڈکوٹا", "name_fa": "داکوتای جنوبی", "name_zht": "南達科他州", "FCLASS_ISO": null, "FCLASS_US": null, "FCLASS_FR": null, "FCLASS_RU": null, "FCLASS_ES": null, "FCLASS_CN": null, "FCLASS_TW": null, "FCLASS_IN": null, "FCLASS_NP": null, "FCLASS_PK": null, "FCLASS_DE": null, "FCLASS_GB": null, "FCLASS_BR": null, "FCLASS_IL": null, "FCLASS_PS": null, "FCLASS_SA": null, "FCLASS_EG": null, "FCLASS_MA": null, "FCLASS_PT": null, "FCLASS_AR": null, "FCLASS_JP": null, "FCLASS_KO": null, "FCLASS_VN": null, "FCLASS_TR": null, "FCLASS_ID": null, "FCLASS_PL": null, "FCLASS_GR": null, "FCLASS_IT": null, "FCLASS_NL": null, "FCLASS_SE": null, "FCLASS_BD": null, "FCLASS_UA": null, "FCLASS_TLC": null }, "geometry": { "type": "MultiPolygon", "coordinates": [ [ [ [ -96.453618639030395, 43.501170864059162 ], [ -96.598621696319626, 43.497501430325428 ], [ -96.581285269877043, 43.434923302938245 ], [ -96.541646596489954, 43.373454794734045 ], [ -96.534955922406596, 43.338056844164981 ], [ -96.542525502773486, 43.309030964151475 ], [ -96.569941885655268, 43.283322955358301 ], [ -96.563454458649986, 43.242684526073674 ], [ -96.555390493498621, 43.231676224872501 ], [ -96.490280017382034, 43.205528762937547 ], [ -96.468137072201415, 43.170229689325367 ], [ -96.461292589518436, 43.12976704129747 ], [ -96.462687853243537, 43.099181102630723 ], [ -96.50211229322403, 43.043293649326898 ], [ -96.513274403024823, 42.969059027354433 ], [ -96.562575552366454, 42.858569521186467 ], [ -96.616084465540467, 42.791388122139352 ], [ -96.62683458802087, 42.757000913796332 ], [ -96.621769890562035, 42.729535092436095 ], [ -96.538702260440132, 42.658585382698305 ], [ -96.533610097159951, 42.630163750754747 ], [ -96.50632555022068, 42.593579276702911 ], [ -96.480952624448094, 42.511258716921986 ], [ -96.557950308049385, 42.524793873688338 ], [ -96.632778191763222, 42.568673269893452 ], [ -96.675542475621114, 42.637601495179098 ], [ -96.804527465893059, 42.701421077691748 ], [ -97.019733162579072, 42.760175962745564 ], [ -97.164478041147518, 42.813195984299369 ], [ -97.238789567419786, 42.860536073995888 ], [ -97.416658226548691, 42.881003604073527 ], [ -97.69813895017694, 42.874642519846503 ], [ -97.880918498165059, 42.84958270443741 ], [ -97.964947432034563, 42.805868103160464 ], [ -98.143283010126595, 42.852263368602166 ], [ -98.441765077176839, 43.001095161389031 ], [ -98.837141068821737, 43.001248969988637 ], [ -99.183270842767726, 43.001248969988637 ], [ -99.529373150892368, 43.001248969988637 ], [ -99.875475459016997, 43.001248969988637 ], [ -100.221605232962986, 43.001248969988637 ], [ -100.567707541087614, 43.001281928974265 ], [ -100.913809849212242, 43.00130390163136 ], [ -101.259939623158232, 43.00130390163136 ], [ -101.606063903939955, 43.00130390163136 ], [ -101.952171705228849, 43.001325874288455 ], [ -102.298274013353492, 43.001358833274082 ], [ -102.6443982941352, 43.001358833274082 ], [ -102.99052806808119, 43.001358833274082 ], [ -103.336630376205832, 43.001380805931177 ], [ -103.682738177494727, 43.001402778588272 ], [ -104.02886245827645, 43.001402778588272 ], [ -104.029895173159588, 43.25136372562352 ], [ -104.030955353864101, 43.501324672658768 ], [ -104.0320155345686, 43.751285619694016 ], [ -104.033048249451753, 44.001268539386359 ], [ -104.03408096433489, 44.251251459078702 ], [ -104.035119172382309, 44.50121240611395 ], [ -104.036151887265447, 44.751173353149227 ], [ -104.037212067969961, 45.001134300184475 ], [ -104.029279938761121, 45.001079368541753 ], [ -104.021347809552282, 45.001057395884658 ], [ -104.013415680343442, 45.00102443689903 ], [ -104.005478057970336, 45.000969505256307 ], [ -104.005302276713635, 45.004100608891378 ], [ -104.005142974949749, 45.007231712526448 ], [ -104.004961700528767, 45.010351829832956 ], [ -104.004780426107786, 45.013482933468026 ], [ -104.006356964253868, 45.245865754832721 ], [ -104.00793350239995, 45.478259562525977 ], [ -104.009510040546019, 45.710642383890672 ], [ -104.011086578692101, 45.943058164241023 ], [ -103.778132468243101, 45.943036191583928 ], [ -103.545172864629833, 45.943036191583928 ], [ -103.312213261016581, 45.943036191583928 ], [ -103.07925915056758, 45.943036191583928 ], [ -102.846299546954313, 45.943036191583928 ], [ -102.613345436505313, 45.943014218926834 ], [ -102.38038583289206, 45.942981259941206 ], [ -102.147426229278793, 45.942981259941206 ], [ -101.914472118829792, 45.942981259941206 ], [ -101.681512515216525, 45.942981259941206 ], [ -101.448558404767539, 45.942981259941206 ], [ -101.215598801154272, 45.942959287284111 ], [ -100.982644690705271, 45.942937314627017 ], [ -100.749685087092004, 45.942937314627017 ], [ -100.516725483478737, 45.942937314627017 ], [ -100.28374390720839, 45.942937314627017 ], [ -100.050762330938028, 45.942937314627017 ], [ -99.817802727324761, 45.942904355641389 ], [ -99.584848616875774, 45.942882382984294 ], [ -99.351889013262507, 45.942882382984294 ], [ -99.11892940964924, 45.942882382984294 ], [ -98.88597529920024, 45.942882382984294 ], [ -98.653015695586973, 45.942882382984294 ], [ -98.420061585137987, 45.942860410327228 ], [ -98.187101981524719, 45.942827451341572 ], [ -97.954142377911452, 45.942827451341572 ], [ -97.721188267462452, 45.942827451341572 ], [ -97.488228663849199, 45.942827451341572 ], [ -97.255274553400199, 45.942827451341572 ], [ -97.022314949786931, 45.942805478684505 ], [ -96.789355346173664, 45.942772519698877 ], [ -96.556401235724678, 45.942772519698877 ], [ -96.591052115952749, 45.84326934207499 ], [ -96.614689201815366, 45.799972221282701 ], [ -96.662671991731699, 45.755653371935836 ], [ -96.813618652763296, 45.659182420990135 ], [ -96.851060060441583, 45.626003708786953 ], [ -96.845451539719818, 45.59586820959052 ], [ -96.814909546367232, 45.557427046014737 ], [ -96.737527341266897, 45.467844523066162 ], [ -96.696108882655665, 45.431776406455896 ], [ -96.529759389005235, 45.371549353377191 ], [ -96.453668077508837, 45.29733670406182 ], [ -96.453668077508837, 45.072809107606133 ], [ -96.453668077508837, 44.848292497479008 ], [ -96.453668077508837, 44.623786873680416 ], [ -96.453640611687476, 44.399259277224758 ], [ -96.453618639030395, 44.174720694440538 ], [ -96.453618639030395, 43.950215070641946 ], [ -96.453618639030395, 43.72569846051482 ], [ -96.453618639030395, 43.501170864059162 ] ] ] ] } }
]
}
