{"type":"Topology","arcs":[[[8591,21],[-116,2],[-81,-2]],[[8394,21],[24,33],[173,-33]],[[7515,42],[-49,1]],[[7466,43],[63,39]],[[7529,82],[-14,-40]],[[10125,7],[-72,-1]],[[10053,6],[32,69]],[[10085,75],[40,-68]],[[6653,44],[-129,4]],[[6524,48],[-31,83],[160,-87]],[[11826,1],[-267,1]],[[11559,2],[100,52],[-64,48]],[[11595,102],[-26,115]],[[11569,217],[28,-60]],[[11597,157],[86,-86],[101,-21]],[[11784,50],[15,-11]],[[11799,39],[5,-18],[0,12]],[[11804,33],[22,-32]],[[9232,8],[-112,3]],[[9120,11],[-34,227],[84,43]],[[9170,281],[-6,-243],[13,234]],[[9177,272],[55,-264]],[[12061,392],[14,-240]],[[12075,152],[1,-97]],[[12076,55],[-9,-55]],[[12067,0],[-217,0]],[[11850,0],[-14,107]],[[11836,107],[172,203],[41,-216],[12,194],[-88,90]],[[11973,378],[23,80]],[[11996,458],[49,-70],[16,4]],[[6358,49],[-33,0],[-398,1]],[[5927,50],[-46,74],[126,64],[-83,69],[61,152],[-100,119],[31,162],[102,-126],[119,8],[41,-157],[162,-113],[-47,-53],[90,-74],[-213,46],[188,-172]],[[12124,664],[-19,-68]],[[12105,596],[-62,42]],[[12043,638],[8,7],[-8,-4]],[[12043,641],[-31,63]],[[12012,704],[60,23]],[[12072,727],[12,-17]],[[12084,710],[40,-46]],[[4314,969],[-6,9]],[[4308,978],[4,-1],[2,-8]],[[4158,2274],[4,9]],[[4162,2283],[12,-2],[-8,13]],[[4166,2294],[8,17]],[[4174,2311],[7,5],[2,9]],[[4183,2325],[18,26]],[[4201,2351],[5,-4]],[[4206,2347],[-36,-80]],[[4170,2267],[-12,7]],[[3934,3165],[-4,7],[0,7]],[[3930,3179],[0,-1],[4,-13]],[[3930,3186],[0,16],[5,12]],[[3935,3214],[3,-16],[-8,-12]],[[3939,3223],[17,36],[1,7]],[[3957,3266],[4,-28],[-22,-15]],[[3959,3275],[4,29],[1,38]],[[3964,3342],[3,-80],[-8,13]],[[3912,3512],[6,22],[10,20]],[[3928,3554],[-3,-17],[-13,-25]],[[2272,6100],[-2,2]],[[2270,6102],[8,6]],[[2278,6108],[-6,-8]],[[955,6861],[-4,0],[-14,-4]],[[937,6857],[37,23],[-19,-19]],[[892,6870],[-20,7],[-7,0]],[[865,6877],[16,0],[11,-7]],[[834,6866],[-31,21]],[[803,6887],[2,10],[-1,6]],[[804,6903],[-15,37]],[[789,6940],[45,-74]],[[11748,6736],[157,258],[208,108]],[[12113,7102],[-3,-30]],[[12110,7072],[-23,-33]],[[12087,7039],[-51,-40]],[[12036,6999],[-85,-71],[40,-72]],[[11991,6856],[-79,-120]],[[11912,6736],[22,-83]],[[11934,6653],[-78,-14],[74,0]],[[11930,6639],[13,-98],[-90,-14]],[[11853,6527],[-41,4]],[[11812,6531],[-70,75],[-42,-88]],[[11700,6518],[-46,-34]],[[11654,6484],[-188,-54]],[[11466,6430],[24,77]],[[11490,6507],[258,229]],[[12287,7293],[4,58]],[[12291,7351],[11,-5]],[[12302,7346],[58,-18]],[[12360,7328],[25,-30]],[[12385,7298],[-43,-46]],[[12342,7252],[-55,41]],[[191,7451],[-2,6],[0,1]],[[189,7458],[5,-2],[-3,-5]],[[223,7583],[3,2],[5,6]],[[231,7591],[-2,-3],[-6,-5]],[[263,7688],[4,8]],[[267,7696],[-1,-4],[-3,-4]],[[12603,7796],[91,-69]],[[12694,7727],[11,-21]],[[12705,7706],[-12,-13],[-36,-11]],[[12657,7682],[-37,81]],[[12620,7763],[-17,33]],[[12787,7825],[-8,39],[29,-40]],[[12808,7824],[-21,1]],[[12930,7904],[71,11],[-57,-20]],[[12944,7895],[-7,4],[-7,5]],[[783,6950],[-14,15]],[[769,6965],[-16,19],[-28,2]],[[725,6986],[-33,15]],[[692,7001],[-11,7],[-15,2]],[[666,7010],[-31,21]],[[635,7031],[-4,71],[-78,56]],[[553,7158],[-10,8]],[[543,7166],[-343,291],[101,280]],[[301,7737],[44,64],[-54,-21]],[[291,7780],[62,290]],[[353,8070],[12,-109],[122,27],[-72,-117],[61,-50],[289,25]],[[765,7846],[1,-7]],[[766,7839],[-1,-81]],[[765,7758],[-149,-202]],[[616,7556],[-20,114],[-120,5],[-43,-55],[-107,-20],[158,-95],[40,152],[38,-154],[86,40]],[[648,7543],[132,-193],[-48,-237],[81,-10]],[[813,7103],[21,-53],[87,23]],[[921,7073],[12,1]],[[933,7074],[132,-79],[15,11]],[[1080,7006],[76,-86],[-101,-10]],[[1055,6910],[-107,1],[-165,39]],[[3790,7905],[52,-57],[-27,98]],[[3815,7946],[-25,-41]],[[3815,7946],[80,57],[63,-63]],[[3958,7940],[-9,-20]],[[3949,7920],[-73,-19],[44,-53]],[[3920,7848],[125,59]],[[4045,7907],[13,-42]],[[4058,7865],[-39,-96],[63,42]],[[4082,7811],[63,-74]],[[4145,7737],[55,-194],[40,150]],[[4240,7693],[20,6]],[[4260,7699],[34,35],[102,-2]],[[4396,7732],[139,-319],[155,47]],[[4690,7460],[74,18],[8,-52]],[[4772,7426],[-163,-110],[67,-76],[-145,61],[-59,-59]],[[4472,7242],[-19,8]],[[4453,7250],[-6,30]],[[4447,7280],[9,-5],[-10,16]],[[4446,7291],[-44,102],[-151,-71],[143,-92]],[[4394,7230],[-14,-85]],[[4380,7145],[49,-47],[203,133],[-38,-184]],[[4594,7047],[-22,-53],[49,27]],[[4621,7021],[87,109]],[[4708,7130],[44,-57]],[[4752,7073],[-44,-41],[21,-47]],[[4729,6985],[4,-4]],[[4733,6981],[111,-55]],[[4844,6926],[126,141],[9,88]],[[4979,7155],[20,247]],[[4999,7402],[28,1]],[[5027,7403],[19,-49]],[[5046,7354],[-49,-54],[21,-23]],[[5018,7277],[47,-55]],[[5065,7222],[76,-9]],[[5141,7213],[17,-4]],[[5158,7209],[31,-72]],[[5189,7137],[-19,10]],[[5170,7147],[-69,-41]],[[5101,7106],[-22,-108]],[[5079,6998],[5,-52]],[[5084,6946],[-5,-76],[-124,48],[50,-149]],[[5005,6769],[-26,-101],[102,-4]],[[5081,6664],[25,-19]],[[5106,6645],[20,-51],[77,-32]],[[5203,6562],[7,-111]],[[5210,6451],[-25,-52]],[[5185,6399],[-5,-2]],[[5180,6397],[-163,90],[48,-81]],[[5065,6406],[16,-97],[173,-59],[196,92],[73,-154],[-109,51],[-91,-70],[206,-79]],[[5529,6090],[29,-40]],[[5558,6050],[2,-84]],[[5560,5966],[-1,-6]],[[5559,5960],[-10,-56]],[[5549,5904],[-53,117]],[[5496,6021],[4,5],[-5,5]],[[5495,6031],[-67,10]],[[5428,6041],[-21,-1],[33,-8]],[[5440,6032],[-50,-31],[1,74]],[[5391,6075],[6,-2],[-6,16]],[[5391,6089],[-76,19],[-10,-87]],[[5305,6021],[2,-6],[2,5]],[[5309,6020],[37,-9]],[[5346,6011],[2,-2],[2,0]],[[5350,6009],[8,-8]],[[5358,6001],[-1,-4],[3,-3]],[[5360,5994],[-38,-27],[42,-110],[-175,77],[-118,-90]],[[5071,5844],[5,113]],[[5076,5957],[-153,21]],[[4923,5978],[79,154],[133,37]],[[5135,6169],[86,-56],[33,72]],[[5254,6185],[-180,63],[-162,-98]],[[4912,6150],[-2,-6],[20,-51]],[[4930,6093],[-33,-120]],[[4897,5973],[-8,-32]],[[4889,5941],[-44,-95]],[[4845,5846],[-99,-74],[-39,-236],[125,284]],[[4832,5820],[87,-7]],[[4919,5813],[73,-20]],[[4992,5793],[15,-5]],[[5007,5788],[250,51],[20,-75]],[[5277,5764],[-9,-32]],[[5268,5732],[-49,-26],[93,31]],[[5312,5737],[3,66]],[[5315,5803],[84,-18],[12,107]],[[5411,5892],[8,20],[-38,27]],[[5381,5939],[82,3]],[[5463,5942],[-4,0],[0,-2]],[[5459,5940],[89,-93]],[[5548,5847],[-2,-7],[8,2]],[[5554,5842],[9,-8]],[[5563,5834],[150,-239]],[[5713,5595],[-4,-96]],[[5709,5499],[-23,-5]],[[5686,5494],[-56,67],[7,-75]],[[5637,5486],[-9,1],[10,-12]],[[5638,5475],[-1,-20]],[[5637,5455],[-11,-50]],[[5626,5405],[50,-65]],[[5676,5340],[6,-50]],[[5682,5290],[43,-105]],[[5725,5185],[-4,0],[0,-8]],[[5721,5177],[-157,144],[-21,-156],[305,0]],[[5848,5165],[31,-35]],[[5879,5130],[88,-77],[-21,117]],[[5946,5170],[0,3]],[[5946,5173],[130,37],[31,-102],[19,94],[-50,-288]],[[6076,4914],[-85,16]],[[5991,4930],[-31,5]],[[5960,4935],[26,30]],[[5986,4965],[26,67],[-28,-62]],[[5984,4970],[-55,-3]],[[5929,4967],[-78,50]],[[5851,5017],[9,7],[-9,2]],[[5851,5026],[-73,86],[-72,17],[52,-39]],[[5758,5090],[-16,-15],[20,3]],[[5762,5078],[-28,-21],[-25,28],[-57,-10],[103,-68]],[[5755,5007],[-135,-28],[70,-75]],[[5690,4904],[60,11]],[[5750,4915],[14,-26]],[[5764,4889],[144,-6]],[[5908,4883],[-7,-5],[8,-2]],[[5909,4876],[-17,-69],[91,85]],[[5983,4892],[19,-20]],[[6002,4872],[-22,-60],[248,-93]],[[6228,4719],[-29,-63],[51,21]],[[6250,4677],[112,9],[67,332]],[[6429,5018],[52,22]],[[6481,5040],[87,63]],[[6568,5103],[34,49],[-51,68]],[[6551,5220],[-124,55],[58,184]],[[6485,5459],[19,-12],[13,19]],[[6517,5466],[78,-76],[57,132]],[[6652,5522],[30,33],[-4,37]],[[6678,5592],[33,142],[193,-17],[45,418],[114,-26],[-8,-138],[59,93]],[[7114,6064],[-9,78],[-31,-7]],[[7074,6135],[74,168],[-148,25],[79,56],[-50,61]],[[7029,6445],[169,-65]],[[7198,6380],[17,-133],[101,136]],[[7316,6383],[34,2]],[[7350,6385],[-143,-237]],[[7207,6148],[-38,-38],[-5,-19]],[[7164,6091],[-52,-82],[-24,-108],[-23,-56],[-64,-306],[-242,-176],[65,-246],[124,-224],[-27,-145],[-67,-53],[-90,191],[-58,-152],[212,-85],[66,-145],[227,-279]],[[7211,4225],[13,-23],[1,2]],[[7225,4204],[131,-308],[-129,315]],[[7227,4211],[-92,133]],[[7135,4344],[-39,31],[-27,52],[-91,110],[15,309],[55,30],[-225,258],[124,60]],[[6947,5194],[-11,-68],[30,70]],[[6966,5196],[-25,166],[191,268]],[[7132,5630],[24,32],[-5,44]],[[7151,5706],[7,19]],[[7158,5725],[-4,9],[19,41]],[[7173,5775],[-66,-18],[-26,122],[79,204]],[[7160,6083],[4,-22],[39,7],[47,36]],[[7250,6104],[92,23],[-93,-8]],[[7249,6119],[0,3],[0,0]],[[7249,6122],[-5,21]],[[7244,6143],[-30,10]],[[7214,6153],[150,225]],[[7364,6378],[15,-9]],[[7379,6369],[310,97]],[[7689,6466],[45,13]],[[7734,6479],[11,0]],[[7745,6479],[37,-8],[118,36]],[[7900,6507],[1,0],[0,0]],[[7901,6507],[24,1],[7,25],[-11,3]],[[7921,6536],[-31,31]],[[7890,6567],[0,21],[-12,16],[-23,95]],[[7855,6699],[68,45],[37,51],[-18,-2]],[[7942,6793],[-8,8],[4,-13]],[[7938,6788],[-26,-18]],[[7912,6770],[-60,95]],[[7852,6865],[20,92],[-127,-109]],[[7745,6848],[-1,-13]],[[7744,6835],[-1,-5],[2,-14]],[[7745,6816],[1,-7]],[[7746,6809],[1,-4],[0,-5]],[[7747,6800],[-21,-8]],[[7726,6792],[-7,6]],[[7719,6798],[16,181]],[[7735,6979],[38,51],[-52,-11]],[[7721,7019],[0,119]],[[7721,7138],[6,7]],[[7727,7145],[73,36],[22,31]],[[7822,7212],[95,-187],[125,38],[33,145]],[[8075,7208],[9,83],[50,-47]],[[8134,7244],[20,-23],[42,27]],[[8196,7248],[31,-32]],[[8227,7216],[-71,-42]],[[8156,7174],[-15,-13]],[[8141,7161],[-1,-1],[-2,-5]],[[8138,7155],[-1,-2]],[[8137,7153],[90,30],[24,-90]],[[8251,7093],[13,-13]],[[8264,7080],[1,-6]],[[8265,7074],[75,-108],[75,50]],[[8415,7016],[34,63]],[[8449,7079],[16,7],[25,-4]],[[8490,7082],[122,44],[9,-75]],[[8621,7051],[-6,-3],[2,-6]],[[8617,7042],[43,-16]],[[8660,7026],[8,-8]],[[8668,7018],[2,-4],[1,1]],[[8671,7015],[7,16]],[[8678,7031],[29,-88],[143,-10]],[[8850,6933],[44,-10],[20,15]],[[8914,6938],[43,7]],[[8957,6945],[18,0],[11,14]],[[8986,6959],[45,-5]],[[9031,6954],[47,-34]],[[9078,6920],[15,-37]],[[9093,6883],[20,-17]],[[9113,6866],[72,-66]],[[9185,6800],[-65,-56],[-29,-61],[62,-67]],[[9153,6616],[1,-12]],[[9154,6604],[59,-74]],[[9213,6530],[-14,-86]],[[9199,6444],[-6,1],[1,-9]],[[9194,6436],[-30,-17]],[[9164,6419],[-32,-83],[32,62]],[[9164,6398],[101,32]],[[9265,6430],[14,18]],[[9279,6448],[63,-90],[-104,-69],[49,-140]],[[9287,6149],[12,-2]],[[9299,6147],[66,-69],[25,77]],[[9390,6155],[-3,12]],[[9387,6167],[61,24]],[[9448,6191],[39,79]],[[9487,6270],[24,-5]],[[9511,6265],[66,-56],[24,6]],[[9601,6215],[48,-31]],[[9649,6184],[-130,-148],[-87,133],[88,-165],[-84,-10],[-9,-106],[-239,12],[252,-124]],[[9440,5776],[33,-86]],[[9473,5690],[-156,21]],[[9317,5711],[-94,-52],[50,-175]],[[9273,5484],[199,-209],[-60,41]],[[9412,5316],[-98,-7],[-24,95],[-26,-66]],[[9264,5338],[-69,-1],[-8,-54]],[[9187,5283],[-18,-2]],[[9169,5281],[-87,14],[-57,-162],[84,-30],[-74,-44],[144,-171],[121,82]],[[9300,4970],[19,-18],[17,27]],[[9336,4979],[95,17]],[[9431,4996],[62,-9]],[[9493,4987],[10,-4]],[[9503,4983],[106,-110],[50,164],[105,-25],[105,103]],[[9869,5115],[20,21]],[[9889,5136],[113,52]],[[10002,5188],[-8,-69],[85,50]],[[10079,5169],[21,-22],[24,7]],[[10124,5154],[71,-18]],[[10195,5136],[34,-28]],[[10229,5108],[7,-5],[-3,11]],[[10233,5114],[2,8]],[[10235,5122],[4,58]],[[10239,5180],[38,45]],[[10277,5225],[63,39],[-63,-12]],[[10277,5252],[-91,-44]],[[10186,5208],[-74,84]],[[10112,5292],[-142,54],[-20,-43]],[[9950,5303],[5,147]],[[9955,5450],[1,0],[1,0]],[[9957,5450],[24,16]],[[9981,5466],[-31,78]],[[9950,5544],[-125,119],[313,71],[-54,-251]],[[10084,5483],[56,-120],[-7,135]],[[10133,5498],[79,216]],[[10212,5714],[145,-94]],[[10357,5620],[13,-19]],[[10370,5601],[8,-11]],[[10378,5590],[1,-7],[8,3]],[[10387,5586],[54,40]],[[10441,5626],[74,80]],[[10515,5706],[0,-10]],[[10515,5696],[-7,-37]],[[10508,5659],[-5,-29]],[[10503,5630],[-1,-5]],[[10502,5625],[0,-16]],[[10502,5609],[-165,-117],[91,-211]],[[10428,5281],[-48,-274],[-143,114],[137,-231]],[[10374,4890],[-168,-37],[51,-394]],[[10257,4459],[-38,160],[-54,127],[-125,34],[175,-187],[-11,-107]],[[10204,4486],[-29,-32]],[[10175,4454],[-8,5],[5,-9]],[[10172,4450],[-66,-25]],[[10106,4425],[-186,-85],[168,61]],[[10088,4401],[99,-100]],[[10187,4301],[-76,-75],[-103,86],[66,-96],[92,-7],[-116,-48],[133,-13],[9,-79],[16,79],[-37,42],[88,-42]],[[10259,4148],[-11,-141]],[[10248,4007],[-83,-110],[144,33]],[[10309,3930],[-83,-106],[236,61]],[[10462,3885],[26,48],[-50,-7]],[[10438,3926],[-29,51]],[[10409,3977],[249,82]],[[10658,4059],[25,22]],[[10683,4081],[7,1],[-2,28]],[[10688,4110],[-18,39]],[[10670,4149],[35,97]],[[10705,4246],[111,421]],[[10816,4667],[49,66]],[[10865,4733],[98,-1],[9,43]],[[10972,4775],[89,1]],[[11061,4776],[31,-171]],[[11092,4605],[-74,-76],[39,-29]],[[11057,4500],[0,-2],[1,1]],[[11058,4499],[40,-65]],[[11098,4434],[-78,-91]],[[11020,4343],[-82,-112],[57,-87],[-79,-2],[218,-70]],[[11134,4072],[-19,-52]],[[11115,4020],[-16,-59]],[[11099,3961],[-79,-56],[75,18]],[[11095,3923],[-8,-46]],[[11087,3877],[-59,-14],[4,-34]],[[11032,3829],[-120,-43],[-29,137],[-46,-81],[-98,69],[-173,-304]],[[10566,3607],[-5,-16],[-2,-5]],[[10559,3586],[-36,14]],[[10523,3600],[-8,17]],[[10515,3617],[-75,57],[22,-172],[-176,67],[-53,238],[-82,-34]],[[10151,3773],[-14,117],[-89,-117]],[[10048,3773],[-73,28],[11,-69]],[[9986,3732],[-5,-300]],[[9981,3432],[-8,3],[3,-10]],[[9976,3425],[-32,-79],[168,-164]],[[10112,3182],[15,-167]],[[10127,3015],[-37,42],[20,-66]],[[10110,2991],[22,-52]],[[10132,2939],[21,-88],[46,-20]],[[10199,2831],[0,-10]],[[10199,2821],[-63,-71],[-5,104],[-93,131],[-7,-87],[-125,-20],[-23,-141],[60,135],[-1,-145],[16,37]],[[9958,2764],[0,0],[0,2]],[[9958,2766],[32,105],[52,-141],[19,151],[65,-31],[-28,-208],[95,117],[75,-246],[-80,80],[-47,-90]],[[10141,2503],[-41,-93],[-102,98]],[[9998,2508],[-6,-17],[-25,-46]],[[9967,2445],[-23,-5]],[[9944,2440],[-33,133],[-23,-86]],[[9888,2487],[-90,-22],[-59,157]],[[9739,2622],[77,50],[-35,225],[-143,252]],[[9638,3149],[-94,-178]],[[9544,2971],[-89,-4],[119,-48],[-34,-98],[59,33]],[[9599,2854],[69,-20]],[[9668,2834],[-12,-32],[28,4]],[[9684,2806],[3,-38]],[[9687,2768],[-21,-81]],[[9666,2687],[-247,-122]],[[9419,2565],[13,62],[-142,-188],[76,42],[-67,-449],[-125,15],[58,160],[-79,-128],[-62,108],[-92,-295],[119,7],[-19,-127],[-356,-136],[4,90],[-42,-104]],[[8705,1622],[-25,-43]],[[8680,1579],[-32,36]],[[8648,1615],[85,172],[-97,-171]],[[8636,1616],[-43,-102],[123,49]],[[8716,1563],[27,8]],[[8743,1571],[0,-64]],[[8743,1507],[-6,-30],[11,20]],[[8748,1497],[19,-65],[116,167]],[[8883,1599],[3,-283],[52,241],[142,54],[78,-310]],[[9158,1301],[9,-2],[2,4]],[[9169,1303],[69,-12],[-78,184]],[[9160,1475],[65,-24],[-63,78]],[[9162,1529],[-39,86],[107,130]],[[9230,1745],[139,168]],[[9369,1913],[-62,26],[-69,-153]],[[9238,1786],[-354,-180]],[[8884,1606],[-108,-88],[-27,57]],[[8749,1575],[-9,13]],[[8740,1588],[418,197],[14,209],[155,-34],[-6,215],[91,-62],[33,65],[-100,68],[123,-37],[80,-171]],[[9548,2038],[87,-14],[52,-167],[-93,59],[128,-264],[-45,-217]],[[9677,1435],[42,-127],[69,72]],[[9788,1380],[50,11]],[[9838,1391],[-94,-242],[129,209],[67,-82],[-33,56]],[[9907,1332],[5,6]],[[9912,1338],[135,-154],[-115,53],[-39,-88]],[[9893,1149],[-126,-111],[139,103]],[[9906,1141],[59,42],[37,-105],[-237,-103],[73,-79],[101,20],[-7,103],[156,-26],[18,177]],[[10106,1170],[-3,-67],[60,162]],[[10163,1265],[-49,44],[85,16]],[[10199,1325],[26,26],[-21,30]],[[10204,1381],[150,216],[44,-190]],[[10398,1407],[-36,23]],[[10362,1430],[-12,7],[2,-19]],[[10352,1418],[40,-66]],[[10392,1352],[-32,-98],[159,169],[-40,128]],[[10479,1551],[8,4],[-7,2]],[[10480,1557],[30,50]],[[10510,1607],[1,3],[-2,4]],[[10509,1614],[-59,70],[81,-16]],[[10531,1668],[2,-18],[4,19]],[[10537,1669],[3,9],[-46,22],[-122,146]],[[10372,1846],[18,51]],[[10390,1897],[51,19]],[[10441,1916],[29,-6],[-28,29]],[[10442,1939],[-61,-32]],[[10381,1907],[-41,59]],[[10340,1966],[67,97]],[[10407,2063],[23,-12]],[[10430,2051],[11,-5]],[[10441,2046],[10,-1],[-1,11]],[[10450,2056],[10,-9]],[[10460,2047],[8,-45],[27,17]],[[10495,2019],[9,-3]],[[10504,2016],[49,-28],[31,29]],[[10584,2017],[10,24]],[[10594,2041],[9,15],[-5,2]],[[10598,2058],[2,4]],[[10600,2062],[8,-2],[7,-29],[46,82]],[[10661,2113],[46,-20]],[[10707,2093],[-1,-75],[10,99]],[[10716,2117],[2,14]],[[10718,2131],[1,9]],[[10719,2140],[0,4]],[[10719,2144],[8,38]],[[10727,2182],[128,-5],[40,45]],[[10895,2222],[-21,7],[-11,12]],[[10863,2241],[57,75],[124,-44]],[[11044,2272],[-57,-2],[114,-37]],[[11101,2233],[-9,-208]],[[11092,2025],[-166,-59]],[[10926,1966],[-16,1]],[[10910,1967],[-23,6],[16,-23]],[[10903,1950],[-109,-81],[196,86]],[[10990,1955],[14,10]],[[11004,1965],[31,-27]],[[11035,1938],[15,-67],[25,-6]],[[11075,1865],[91,-4]],[[11166,1861],[77,-28]],[[11243,1833],[11,-39]],[[11254,1794],[-80,-151]],[[11174,1643],[-43,46],[-70,-58]],[[11061,1631],[-8,-22]],[[11053,1609],[-26,-4],[-47,-106]],[[10980,1499],[1,54],[107,163],[-133,-54],[18,-72]],[[10973,1590],[-43,2],[14,-50]],[[10944,1542],[-88,-26],[-5,119],[-69,-5],[45,-190],[106,18],[-98,-42],[41,-115]],[[10876,1301],[24,-42]],[[10900,1259],[-17,-56],[42,12]],[[10925,1215],[1,1],[-1,3]],[[10925,1219],[178,28],[-36,-88]],[[11067,1159],[-9,11]],[[11058,1170],[0,3],[0,0]],[[11058,1173],[-41,-34]],[[11017,1139],[-36,-96],[90,-16],[-74,-17],[95,21]],[[11092,1031],[11,-87]],[[11103,944],[17,-35]],[[11120,909],[4,10],[-6,15]],[[11118,934],[0,2],[-2,2]],[[11116,938],[-7,6],[-2,0],[14,89]],[[11121,1033],[4,135]],[[11125,1168],[9,17]],[[11134,1185],[165,81]],[[11299,1266],[-4,-140]],[[11295,1126],[-8,-55]],[[11287,1071],[-36,81],[-31,-72]],[[11220,1080],[-9,-13],[14,-8]],[[11225,1059],[-42,-186]],[[11183,873],[-11,8],[4,-12]],[[11176,869],[2,-19],[250,19],[-147,59],[147,25],[28,108],[-67,107],[-63,-56]],[[11326,1112],[-4,12]],[[11322,1124],[11,62]],[[11333,1186],[29,2]],[[11362,1188],[103,58],[-72,-15]],[[11393,1231],[-15,18]],[[11378,1249],[28,79]],[[11406,1328],[2,95],[-122,40],[188,-21],[72,84]],[[11546,1526],[40,-16],[12,-28]],[[11598,1482],[-55,-31],[93,-182]],[[11636,1269],[-84,-170],[106,-96]],[[11658,1003],[7,-66]],[[11665,937],[-29,-7],[8,-35]],[[11644,895],[3,-74],[-79,19]],[[11568,840],[-216,1],[36,-113],[191,39],[-54,-527]],[[11525,240],[-10,2],[9,-6]],[[11524,236],[-25,-64],[23,-58]],[[11522,114],[5,-12],[13,1]],[[11540,103],[1,0]],[[11541,103],[0,-99]],[[11541,4],[-119,-1]],[[11422,3],[-7,18],[-4,-18]],[[11411,3],[-88,0]],[[11323,3],[-25,76]],[[11298,79],[-14,54],[-22,-64]],[[11262,69],[48,-66]],[[11310,3],[-79,0]],[[11231,3],[1,179]],[[11232,182],[53,13],[-48,2]],[[11237,197],[-64,59],[-104,-101]],[[11069,155],[-7,0],[0,-3]],[[11062,152],[-24,-36],[178,65],[-21,-177]],[[11195,4],[-220,3]],[[10975,7],[60,114],[-79,-115]],[[10956,6],[-124,0]],[[10832,6],[-90,25]],[[10742,31],[-4,18]],[[10738,49],[-63,-19]],[[10675,30],[33,91]],[[10708,121],[94,-51],[81,53]],[[10883,123],[13,4],[-10,4]],[[10886,131],[4,11]],[[10890,142],[20,-5],[-19,9]],[[10891,146],[4,13]],[[10895,159],[45,26],[-52,-9]],[[10888,176],[-102,-62],[-129,64],[67,67]],[[10724,245],[-6,7]],[[10718,252],[18,40]],[[10736,292],[6,4],[-7,3]],[[10735,299],[-32,-37]],[[10703,262],[-1,-5]],[[10702,257],[-121,6]],[[10581,263],[8,52]],[[10589,315],[-59,57]],[[10530,372],[-130,-36]],[[10400,336],[-68,-101]],[[10332,235],[-64,-63],[105,16]],[[10373,188],[55,-42],[-5,71]],[[10423,217],[162,23]],[[10585,240],[-22,-141],[101,48]],[[10664,147],[-122,-141]],[[10542,6],[-21,-1]],[[10521,5],[-156,50],[91,-49]],[[10456,6],[-221,1]],[[10235,7],[-7,145],[-109,62],[-39,-104]],[[10080,110],[-27,-104]],[[10053,6],[-733,3]],[[9320,9],[80,181],[-72,56],[99,102],[146,-270],[227,195]],[[9800,273],[-53,-111],[62,-17],[-121,-37],[220,7],[33,68],[-123,86]],[[9818,269],[0,82]],[[9818,351],[29,-39]],[[9847,312],[-2,-7],[9,0]],[[9854,305],[20,35]],[[9874,340],[171,-80],[-196,198],[-104,-81],[133,203],[-23,155],[-225,-59],[-485,170],[140,-253],[-171,-75],[82,-191],[-116,-19]],[[9080,308],[-184,13],[18,-53]],[[8914,268],[28,-131],[115,-38],[-98,-85]],[[8959,14],[-350,7]],[[8609,21],[51,62],[-132,57]],[[8528,140],[-131,141]],[[8397,281],[162,241],[-137,-79],[83,171],[-102,-124],[95,231],[-135,-187],[-12,152],[-53,-33],[89,-296]],[[8387,357],[-44,136],[-23,-157],[-137,41]],[[8183,377],[-117,29]],[[8066,406],[36,57],[-111,-76],[-116,50]],[[7875,437],[15,9],[-10,98]],[[7880,544],[207,10],[157,-144],[27,70],[-143,118],[83,62]],[[8211,660],[-1,4],[-2,0]],[[8208,664],[-119,104],[-430,17],[25,-429],[-93,-199]],[[7591,157],[-5,170],[-161,-26]],[[7425,301],[-23,36],[-37,-87]],[[7365,250],[46,-206]],[[7411,44],[-82,-3]],[[7329,41],[-98,149],[-101,-150]],[[7130,40],[-72,1]],[[7058,41],[-190,209],[-9,-118],[-216,-17],[-44,105],[129,119],[-134,24],[124,40],[-2,136]],[[6716,539],[100,-208],[-9,217],[-120,54],[13,-63]],[[6700,539],[-12,-86],[-178,-43],[82,89],[-123,64],[156,29],[-397,105],[56,97],[-175,-24],[97,92],[-37,77]],[[6169,939],[6,7],[-11,0]],[[6164,946],[47,58],[-164,-107],[-66,56],[-51,190],[115,114],[-171,168],[307,-133],[-30,169],[132,-3],[30,83],[39,-98],[130,131],[138,-357],[-87,-168],[325,-310],[85,-250],[94,55],[-103,38],[-68,202],[-111,142],[-15,185],[198,43],[6,91],[-249,25],[-135,126],[39,181],[116,-5],[31,-100],[53,117],[-137,75],[-478,-69],[-193,354],[5,-364],[-553,42]],[[5443,1627],[1,41],[-39,-48]],[[5405,1620],[-72,83]],[[5333,1703],[40,54],[-59,-48]],[[5314,1709],[-89,-59]],[[5225,1650],[-19,16],[-46,-21]],[[5160,1645],[-58,-155],[-183,-22],[24,-99],[380,80],[8,134],[60,-108],[78,110],[305,-21],[-12,-173],[-81,-22],[85,-103],[-177,-95],[201,75],[158,-244],[-156,-99],[-69,49]],[[5723,952],[111,82],[-127,31]],[[5707,1065],[74,123],[-102,-8]],[[5679,1180],[-326,-179],[-17,-165]],[[5336,836],[-36,-144],[60,-36]],[[5360,656],[133,-186],[44,84],[97,-25],[-93,66],[144,307],[-100,-64],[-45,94],[163,13]],[[5703,945],[117,-105],[-109,-108],[114,-24],[-87,-123],[53,-95],[-333,-156],[120,-209],[139,-24],[-48,56],[149,68],[36,-119],[-244,-55]],[[5610,51],[-261,-1]],[[5349,50],[-50,215]],[[5299,265],[5,42],[-14,37]],[[5290,344],[30,119]],[[5320,463],[-87,37]],[[5233,500],[-9,3]],[[5224,503],[-52,64]],[[5172,567],[-62,-4]],[[5110,563],[-95,27]],[[5015,590],[138,454]],[[5153,1044],[73,-234],[25,169]],[[5251,979],[47,78],[-66,-47]],[[5232,1010],[-9,99]],[[5223,1109],[59,4],[-47,37]],[[5235,1150],[28,86],[-90,-166]],[[5173,1070],[-128,13],[-254,-189],[161,-289]],[[4952,605],[-51,7]],[[4901,612],[-27,11]],[[4874,623],[-3,64],[-33,-49]],[[4838,638],[-82,10]],[[4756,648],[-42,-7]],[[4714,641],[-32,20]],[[4682,661],[10,4],[-19,12]],[[4673,677],[-341,267]],[[4332,944],[-15,264]],[[4317,1208],[8,50],[-49,48]],[[4276,1306],[-12,15]],[[4264,1321],[-38,89],[-71,62]],[[4155,1472],[-2,49]],[[4153,1521],[102,121],[-102,-91]],[[4153,1551],[-2,16]],[[4151,1567],[12,29]],[[4163,1596],[1,0],[4,12]],[[4168,1608],[50,58]],[[4218,1666],[176,14]],[[4394,1680],[-28,-20],[123,60],[194,156]],[[4683,1876],[155,47],[108,82]],[[4946,2005],[79,19],[38,35]],[[5063,2059],[52,39]],[[5115,2098],[40,41]],[[5155,2139],[57,53]],[[5212,2192],[32,-57],[110,120]],[[5354,2255],[53,25]],[[5407,2280],[30,22]],[[5437,2302],[18,-2],[21,13]],[[5476,2313],[29,14]],[[5505,2327],[68,23],[39,1]],[[5612,2351],[12,-1]],[[5624,2350],[65,-10]],[[5689,2340],[-2,-8]],[[5687,2332],[-19,-4],[18,-5]],[[5686,2323],[160,0]],[[5846,2323],[28,5]],[[5874,2328],[61,-15],[231,40]],[[6166,2353],[79,-32]],[[6245,2321],[14,-8]],[[6259,2313],[20,-13]],[[6279,2300],[21,-15]],[[6300,2285],[4,-4]],[[6304,2281],[3,-3]],[[6307,2278],[1,-1]],[[6308,2277],[9,-41],[55,-6]],[[6372,2230],[13,-6]],[[6385,2224],[21,-14],[18,-10]],[[6424,2200],[47,10]],[[6471,2210],[204,-13]],[[6675,2197],[6,-4]],[[6681,2193],[6,-10]],[[6687,2183],[5,-6]],[[6692,2177],[2,-4],[3,-2]],[[6697,2171],[37,-17],[19,37]],[[6753,2191],[67,17]],[[6820,2208],[58,-34]],[[6878,2174],[38,-16],[34,45]],[[6950,2203],[60,80]],[[7010,2283],[44,7]],[[7054,2290],[89,30]],[[7143,2320],[-38,-56],[347,77],[48,120],[-150,2]],[[7350,2463],[67,1],[44,13],[26,39]],[[7487,2516],[35,-8],[10,50]],[[7532,2558],[47,198]],[[7579,2756],[65,-57],[150,146],[-213,-88]],[[7581,2757],[61,103],[120,17],[141,-31]],[[7903,2846],[4,-2],[0,3]],[[7907,2847],[0,5]],[[7907,2852],[-9,20],[-10,9]],[[7888,2881],[66,69]],[[7954,2950],[158,39]],[[8112,2989],[0,-10],[2,9]],[[8114,2988],[62,-22],[-75,41],[-112,-13]],[[7989,2994],[82,163],[-298,-254],[-119,30]],[[7654,2933],[14,63]],[[7668,2996],[9,4],[-10,2]],[[7667,3002],[-6,4],[-6,-35],[-8,-38]],[[7647,2933],[-129,-244],[0,-140]],[[7518,2549],[-8,-7],[-12,-15]],[[7498,2527],[-26,-15],[-18,-31]],[[7454,2481],[8,18],[25,38],[-148,-4],[-133,-164],[-47,76],[-50,-93],[-242,-13],[-105,-81]],[[6762,2258],[-175,153],[-282,-79]],[[6305,2332],[-50,-2]],[[6255,2330],[-75,29]],[[6180,2359],[-57,255]],[[6123,2614],[-114,100],[124,231],[183,-42],[-49,-245],[137,78],[-50,208],[176,5],[78,139]],[[6608,3088],[105,16],[-101,32]],[[6612,3136],[-142,177]],[[6470,3313],[17,170],[-151,87]],[[6336,3570],[17,132],[-143,-7]],[[6210,3695],[-17,-16]],[[6193,3679],[-129,138]],[[6064,3817],[-7,5],[-25,-7]],[[6032,3815],[-22,18]],[[6010,3833],[93,50],[-164,13]],[[5939,3896],[36,183]],[[5975,4079],[-20,88],[-22,-43]],[[5933,4124],[-177,65],[58,104],[-187,-99]],[[5627,4194],[34,81]],[[5661,4275],[44,59],[-56,13]],[[5649,4347],[-5,6]],[[5644,4353],[55,64],[-68,-52]],[[5631,4365],[-103,-13]],[[5528,4352],[-49,-61]],[[5479,4291],[-25,-3],[-7,-12]],[[5447,4276],[42,-210]],[[5489,4066],[-57,-35]],[[5432,4031],[-47,-96],[-121,97],[-90,-95],[-175,88],[-43,-60],[63,-191],[-133,-269],[57,-148],[156,91],[26,-106],[-148,-385]],[[4977,2957],[-31,5],[-18,-74]],[[4928,2888],[79,-39],[-109,-42],[-10,-126],[72,11],[-92,-124]],[[4868,2568],[-97,38],[78,-50]],[[4849,2556],[-31,-35]],[[4818,2521],[-51,-63],[65,-8]],[[4832,2450],[-29,-152]],[[4803,2298],[-97,-194]],[[4706,2104],[-169,20],[168,-37]],[[4705,2087],[-9,-42]],[[4696,2045],[18,-73],[88,-32]],[[4802,1940],[78,27]],[[4880,1967],[-192,-84]],[[4688,1883],[-26,46]],[[4662,1929],[-126,77],[115,-84]],[[4651,1922],[-229,-218]],[[4422,1704],[-201,-33]],[[4221,1671],[-7,42]],[[4214,1713],[-65,321]],[[4149,2034],[-29,107]],[[4120,2141],[29,46]],[[4149,2187],[188,43],[-160,32]],[[4177,2262],[53,86]],[[4230,2348],[195,52],[-89,74]],[[4336,2474],[14,32]],[[4350,2506],[90,59],[-70,65]],[[4370,2630],[-4,20]],[[4366,2650],[64,232],[-286,40]],[[4144,2922],[-97,119]],[[4047,3041],[18,145],[-74,15],[-22,-25]],[[3969,3176],[-11,-14],[22,-38]],[[3980,3124],[5,-16]],[[3985,3108],[-5,-1]],[[3980,3107],[-33,39],[16,70],[11,64],[-2,87]],[[3972,3367],[2,11]],[[3974,3378],[2,9]],[[3976,3387],[224,25],[-88,62],[50,114],[240,61],[-239,-22],[-79,-187],[-150,2]],[[3934,3442],[-16,33]],[[3918,3475],[37,217]],[[3955,3692],[6,60],[-1,19]],[[3960,3771],[0,15]],[[3960,3786],[1,1],[0,1]],[[3961,3788],[-1,9]],[[3960,3797],[-3,13]],[[3957,3810],[6,16],[-7,-14]],[[3956,3812],[-11,8]],[[3945,3820],[2,18]],[[3947,3838],[2,5]],[[3949,3843],[6,16]],[[3955,3859],[1,2],[1,11]],[[3957,3872],[46,180]],[[4003,4052],[-7,156]],[[3996,4208],[26,65],[-49,158]],[[3973,4431],[-32,49]],[[3941,4480],[-15,103]],[[3926,4583],[-10,36]],[[3916,4619],[3,16],[-13,13]],[[3906,4648],[-4,12]],[[3902,4660],[-6,80]],[[3896,4740],[34,210],[-172,-45]],[[3758,4905],[-26,182]],[[3732,5087],[13,6]],[[3745,5093],[1,1]],[[3746,5094],[28,49]],[[3774,5143],[5,-2],[-2,13]],[[3777,5154],[-42,10]],[[3735,5164],[-61,-66]],[[3674,5098],[-145,-5],[-42,218],[-91,-13]],[[3396,5298],[140,138],[-79,62]],[[3457,5498],[110,92],[-105,-56]],[[3462,5534],[-19,28]],[[3443,5562],[-74,-208]],[[3369,5354],[-159,-177]],[[3210,5177],[25,139],[-198,351],[137,-452],[-220,25],[-178,176]],[[2776,5416],[-20,10]],[[2756,5426],[-51,118]],[[2705,5544],[9,1],[-6,25]],[[2708,5570],[-12,230],[-30,-163]],[[2666,5637],[-242,249],[3,-28]],[[2427,5858],[-9,2],[15,-18]],[[2433,5842],[160,-209]],[[2593,5633],[-6,-1],[8,-5]],[[2595,5627],[1,-5]],[[2596,5622],[-160,112]],[[2436,5734],[-27,50]],[[2409,5784],[-1,4],[-6,20]],[[2402,5808],[-16,67]],[[2386,5875],[-24,139],[-45,14]],[[2317,6028],[-29,88]],[[2288,6116],[71,77]],[[2359,6193],[185,-20],[-111,77],[381,308],[58,272],[352,64],[-294,-20],[-25,132],[-57,-158],[30,171],[-170,-68]],[[2708,6951],[-179,26]],[[2529,6977],[-75,23],[63,-75]],[[2517,6925],[-32,-116],[70,123],[150,-120],[69,85]],[[2774,6897],[71,-100],[-85,-238],[-133,-55],[1,147],[-124,18],[111,-188],[-89,-63]],[[2526,6418],[4,-12],[44,-20]],[[2574,6386],[-76,-63],[-96,142],[45,-155],[-100,-95]],[[2347,6215],[-102,-32],[-103,152],[-74,69],[3,258]],[[2071,6662],[146,207],[-152,-32]],[[2065,6837],[-3,94]],[[2062,6931],[126,153]],[[2188,7084],[9,3]],[[2197,7087],[3,-4]],[[2200,7083],[4,-41],[42,27]],[[2246,7069],[44,42]],[[2290,7111],[156,-72],[124,117],[-87,-25]],[[2483,7131],[-4,46],[-53,24]],[[2426,7201],[288,315],[191,-176],[510,282],[-72,-15]],[[3343,7607],[-3,29],[-6,-26]],[[3334,7610],[-28,26]],[[3306,7636],[-37,181],[142,81],[-8,96]],[[3403,7994],[169,62]],[[3572,8056],[14,8]],[[3586,8064],[17,-4],[-7,12]],[[3596,8072],[230,-52],[-82,116],[111,-20],[-197,114],[48,110]],[[3706,8340],[22,-9],[12,1]],[[3740,8332],[47,18]],[[3787,8350],[94,9]],[[3881,8359],[47,-43]],[[3928,8316],[17,-4]],[[3945,8312],[11,-18],[-2,-27]],[[3954,8267],[-28,-126],[96,122],[29,-137],[-236,-180]],[[7135,4344],[-10,31],[-26,-1],[36,-30]],[[9369,1913],[1,-40]],[[9370,1873],[1,-9],[1,0]],[[9372,1864],[82,-134],[-15,92]],[[9439,1822],[2,13],[-7,0]],[[9434,1835],[-16,34]],[[9418,1869],[12,121],[-50,-69]],[[9380,1921],[-11,-8]],[[4803,2298],[6,110],[-62,-88],[56,-22]],[[3443,5562],[16,106],[-77,-38],[61,-68]],[[7378,4924],[140,1],[-70,28],[121,107]],[[7569,5060],[-202,-134]],[[7367,4926],[-58,-27],[69,25]],[[7569,5060],[31,-191],[152,284]],[[7752,5153],[-10,8],[-48,5]],[[7694,5166],[-75,76],[228,53],[-185,84],[32,159],[-102,-40],[-165,-392],[142,-46]],[[6698,2668],[302,-186],[70,116]],[[7070,2598],[-372,70]],[[7070,2598],[51,30]],[[7121,2628],[32,5]],[[7153,2633],[18,-89],[38,128],[-105,41]],[[7104,2713],[-2,-53]],[[7102,2660],[-96,169],[-44,-68]],[[6962,2761],[-86,-32],[189,-89]],[[7065,2640],[5,-42]],[[12507,8387],[6,-42],[-11,-100]],[[12502,8245],[-251,113],[123,127],[71,-12],[-89,-128],[89,7],[-10,-75],[72,110]],[[12592,8601],[-82,-184]],[[12510,8417],[-154,216]],[[12356,8633],[232,-32]],[[12588,8601],[4,0]],[[288,8605],[3,2]],[[291,8607],[-3,-3]],[[288,8604],[0,1]],[[335,8652],[4,29]],[[339,8681],[2,1]],[[341,8682],[-6,-30]],[[298,8972],[11,22],[11,15]],[[320,9009],[-7,-21],[-15,-16]],[[309,9133],[1,4],[6,9]],[[316,9146],[-6,-11],[-1,-2]],[[330,8782],[-2,62]],[[328,8844],[10,-6],[-13,22]],[[325,8860],[-35,67]],[[290,8927],[28,56],[7,27],[-6,16]],[[319,9026],[-9,60]],[[310,9086],[14,69]],[[324,9155],[47,84],[71,-43],[-27,-169]],[[415,9027],[-10,-26],[124,-26]],[[529,8975],[52,-100],[68,90],[105,-91]],[[754,8874],[24,-34]],[[778,8840],[68,-158],[-224,29],[59,75],[-180,-90],[197,-29],[-81,-42],[80,-62],[-67,-133],[94,-30]],[[724,8400],[-42,-13],[34,6]],[[716,8393],[-223,-50],[-183,-169]],[[310,8174],[-8,52]],[[302,8226],[15,11],[4,4]],[[321,8241],[26,2],[-2,26]],[[345,8269],[-53,11]],[[292,8280],[-60,267]],[[232,8547],[57,-7],[5,56]],[[294,8596],[51,56],[3,31]],[[348,8683],[119,60],[-137,39]],[[12080,10155],[-1,0]],[[12079,10155],[-54,20]],[[12025,10175],[55,-20]],[[2709,7786],[137,78],[-139,77],[200,55]],[[2907,7996],[-270,-35],[52,-187]],[[2689,7774],[-20,-253],[-71,-59],[-3,100],[-215,-152],[128,-2]],[[2508,7408],[-95,-102]],[[2413,7306],[-6,1],[-3,0]],[[2404,7307],[-31,1]],[[2373,7308],[-164,-113]],[[2209,7195],[-17,-25],[8,-31]],[[2200,7139],[-4,-13]],[[2196,7126],[-45,-42]],[[2151,7084],[-8,8],[-5,-17]],[[2138,7075],[-62,-14],[-15,238]],[[2061,7299],[11,-15],[2,22]],[[2074,7306],[29,73]],[[2103,7379],[38,41]],[[2141,7420],[83,-12],[-76,40]],[[2148,7448],[-49,-53]],[[2099,7395],[-14,8]],[[2085,7403],[9,95],[96,-13]],[[2190,7485],[67,45],[-68,-32]],[[2189,7498],[-27,10]],[[2162,7508],[102,54],[6,355]],[[2270,7917],[17,3]],[[2287,7920],[9,-43],[39,89]],[[2335,7966],[-3,19]],[[2332,7985],[-5,38],[15,30]],[[2342,8053],[9,58]],[[2351,8111],[2,12]],[[2353,8123],[35,40],[-40,-30]],[[2348,8133],[-4,94]],[[2344,8227],[-3,7],[22,36]],[[2363,8270],[14,24]],[[2377,8294],[-18,80],[-78,-7]],[[2281,8367],[-221,-4]],[[2060,8363],[-111,52]],[[1949,8415],[-80,45],[120,39]],[[1989,8499],[61,-21]],[[2050,8478],[0,-10],[10,1]],[[2060,8469],[17,40],[-65,30]],[[2012,8539],[-80,137],[207,-126]],[[2139,8550],[94,34]],[[2233,8584],[-3,35],[-76,-7]],[[2154,8612],[-12,1]],[[2142,8613],[31,73]],[[2173,8686],[53,-4]],[[2226,8682],[52,22],[-124,15]],[[2154,8719],[-81,49]],[[2073,8768],[56,75]],[[2129,8843],[-32,36],[-37,-4]],[[2060,8875],[73,219]],[[2133,9094],[64,74]],[[2197,9168],[72,-16]],[[2269,9152],[29,-10]],[[2298,9142],[1,-92]],[[2299,9050],[-47,-82],[83,39]],[[2335,9007],[-8,58]],[[2327,9065],[66,92],[133,-41],[-4,68]],[[2522,9184],[73,71]],[[2595,9255],[36,-104]],[[2631,9151],[106,-22],[30,69]],[[2767,9198],[15,148],[-90,33]],[[2692,9379],[-19,23]],[[2673,9402],[5,30],[-28,19]],[[2650,9451],[-126,48],[13,83],[144,-114],[-49,85],[138,37]],[[2770,9590],[7,-11],[-2,12]],[[2775,9591],[10,10]],[[2785,9601],[8,-9]],[[2793,9592],[17,-60]],[[2810,9532],[-21,-23],[97,-89]],[[2886,9420],[137,-169],[52,65],[-67,23]],[[3008,9339],[7,51]],[[3015,9390],[-32,16],[-44,-39],[-142,220]],[[2797,9587],[25,77]],[[2822,9664],[46,27]],[[2868,9691],[48,112],[-94,-41]],[[2822,9762],[-4,5]],[[2818,9767],[3,9],[-4,-8]],[[2817,9768],[-6,-34]],[[2811,9734],[-67,50],[-10,-152]],[[2734,9632],[-41,21]],[[2693,9653],[8,29],[-19,-13]],[[2682,9669],[57,387]],[[2739,10056],[10,6],[-14,20]],[[2735,10082],[55,77]],[[2790,10159],[6,129]],[[2796,10288],[89,48],[-11,71]],[[2874,10407],[52,-4]],[[2926,10403],[40,-89]],[[2966,10314],[-13,16],[7,-21]],[[2960,10309],[55,-129]],[[3015,10180],[18,-6]],[[3033,10174],[57,-29]],[[3090,10145],[0,-1],[-1,-1]],[[3089,10143],[-141,-21],[-33,-115],[120,-21],[-186,-121],[167,-47],[-19,-69]],[[2997,9749],[-6,-56],[37,-49]],[[3028,9644],[-47,-19]],[[2981,9625],[91,-78],[-88,-22],[56,-84],[56,92]],[[3096,9533],[39,-18]],[[3135,9515],[18,-26]],[[3153,9489],[13,-24]],[[3166,9465],[70,-54]],[[3236,9411],[9,-45]],[[3245,9366],[5,-55],[61,35]],[[3311,9346],[36,28]],[[3347,9374],[12,-5]],[[3359,9369],[40,-101]],[[3399,9268],[-26,-31],[38,31]],[[3411,9268],[46,10]],[[3457,9278],[-2,-7]],[[3455,9271],[-2,-3]],[[3453,9268],[-2,-3]],[[3451,9265],[-2,-14]],[[3449,9251],[1,-1]],[[3450,9250],[12,-44]],[[3462,9206],[-29,-26]],[[3433,9180],[-1,-1],[0,-1]],[[3432,9178],[-9,-31]],[[3423,9147],[-15,-17],[-2,-7]],[[3406,9123],[-5,-16],[25,-41]],[[3426,9066],[15,2],[3,13]],[[3444,9081],[1,0],[14,-34],[39,7]],[[3498,9054],[48,9]],[[3546,9063],[2,-2],[4,1]],[[3552,9062],[41,-37]],[[3593,9025],[9,-2],[1,5]],[[3603,9028],[19,8]],[[3622,9036],[5,-7],[1,10]],[[3628,9039],[40,0]],[[3668,9039],[19,-16]],[[3687,9023],[35,-42]],[[3722,8981],[-12,-32]],[[3710,8949],[-126,-69]],[[3584,8880],[4,10]],[[3588,8890],[2,0],[1,2]],[[3591,8892],[8,12]],[[3599,8904],[16,4],[-20,8]],[[3595,8916],[-86,-50],[33,-109]],[[3542,8757],[-2,-3],[4,-3]],[[3544,8751],[5,-32]],[[3549,8719],[-97,-26]],[[3452,8693],[-44,86],[-62,-72],[47,-140],[39,95]],[[3432,8662],[148,-295]],[[3580,8367],[113,-23]],[[3693,8344],[-56,-103]],[[3637,8241],[-110,102],[140,-202]],[[3667,8141],[-81,-65]],[[3586,8076],[-256,-60],[-43,97],[-89,-136],[201,18]],[[3399,7995],[7,-95],[-141,-76],[-52,-254]],[[3213,7570],[-17,-4]],[[3196,7566],[-48,0],[-41,-38],[5,-39]],[[3112,7489],[-4,-2],[-25,10]],[[3083,7497],[-22,28],[-22,4],[-56,2]],[[2983,7531],[-10,5],[-11,13]],[[2962,7549],[-12,9]],[[2950,7558],[-28,16],[-158,136]],[[2764,7710],[6,33],[-19,-30]],[[2751,7713],[-42,73]],[[2907,7996],[16,27],[-58,13],[42,-40]],[[11399,11195],[25,-53]],[[11424,11142],[-2,3],[-3,-6]],[[11419,11139],[-57,-70]],[[11362,11069],[-4,-2],[-6,-4]],[[11352,11063],[-25,-19]],[[11327,11044],[-3,-2],[-2,-11]],[[11322,11031],[-12,-12]],[[11310,11019],[-13,-7],[0,-11]],[[11297,11001],[1,-6]],[[11298,10995],[1,-6],[4,-7]],[[11303,10982],[-238,50],[6,160],[136,-14],[1,-140],[109,84]],[[11317,11122],[11,7],[-21,-2]],[[11307,11127],[-14,13]],[[11293,11140],[1,3],[-2,3]],[[11292,11146],[82,78]],[[11374,11224],[9,-27]],[[11383,11197],[0,0],[1,-1]],[[11384,11196],[1,-1]],[[11385,11195],[6,-2],[8,2]],[[91,10169],[-72,15]],[[19,10184],[-3,3],[-3,4]],[[13,10191],[-2,3]],[[11,10194],[0,25]],[[11,10219],[24,29],[-10,87],[40,310],[111,89]],[[176,10734],[21,20]],[[197,10754],[58,59],[263,450],[21,-203]],[[539,11060],[-21,-20]],[[518,11040],[-18,-97]],[[500,10943],[17,-4],[-1,5]],[[516,10944],[61,16]],[[577,10960],[36,27]],[[613,10987],[87,87]],[[700,11074],[-12,-24],[-2,-17]],[[686,11033],[8,-24]],[[694,11009],[-15,-195],[-70,4]],[[609,10818],[-154,-18],[50,-82]],[[505,10718],[-55,-15]],[[450,10703],[-7,7]],[[443,10710],[-28,30],[-69,-21]],[[346,10719],[-27,-1]],[[319,10718],[-43,8]],[[276,10726],[-26,-16],[6,-18]],[[256,10692],[-13,-78],[74,13]],[[317,10627],[30,23]],[[347,10650],[-2,-183],[84,159]],[[429,10626],[13,21]],[[442,10647],[6,-12]],[[448,10635],[1,-2]],[[449,10633],[32,-53],[14,57]],[[495,10637],[-6,7]],[[489,10644],[19,38]],[[508,10682],[35,-220],[-138,-282],[-97,2]],[[308,10182],[33,182],[-83,-188]],[[258,10176],[-30,24],[-137,-31]],[[1420,13246],[0,0],[0,21]],[[1420,13267],[85,4],[-85,-25]],[[588,11337],[10,27]],[[598,11364],[151,-14],[59,105]],[[808,11455],[69,1],[-30,66]],[[847,11522],[185,31]],[[1032,11553],[11,6],[16,33]],[[1059,11592],[3,6]],[[1062,11598],[26,42],[17,19]],[[1105,11659],[162,-36],[32,79]],[[1299,11702],[0,9],[-4,4]],[[1295,11715],[14,35]],[[1309,11750],[114,75]],[[1423,11825],[-1,7]],[[1422,11832],[3,0]],[[1425,11832],[5,-3],[8,1]],[[1438,11830],[267,55]],[[1705,11885],[59,-39],[29,93]],[[1793,11939],[51,97],[-14,99]],[[1830,12135],[12,32]],[[1842,12167],[17,2],[109,92]],[[1968,12261],[211,21],[18,158]],[[2197,12440],[38,225],[79,-97]],[[2314,12568],[5,-111],[-79,-10],[65,-35]],[[2305,12412],[14,-9]],[[2319,12403],[167,14],[13,-9]],[[2499,12408],[211,178],[-119,215]],[[2591,12801],[45,51]],[[2636,12852],[30,-9]],[[2666,12843],[6,-8],[4,10]],[[2676,12845],[118,53]],[[2794,12898],[16,5],[-5,6]],[[2805,12909],[131,100]],[[2936,13009],[161,62],[86,282],[19,-169],[150,-18],[13,68],[176,-247],[123,-22],[-133,-68]],[[3531,12897],[-11,4],[9,-5]],[[3529,12896],[31,-188],[-129,-23]],[[3431,12685],[-2,0],[-3,2]],[[3426,12687],[-32,0]],[[3394,12687],[-5,0]],[[3389,12687],[-87,-12]],[[3302,12675],[-1,-2],[1,-2]],[[3302,12671],[-57,-65]],[[3245,12606],[3,-56]],[[3248,12550],[449,85],[-136,-79]],[[3561,12556],[-66,0]],[[3495,12556],[-284,-106],[-259,-352]],[[2952,12098],[-3,1],[-2,-2]],[[2947,12097],[-192,24]],[[2755,12121],[-84,43]],[[2671,12164],[18,44],[-31,-46]],[[2658,12162],[-7,-24]],[[2651,12138],[-5,-8],[4,-9]],[[2650,12121],[0,-3]],[[2650,12118],[-60,-24]],[[2590,12094],[-5,2],[-7,-37]],[[2578,12059],[95,-53]],[[2673,12006],[131,67],[-85,-20]],[[2719,12053],[141,35],[-52,-101]],[[2808,11987],[-39,-53]],[[2769,11934],[-41,17]],[[2728,11951],[-57,-146]],[[2671,11805],[-18,-50],[23,-63]],[[2676,11692],[40,43]],[[2716,11735],[31,-15],[33,47]],[[2780,11767],[47,16]],[[2827,11783],[-38,-69]],[[2789,11714],[7,-82],[17,78]],[[2813,11710],[63,-11]],[[2876,11699],[49,-134],[289,-38],[-4,-249]],[[3210,11278],[-1,-15],[7,11]],[[3216,11274],[130,13]],[[3346,11287],[-6,-100],[81,5]],[[3421,11192],[20,-19]],[[3441,11173],[-30,-69]],[[3411,11104],[-12,-55]],[[3399,11049],[-12,13],[8,-19]],[[3395,11043],[-20,2],[3,-25]],[[3378,11020],[6,-9],[2,10]],[[3386,11021],[30,3]],[[3416,11024],[-34,-36]],[[3382,10988],[-69,92]],[[3313,11080],[-40,29]],[[3273,11109],[-39,127],[-66,-118]],[[3168,11118],[-16,-80]],[[3152,11038],[6,-29]],[[3158,11009],[3,-1],[1,1]],[[3162,11009],[30,-4]],[[3192,11005],[20,-8]],[[3212,10997],[-43,-31]],[[3169,10966],[0,12],[-5,-12]],[[3164,10966],[-50,21]],[[3114,10987],[-9,46],[-36,1]],[[3069,11034],[-37,96],[-133,-100]],[[2899,11030],[-12,-11]],[[2887,11019],[-10,-4]],[[2877,11015],[-56,-80]],[[2821,10935],[-8,-10]],[[2813,10925],[-9,2],[-4,-11]],[[2800,10916],[-19,-47]],[[2781,10869],[-11,6],[3,-17]],[[2773,10858],[60,-133]],[[2833,10725],[-11,-22]],[[2822,10703],[-110,28]],[[2712,10731],[3,9],[-9,2]],[[2706,10742],[-63,50]],[[2643,10792],[-7,5],[-3,-1]],[[2633,10796],[-19,78]],[[2614,10874],[39,3]],[[2653,10877],[3,-3],[4,3]],[[2660,10877],[48,0]],[[2708,10877],[23,26],[-53,57]],[[2678,10960],[-71,2]],[[2607,10962],[-163,-6]],[[2444,10956],[-36,14]],[[2408,10970],[-3,29]],[[2405,10999],[-31,26],[-2,-21]],[[2372,11004],[1,-5]],[[2373,10999],[1,-19]],[[2374,10980],[-4,-1],[0,-3]],[[2370,10976],[-196,-125]],[[2174,10851],[-163,-19]],[[2011,10832],[-86,26],[82,-50]],[[2007,10808],[-66,-25]],[[1941,10783],[-45,60],[-40,-20]],[[1856,10823],[-25,-81]],[[1831,10742],[29,-57],[86,-9]],[[1946,10676],[-99,-12]],[[1847,10664],[-19,15],[-64,-7]],[[1764,10672],[-59,98]],[[1705,10770],[-7,1]],[[1698,10771],[-73,24]],[[1625,10795],[120,45],[0,145],[-62,-110]],[[1683,10875],[-37,29]],[[1646,10904],[-52,18]],[[1594,10922],[-3,21],[-19,-2]],[[1572,10941],[-95,17],[-58,-105]],[[1419,10853],[-36,31]],[[1383,10884],[-14,154],[-48,-68]],[[1321,10970],[-65,-10],[-16,-22]],[[1240,10938],[-31,-23],[33,20]],[[1242,10935],[86,-16]],[[1328,10919],[54,-37]],[[1382,10882],[-28,-35]],[[1354,10847],[-52,-10]],[[1302,10837],[-8,0],[-4,-4]],[[1290,10833],[-48,59],[-40,-70]],[[1202,10822],[5,12],[-14,2]],[[1193,10836],[-102,25],[-11,-95]],[[1080,10766],[-5,11],[-4,-8]],[[1071,10769],[-69,91]],[[1002,10860],[2,9],[-13,-2]],[[991,10867],[23,63]],[[1014,10930],[5,22]],[[1019,10952],[44,-5],[-13,40]],[[1050,10987],[111,29],[-66,45]],[[1095,11061],[-17,8],[2,-17]],[[1080,11052],[-91,18]],[[989,11070],[-5,20]],[[984,11090],[-178,-37],[12,-54]],[[818,10999],[-69,25]],[[749,11024],[38,78]],[[787,11102],[5,-6],[2,10]],[[794,11106],[145,35],[-114,84],[-112,-69],[73,148],[-95,-34],[-43,-177],[5,96],[-9,50],[-22,-44]],[[622,11195],[-1,-16],[10,-3]],[[631,11176],[-30,-7],[-16,71],[-60,53],[63,44]],[[10732,40],[4,-10]],[[10736,30],[-10,0]],[[10726,30],[6,10]],[[11820,116],[9,22],[-16,-10]],[[11813,128],[-63,96],[-140,-7]],[[11610,217],[66,26],[-72,150],[59,57]],[[11663,450],[28,88],[-14,-18]],[[11677,520],[-91,70]],[[11586,590],[25,52]],[[11611,642],[183,3],[-10,-117]],[[11784,528],[-11,-36]],[[11773,492],[-46,-124],[26,-36]],[[11753,332],[8,-7]],[[11761,325],[105,-122]],[[11866,203],[-6,-46],[14,-1]],[[11874,156],[-48,-42]],[[11826,114],[-6,2]],[[10142,451],[6,-6],[0,11]],[[10148,456],[105,22]],[[10253,478],[-16,-36]],[[10237,442],[-145,-131],[177,145]],[[10269,456],[74,82]],[[10343,538],[190,-51],[-20,131],[-102,-50]],[[10411,568],[-4,4],[0,-4]],[[10407,568],[-280,55],[15,-172]],[[10251,452],[-4,-5],[-8,-3]],[[10239,444],[10,6],[2,2]],[[10275,465],[-1,1],[0,0]],[[10274,466],[2,1],[-1,-2]],[[7209,503],[2,0],[-1,3]],[[7210,506],[36,131],[-93,-66],[57,-185],[-1,117]],[[8191,753],[-2,-2],[1,-4]],[[8190,747],[30,-59],[76,38],[-31,63],[-53,-64],[-47,167],[26,-139]],[[11012,737],[-2,-1],[0,-3]],[[11010,733],[5,-14],[22,20],[18,100],[-111,-62],[68,-40]],[[10001,777],[-6,1],[-12,-16]],[[9983,762],[-37,-83],[150,-157],[-264,-51],[265,35],[5,65],[-64,46],[1,98],[267,-33],[260,93],[-145,30],[128,170],[-174,3],[83,-99],[-171,-115]],[[10287,764],[-20,51],[-112,-19],[-27,-50]],[[10128,746],[-98,34],[-29,-3]],[[9443,931],[10,-3],[-11,18]],[[9442,946],[-144,29]],[[9298,975],[-8,14],[5,-14]],[[9295,975],[27,-110],[319,-38],[-198,104]],[[11861,983],[-22,-9],[31,6]],[[11870,980],[-124,-103],[-34,164]],[[11712,1041],[207,24]],[[11919,1065],[-58,-82]],[[8949,950],[-3,7]],[[8946,957],[-3,8],[0,0]],[[8943,965],[240,147],[-244,-145]],[[8939,967],[-128,147],[-156,41],[-112,-75],[406,-130]],[[11119,928],[2,-6],[-1,-5]],[[11120,917],[0,5],[-1,6]],[[8627,1282],[16,25],[-20,-21]],[[8623,1286],[-97,176],[-111,-175],[134,45],[62,-131],[16,81]],[[9908,1339],[-1,-1]],[[9907,1338],[0,1],[1,0]],[[9591,1374],[1,3],[-2,0]],[[9590,1377],[-62,111],[-39,-94],[-140,33],[-4,-78]],[[9345,1349],[-145,-111],[-15,-129],[91,22]],[[9276,1131],[99,17],[-6,42]],[[9369,1190],[45,13]],[[9414,1203],[15,-73],[9,85]],[[9438,1215],[29,64]],[[9467,1279],[124,95]],[[11211,1443],[0,0],[-5,-1]],[[11206,1442],[-26,-19],[6,-98],[-30,63]],[[11156,1388],[4,7],[-1,27]],[[11159,1422],[11,100]],[[11170,1522],[46,8]],[[11216,1530],[-5,-87]],[[8443,1643],[79,80]],[[8522,1723],[19,58]],[[8541,1781],[118,43],[-61,-7],[57,107],[-152,-108]],[[8503,1816],[-37,-3]],[[8466,1813],[-214,-83],[217,41]],[[8469,1771],[-29,-96]],[[8440,1675],[-84,10]],[[8356,1685],[-94,-4],[95,-1]],[[8357,1680],[-68,-123],[154,86]],[[8273,1854],[-17,14],[-35,-29]],[[8221,1839],[147,-8]],[[8368,1831],[93,135]],[[8461,1966],[-36,69]],[[8425,2035],[107,147]],[[8532,2182],[-21,-75],[76,47],[34,-71],[-104,-76],[93,-35],[65,90]],[[8675,2062],[-32,-106],[207,201],[-61,-27],[-55,125]],[[8734,2255],[-3,0],[-15,-11]],[[8716,2244],[-86,2]],[[8630,2246],[186,129],[85,-53]],[[8901,2322],[26,-81],[123,86],[-28,89],[114,57],[147,96],[25,149],[-128,-210],[-173,-73],[-18,76],[-63,-113]],[[8926,2398],[-68,53]],[[8858,2451],[101,29],[-63,32],[55,54],[-164,-1],[1,-72]],[[8788,2493],[-157,-66],[-7,82],[174,90],[-131,-10]],[[8667,2589],[195,133],[-216,-111]],[[8646,2611],[332,263],[87,-39]],[[9065,2835],[71,-13],[72,64],[-130,-46]],[[9078,2840],[18,172],[-185,-13],[-99,-191],[-146,60],[41,57]],[[8707,2925],[108,36]],[[8815,2961],[1,7],[-3,0]],[[8813,2968],[-104,-36]],[[8709,2932],[-91,115],[-236,-140],[51,-37],[-155,53],[-151,-96],[2,-151],[-328,-34]],[[7801,2642],[-70,4],[78,-18]],[[7809,2628],[194,31],[-147,-271],[138,90],[108,-67],[26,-58],[7,-57],[-128,-14]],[[8007,2282],[126,34],[-145,-23]],[[7988,2293],[-53,-128],[138,-63],[104,228],[140,-87],[142,413],[23,-268],[153,-42],[-124,-127]],[[8511,2219],[-59,-7],[62,100],[-111,-31],[16,115],[-119,-185],[-61,-67]],[[8239,2144],[-138,-143],[133,-34]],[[8234,1967],[-22,-5],[-6,-17],[6,-4]],[[8212,1941],[2,-2],[2,0]],[[8216,1939],[25,2]],[[8241,1941],[128,72]],[[8369,2013],[50,-46]],[[8419,1967],[-120,-88],[73,-33]],[[8372,1846],[-99,8]],[[8443,1973],[-3,0]],[[8440,1973],[2,3]],[[8442,1976],[1,-3]],[[10565,2005],[-6,-4],[-5,4]],[[10554,2005],[2,0],[9,0]],[[9079,2240],[9,10]],[[9088,2250],[-6,4],[0,-1]],[[9082,2253],[-10,-9]],[[9072,2244],[-270,-291],[65,-60],[-107,-105],[151,106],[83,-60],[-50,179],[135,227]],[[8243,1966],[9,6],[-2,-8]],[[8250,1964],[0,2],[-7,0]],[[5342,2304],[13,10],[-13,3]],[[5342,2317],[-6,36]],[[5336,2353],[77,20]],[[5413,2373],[5,-25]],[[5418,2348],[-49,-58]],[[5369,2290],[-37,-25]],[[5332,2265],[-11,3]],[[5321,2268],[21,36]],[[9506,2423],[-20,-12],[17,-6]],[[9503,2405],[-109,-162],[39,181]],[[9433,2424],[4,4]],[[9437,2428],[69,-5]],[[7487,2773],[2,1],[-1,4]],[[7488,2778],[1,108],[-93,17]],[[7396,2903],[-45,60],[150,111]],[[7501,3074],[8,-49]],[[7509,3025],[38,-14]],[[7547,3011],[43,51],[-62,-36]],[[7528,3026],[-7,4]],[[7521,3030],[-10,57]],[[7511,3087],[6,102]],[[7517,3189],[19,2]],[[7536,3191],[49,-28],[88,62]],[[7673,3225],[-143,59],[-23,-73]],[[7507,3211],[-422,8],[-119,159]],[[6966,3378],[-60,19],[61,-42]],[[6967,3355],[3,-26]],[[6970,3329],[-20,-77],[32,1]],[[6982,3253],[83,-43],[-105,-26],[-34,-328],[161,2]],[[7087,2858],[58,-60],[-13,70]],[[7132,2868],[66,134],[101,-45],[-70,-131],[79,26]],[[7308,2852],[50,3],[-1,46]],[[7357,2901],[31,-12]],[[7388,2889],[36,-141],[-83,-66],[-98,56],[2,-120],[251,-27],[-9,182]],[[7876,2786],[0,0],[-1,0]],[[7875,2786],[-26,-11],[82,-24],[34,97],[-73,-30],[-36,32],[20,-64]],[[9668,2817],[-4,-4],[0,6]],[[9664,2819],[3,-2],[1,0]],[[9276,3209],[-7,-14],[12,18]],[[9281,3213],[-101,33],[-138,-115],[234,78]],[[8446,3288],[22,-13],[-16,10]],[[8452,3285],[84,40]],[[8536,3325],[-14,-7],[18,-2]],[[8540,3316],[31,-8],[45,71],[100,-66],[199,172],[-276,-50]],[[8639,3435],[-1,-1],[0,-3]],[[8638,3431],[-338,-65],[57,100]],[[8357,3466],[79,10],[-93,3]],[[8343,3479],[-114,23],[81,62],[-99,174],[-18,-252],[-88,-26]],[[8105,3460],[-29,2]],[[8076,3462],[-2,-2]],[[8074,3460],[-3,6]],[[8071,3466],[-34,23],[-45,-25]],[[7992,3464],[-32,13],[-52,7]],[[7908,3484],[183,127],[-97,69]],[[7994,3680],[-99,-60],[-88,61],[68,-152]],[[7875,3529],[1,-52]],[[7876,3477],[-103,76]],[[7773,3553],[-102,23],[-89,-2],[-77,7]],[[7505,3581],[39,73],[-137,80]],[[7407,3734],[73,27],[-36,32],[-43,-19]],[[7401,3774],[-7,-1]],[[7394,3773],[-4,-4],[1,-17]],[[7391,3752],[2,-15]],[[7393,3737],[0,-1],[4,-1]],[[7397,3735],[140,-80],[-40,-75],[12,-20],[67,-14],[68,13]],[[7644,3559],[20,-1]],[[7664,3558],[31,-20],[187,-68]],[[7882,3470],[17,-48]],[[7899,3422],[-25,-5]],[[7874,3417],[-242,42],[109,-113],[136,47]],[[7877,3393],[316,-132]],[[8193,3261],[-120,-102],[111,52]],[[8184,3211],[31,-50],[184,3],[-165,18],[26,173],[186,-67]],[[4252,2820],[-1,1]],[[4251,2821],[-9,39]],[[4242,2860],[112,14],[-102,-54]],[[4936,2007],[-20,-15]],[[4916,1992],[14,16]],[[4930,2008],[6,-1]],[[5088,2098],[-22,-22]],[[5066,2076],[-2,8]],[[5064,2084],[24,14]],[[5884,2339],[-47,-2]],[[5837,2337],[-11,4]],[[5826,2341],[-23,31]],[[5803,2372],[11,11]],[[5814,2383],[41,3],[-3,28]],[[5852,2414],[76,-14]],[[5928,2400],[24,6]],[[5952,2406],[75,104]],[[6027,2510],[7,23]],[[6034,2533],[13,-154]],[[6047,2379],[-26,-9]],[[6021,2370],[-9,-2]],[[6012,2368],[-91,-22],[-37,-7]],[[6464,2215],[-18,-9]],[[6446,2206],[16,11]],[[6462,2217],[2,-2]],[[6745,2206],[-25,-43]],[[6720,2163],[15,44]],[[6735,2207],[5,12]],[[6740,2219],[5,-13]],[[7138,2329],[-89,-27]],[[7049,2302],[-1,5]],[[7048,2307],[90,22]],[[5346,2263],[5,-2]],[[5351,2261],[-1,-1]],[[5350,2260],[-4,3]],[[5311,443],[-12,-21],[-11,-7]],[[5288,415],[13,17],[10,11]],[[5318,460],[-6,-15]],[[5312,445],[5,13],[1,2]],[[4111,2151],[22,32]],[[4133,2183],[6,1]],[[4139,2184],[-24,-38]],[[4115,2146],[-4,5]],[[4214,2347],[-1,0],[-2,0]],[[4211,2347],[3,0]],[[8175,3377],[12,-2]],[[8187,3375],[25,-4]],[[8212,3371],[5,-10]],[[8217,3361],[0,-3]],[[8217,3358],[-129,37]],[[8088,3395],[75,-15]],[[8163,3380],[3,-1]],[[8166,3379],[9,-2]],[[9525,3393],[-2,0]],[[9523,3393],[-31,46],[-16,-17]],[[9476,3422],[-27,19]],[[9449,3441],[19,104],[-56,-98]],[[9412,3447],[-38,-23],[-43,-82],[71,-59]],[[9402,3283],[-56,-100],[146,117],[-127,82]],[[9365,3382],[166,-45],[23,-211],[66,146]],[[9620,3272],[-59,73]],[[9561,3345],[-12,26]],[[9549,3371],[-8,36],[-16,-14]],[[9573,3313],[-1,0],[-2,4]],[[9570,3317],[3,-4]],[[9350,3356],[-3,3],[1,7]],[[9348,3366],[2,-10]],[[6534,3596],[2,-3],[7,-1]],[[6543,3592],[113,-12]],[[6656,3580],[76,-105]],[[6732,3475],[36,-111],[69,56]],[[6837,3420],[1,39]],[[6838,3459],[28,71],[-76,-19]],[[6790,3511],[-86,102]],[[6704,3613],[208,251],[-85,-55],[-140,155],[-183,18]],[[6504,3982],[-56,16]],[[6448,3998],[-120,-40]],[[6328,3958],[-38,-33]],[[6290,3925],[-14,-1]],[[6276,3924],[83,114],[-90,29]],[[6269,4067],[-30,75],[-88,67]],[[6151,4209],[-33,-60],[102,-116]],[[6220,4033],[-22,-87]],[[6198,3946],[-60,5],[56,-55]],[[6194,3896],[118,-64]],[[6312,3832],[34,-38]],[[6346,3794],[26,-38],[39,16]],[[6411,3772],[38,-50]],[[6449,3722],[24,-82]],[[6473,3640],[61,-44]],[[9374,3564],[103,22]],[[9477,3586],[11,-8],[80,107],[-70,-68]],[[9498,3617],[-98,19]],[[9400,3636],[-171,9],[8,-109]],[[9237,3536],[-229,115],[-150,-59],[191,-8],[-5,-139],[125,-9],[-73,-74],[-82,15]],[[9014,3377],[130,39],[-133,-18]],[[9011,3398],[-60,-64],[-68,110],[-52,-112],[252,-35]],[[9083,3297],[-50,-116],[115,43]],[[9148,3224],[-1,17],[-11,22]],[[9136,3263],[119,151],[-111,-46]],[[9144,3368],[109,83],[109,-9],[-68,89]],[[9294,3531],[70,72]],[[9364,3603],[4,-13]],[[9368,3590],[-57,-43],[63,17]],[[11307,3687],[-2,-5],[3,0]],[[11308,3682],[14,-47]],[[11322,3635],[-36,1],[9,-50]],[[11295,3586],[47,-58],[-80,27],[-3,166]],[[11259,3721],[6,10],[-1,3]],[[11264,3734],[43,-47]],[[9338,3737],[-33,23],[26,-29]],[[9331,3731],[93,-65],[-6,66],[43,-61],[138,89]],[[9599,3760],[82,57],[-61,30]],[[9620,3847],[2,46]],[[9622,3893],[74,74],[-100,7],[20,-64]],[[9616,3910],[-53,-5]],[[9563,3905],[15,174],[-49,-103]],[[9529,3976],[-295,-68],[72,101],[-52,96]],[[9254,4105],[54,2],[-54,2]],[[9254,4109],[89,57],[36,-115],[92,159],[98,-25],[39,124],[128,8]],[[9736,4317],[61,62],[-49,-11]],[[9748,4368],[-30,120],[124,166],[-351,-270]],[[9491,4384],[-23,55]],[[9468,4439],[29,54],[-45,-48]],[[9452,4445],[-1,0]],[[9451,4445],[-11,-3]],[[9440,4442],[-31,-15],[-2,-3]],[[9407,4424],[-76,53],[-235,-143],[31,-130]],[[9127,4204],[19,60]],[[9146,4264],[279,126]],[[9425,4390],[36,-32]],[[9461,4358],[-337,-262],[94,-244],[100,-6],[20,-109]],[[7634,3559],[-17,-5],[-9,0]],[[7608,3554],[20,5],[6,0]],[[7694,3549],[-4,2],[-9,5]],[[7681,3556],[11,-4],[2,-3]],[[7698,3542],[-3,2],[0,3]],[[7695,3547],[3,-5]],[[7734,3542],[-14,-8],[-20,8]],[[7700,3542],[21,3],[13,-3]],[[7757,3548],[1,1]],[[7758,3549],[-1,-1],[0,0]],[[7908,3474],[23,6],[53,-20]],[[7984,3460],[-41,4],[-35,10]],[[8369,3802],[-6,4],[1,-19]],[[8364,3787],[-88,48],[100,94],[-181,98],[52,106],[-104,-65]],[[8143,4068],[57,126]],[[8200,4194],[71,-12],[-51,25]],[[8220,4207],[246,71],[-189,-38]],[[8277,4240],[-54,36],[14,-49]],[[8237,4227],[-35,-14]],[[8202,4213],[-161,13]],[[8041,4226],[-1,-2],[0,0]],[[8040,4224],[37,-6],[114,-8]],[[8191,4210],[-76,-53]],[[8115,4157],[-119,18],[4,-211],[229,-71],[-175,101],[67,102]],[[8121,4096],[33,-51],[7,14]],[[8161,4059],[5,0],[4,-1]],[[8170,4058],[14,-32]],[[8184,4026],[116,-117],[-58,-143],[86,-104],[163,-48],[-41,90],[-81,-28],[40,149]],[[8409,3825],[3,13],[-11,-3]],[[8401,3835],[-40,47],[8,-80]],[[8867,3940],[-6,15],[0,-16]],[[8861,3939],[-102,30],[182,57],[139,115],[-42,146],[-200,65]],[[8838,4352],[-6,-1]],[[8832,4351],[152,124],[3,125],[265,-24],[-196,-89],[316,14],[-121,136],[125,-35],[-22,149],[-129,28],[305,81],[-195,-25]],[[9335,4835],[-14,45],[-43,-20]],[[9278,4860],[-289,6],[15,-82],[-78,-56],[69,-92],[-164,-223],[-76,33],[137,52],[-148,85],[136,10],[-141,23],[19,138],[-144,-83]],[[8614,4671],[-8,0]],[[8606,4671],[-103,96]],[[8503,4767],[50,60],[-53,-36]],[[8500,4791],[-87,95]],[[8413,4886],[-34,7],[32,-21]],[[8411,4872],[110,-268],[-99,103],[-82,-75],[-4,173],[-143,9],[139,-238],[90,18]],[[8422,4594],[6,-7],[6,-1]],[[8434,4586],[-85,-78],[198,-109]],[[8547,4399],[-11,-3],[4,-9]],[[8540,4387],[28,-23],[97,81]],[[8665,4445],[4,43],[-10,-35]],[[8659,4453],[-66,144]],[[8593,4597],[11,4],[-11,4]],[[8593,4605],[32,-3],[58,-32],[15,-114],[108,-137]],[[8806,4319],[-28,-71],[85,7]],[[8863,4255],[5,-56]],[[8868,4199],[-36,8]],[[8832,4207],[-193,38],[-32,97],[-127,-58],[59,-71],[24,-142],[166,-83],[-109,-39],[161,-132],[-74,-66],[111,25],[-131,-196],[243,208],[-264,140],[114,-6],[83,-3],[4,21]],[[11235,3939],[1,9]],[[11236,3948],[1,7]],[[11237,3955],[25,10]],[[11262,3965],[-16,-122]],[[11246,3843],[-4,1]],[[11242,3844],[-7,95]],[[10333,4068],[-4,10]],[[10329,4078],[0,39]],[[10329,4117],[202,-10],[-67,12]],[[10464,4119],[21,52]],[[10485,4171],[134,-25],[-105,-69],[-180,-10]],[[10334,4067],[-1,1]],[[8156,4058],[-1,-2],[-4,1]],[[8151,4057],[5,1]],[[8793,4142],[57,-1],[71,14]],[[8921,4155],[65,-67],[-117,-45],[-76,99]],[[9126,4243],[-3,3],[6,6]],[[9129,4252],[-3,-9]],[[11100,4513],[1,14],[-6,-15]],[[11095,4512],[-28,18],[54,6]],[[11121,4536],[11,-14],[1,19]],[[11133,4541],[37,67]],[[11170,4608],[19,-31]],[[11189,4577],[36,-25]],[[11225,4552],[-9,-7],[0,-22]],[[11216,4523],[-49,-76]],[[11167,4447],[-39,50]],[[11128,4497],[-28,16]],[[7230,4577],[1,9],[-2,3]],[[7229,4589],[-24,96],[71,-5],[-140,180],[-128,-58],[97,-38],[-3,-127]],[[7102,4637],[-1,-3],[3,-1]],[[7104,4633],[4,-7]],[[7108,4626],[80,-156],[42,107]],[[8067,4593],[-11,-16],[20,20]],[[8076,4597],[177,71],[-178,31]],[[8075,4699],[-69,33],[0,-24]],[[8006,4708],[61,-115]],[[8628,4629],[-1,15],[5,12]],[[8632,4656],[93,-61],[-97,34]],[[4326,4695],[66,-43]],[[4392,4652],[284,95],[-283,-70]],[[4393,4677],[-6,3]],[[4387,4680],[-2,2],[-9,2]],[[4376,4684],[-7,6]],[[4369,4690],[-27,95],[-310,-256],[127,-51],[70,159],[97,58]],[[9684,4717],[-8,-13]],[[9676,4704],[4,-103],[191,129],[-84,37],[184,65],[-57,63],[-143,-70]],[[9771,4825],[-18,12]],[[9753,4837],[-9,-2],[-16,-20]],[[9728,4815],[-29,-14]],[[9699,4801],[-109,-19],[94,-65]],[[8869,5021],[6,12],[-10,-8]],[[8865,5025],[-105,0],[79,-75],[-40,-129],[151,-43],[-86,126],[92,57],[-87,60]],[[8547,5089],[-3,1],[-1,-2]],[[8543,5088],[-11,0]],[[8532,5088],[-13,7],[7,-13]],[[8526,5082],[-2,-11]],[[8524,5071],[-109,92],[-100,-54],[99,-117],[0,111],[112,-47]],[[8526,5056],[63,15],[-42,18]],[[6431,5194],[7,-21],[5,17]],[[6443,5190],[2,-130]],[[6445,5060],[-25,-26]],[[6420,5034],[-37,-155],[-116,-12]],[[6267,4867],[4,13],[-4,3]],[[6267,4883],[164,311]],[[5865,5280],[-12,-56]],[[5853,5224],[-3,-12]],[[5850,5212],[-60,-6],[56,109],[-135,39]],[[5711,5354],[2,41]],[[5713,5395],[65,-27]],[[5778,5368],[94,-28]],[[5872,5340],[-7,-60]],[[8663,5267],[14,1],[5,11]],[[8682,5279],[86,70],[-194,-53],[89,-29]],[[11806,5173],[1,-24]],[[11807,5149],[-5,4]],[[11802,5153],[4,20]],[[11812,5210],[4,-8],[-12,-16]],[[11804,5186],[0,14],[8,10]],[[11811,5146],[11,59],[-5,8]],[[11817,5213],[16,-22],[-22,-45]],[[5885,5430],[13,-2],[-14,11]],[[5884,5439],[-67,87]],[[5817,5526],[5,19]],[[5822,5545],[9,7]],[[5831,5552],[1,-3],[7,2]],[[5839,5551],[59,-26]],[[5898,5525],[19,-119]],[[5917,5406],[-32,24]],[[5247,5424],[26,14],[-5,31]],[[5268,5469],[-136,30],[29,-137],[86,62]],[[5484,5617],[-4,-18]],[[5480,5599],[40,-82],[53,149],[-77,-41]],[[5496,5625],[-5,-3]],[[5491,5622],[-7,-3],[0,-2]],[[8832,5674],[38,14],[-40,0]],[[8830,5688],[-2,130],[-137,-196],[202,-31],[-61,83]],[[7513,5667],[-176,-11],[110,87],[-117,-89],[182,11]],[[7512,5665],[-140,-43],[-52,-252],[197,202],[220,35],[268,-93],[-243,124],[148,101],[-229,40],[99,16],[-67,20],[46,75],[273,-12],[-113,50],[214,147],[-101,33],[66,112],[-85,81]],[[8013,6301],[4,1],[-3,9]],[[8014,6311],[-123,85],[-335,-251],[108,-71],[-66,-146],[63,-11],[-31,-117],[-163,-53],[46,-80]],[[10511,4347],[0,-24]],[[10511,4323],[-52,-4]],[[10459,4319],[5,36]],[[10464,4355],[47,-8]],[[9932,5351],[1,-5],[0,-4]],[[9933,5342],[-1,9]],[[9461,5494],[-7,-40]],[[9454,5454],[-68,16]],[[9386,5470],[74,36]],[[9460,5506],[1,-12]],[[9457,5878],[118,-81]],[[9575,5797],[0,-8]],[[9575,5789],[5,-10]],[[9580,5779],[-129,-8]],[[9451,5771],[6,107]],[[9474,5884],[-1,-1],[-1,0]],[[9472,5883],[2,1]],[[9575,5803],[-40,66]],[[9535,5869],[180,96],[-8,99],[117,55],[-44,122],[59,-26]],[[9839,6215],[41,-163],[-80,-52]],[[9800,6000],[-225,-197]],[[5166,5999],[-11,-26],[24,16]],[[5179,5989],[119,-39],[-97,73],[65,38],[-201,-16],[101,-46]],[[9688,6109],[-10,-16],[2,-3]],[[9680,6090],[-21,-82],[-125,11],[154,90]],[[11043,5931],[-15,-39],[148,131]],[[11176,6023],[-120,-221],[-49,60],[36,69]],[[11179,6028],[-114,-71]],[[11065,5957],[-330,-63],[52,63]],[[10787,5957],[38,11],[5,27]],[[10830,5995],[55,135]],[[10885,6130],[30,-50]],[[10915,6080],[8,-10]],[[10923,6070],[333,22]],[[11256,6092],[-27,-32]],[[11229,6060],[-7,0],[-13,-12]],[[11209,6048],[-20,-16]],[[11189,6032],[-9,-3],[-1,-1]],[[11303,6203],[-26,-41]],[[11277,6162],[-66,-45],[1,76]],[[11212,6193],[18,40],[-45,21]],[[11185,6254],[12,23]],[[11197,6277],[100,-70]],[[11297,6207],[6,-4]],[[11283,6164],[25,36]],[[11308,6200],[67,7],[6,-120],[-147,-26]],[[11234,6061],[26,33]],[[11260,6094],[10,12]],[[11270,6106],[1,2]],[[11271,6108],[37,46],[-25,10]],[[6590,6255],[-16,3]],[[6574,6258],[-63,4]],[[6511,6262],[-17,180],[117,45]],[[6611,6487],[-15,-83],[57,17]],[[6653,6421],[91,-42]],[[6744,6379],[-164,0],[15,-122]],[[6595,6257],[-5,-2]],[[2389,5852],[0,-1],[1,-5]],[[2390,5846],[-1,6]],[[5212,6420],[-2,15],[1,8]],[[5211,6443],[3,-22],[-2,-1]],[[6037,6522],[2,-5],[2,-1]],[[6041,6516],[94,-55],[-100,-79],[-80,86],[82,54]],[[7171,4286],[-8,10],[-4,8]],[[7159,4304],[10,-15],[2,-3]],[[7718,6486],[-61,-5]],[[7657,6481],[-4,4]],[[7653,6485],[6,8]],[[7659,6493],[82,19]],[[7741,6512],[-4,-10]],[[7737,6502],[-12,0],[-2,-4]],[[7723,6498],[-6,-12],[1,0]],[[7756,6478],[-3,0],[0,0]],[[7753,6478],[3,0]],[[7793,6508],[-6,-8],[-31,-22]],[[7756,6478],[28,26],[9,4]],[[7866,6521],[-7,-3],[-10,0]],[[7849,6518],[17,3]],[[7922,6532],[5,-15],[-13,-8]],[[7914,6509],[10,8],[-2,15]],[[11341,6263],[-1,1],[2,-1]],[[11342,6263],[-1,0]],[[11432,6381],[-74,-88],[-49,68]],[[11309,6361],[94,80],[29,-60]],[[11464,6460],[6,-11],[-8,-14]],[[11462,6435],[2,12],[0,13]],[[11349,6259],[51,53],[40,65]],[[11440,6377],[66,-58],[-157,-60]],[[8756,6602],[-1,0],[-1,0]],[[8754,6602],[-77,37],[-18,-85],[250,-19],[-20,85],[-133,-18]],[[11487,6848],[-1,-9]],[[11486,6839],[62,-96]],[[11548,6743],[-31,-14]],[[11517,6729],[-38,18]],[[11479,6747],[-32,117]],[[11447,6864],[45,-4]],[[11492,6860],[-3,-3]],[[11489,6857],[0,-1],[-2,-8]],[[8455,6915],[-7,0],[-2,-8]],[[8446,6907],[-5,-189],[100,216],[-75,-20]],[[8466,6914],[6,7],[-10,1]],[[8462,6922],[-7,-7]],[[8982,6960],[-1,0],[-12,-10]],[[8969,6950],[5,9],[5,2],[3,-1]],[[1684,6457],[-255,159],[-66,225]],[[1363,6841],[-27,102]],[[1336,6943],[44,198],[-1,-136],[86,59],[3,-79],[206,15],[281,-273],[51,55]],[[2006,6782],[-3,-16]],[[2003,6766],[-4,-65]],[[1999,6701],[0,-2]],[[1999,6699],[-5,-30]],[[1994,6669],[-28,-83],[-5,-73]],[[1961,6513],[-14,-24]],[[1947,6489],[-263,-32]],[[8264,7091],[-3,0]],[[8261,7091],[3,1]],[[8264,7092],[0,-1]],[[11182,7079],[3,12],[-10,-8]],[[11175,7083],[-94,-52]],[[11081,7031],[-125,55]],[[10956,7086],[21,49]],[[10977,7135],[96,77]],[[11073,7212],[10,3]],[[11083,7215],[4,1],[2,3]],[[11089,7219],[120,73]],[[11209,7292],[9,-61]],[[11218,7231],[-1,-29],[5,-21]],[[11222,7181],[-5,-93]],[[11217,7088],[-35,-9]],[[7887,6575],[3,5],[0,-12]],[[7890,6568],[-3,4],[0,3]],[[7862,6603],[17,-19]],[[7879,6584],[-7,-2]],[[7872,6582],[-10,21]],[[7845,6698],[1,-87]],[[7846,6611],[-15,85]],[[7831,6696],[14,2]],[[7707,6831],[7,-6],[0,-17]],[[7714,6808],[-1,1],[-6,22]],[[7672,6895],[9,-21]],[[7681,6874],[-9,17]],[[7672,6891],[0,4]],[[7669,6927],[8,-28],[-7,12]],[[7670,6911],[-1,16]],[[7731,6977],[-62,-46]],[[7669,6931],[5,16]],[[7674,6947],[57,30]],[[7716,7123],[-3,-102]],[[7713,7021],[-3,50]],[[7710,7071],[6,52]],[[7500,7243],[-13,5]],[[7487,7248],[27,25]],[[7514,7273],[-14,-30]],[[10064,7232],[-35,35],[26,-36]],[[10055,7231],[-71,17]],[[9984,7248],[-52,82]],[[9932,7330],[169,-41]],[[10101,7289],[8,-3]],[[10109,7286],[1,0]],[[10110,7286],[16,-10]],[[10126,7276],[11,-12],[1,10]],[[10138,7274],[80,88],[38,-106]],[[10256,7256],[-25,-47]],[[10231,7209],[-62,-36]],[[10169,7173],[-91,51]],[[10078,7224],[-14,8]],[[7667,7355],[3,-2],[2,5]],[[7672,7358],[-24,-92]],[[7648,7266],[-7,12]],[[7641,7278],[-2,12],[-5,-1]],[[7634,7289],[25,60]],[[7659,7349],[8,6]],[[9706,7421],[7,0],[-6,4]],[[9707,7425],[-16,107]],[[9691,7532],[59,-43]],[[9750,7489],[104,-13],[-70,18]],[[9784,7494],[74,93]],[[9858,7587],[86,-19]],[[9944,7568],[-27,-127]],[[9917,7441],[4,-24]],[[9921,7417],[-94,-138]],[[9827,7279],[-16,16]],[[9811,7295],[-32,78],[-44,-9]],[[9735,7364],[-10,8]],[[9725,7372],[-19,49]],[[2362,7281],[29,23]],[[2391,7304],[9,-113],[-113,-34]],[[2287,7157],[-21,34]],[[2266,7191],[27,1],[25,21],[37,22],[-5,35]],[[2350,7270],[4,5],[8,6]],[[2203,7150],[-5,16],[8,15]],[[2206,7181],[-3,-10],[0,-21]],[[2181,7080],[-117,-144]],[[2064,6936],[41,75]],[[2105,7011],[76,69]],[[2315,7219],[-19,-19],[-19,4]],[[2277,7204],[25,10],[13,5]],[[2345,7248],[5,-15],[-27,-10]],[[2323,7223],[18,14],[4,11]],[[2424,7304],[59,36],[32,65]],[[2515,7405],[104,13],[-195,-114]],[[8419,7562],[-30,-20],[17,4]],[[8406,7546],[-15,-17]],[[8391,7529],[-31,-97],[-46,84],[-60,-50]],[[8254,7466],[25,126],[140,-30]],[[3034,7522],[18,0],[21,-19]],[[3073,7503],[-33,18],[-6,1]],[[3118,7492],[3,48],[65,23]],[[3186,7563],[-11,-39],[-57,-32]],[[10278,7633],[33,-43]],[[10311,7590],[113,-35]],[[10424,7555],[45,48]],[[10469,7603],[9,-10]],[[10478,7593],[-15,-136]],[[10463,7457],[-40,1]],[[10423,7458],[-18,27]],[[10405,7485],[-68,6]],[[10337,7491],[-65,63],[-4,-132]],[[10268,7422],[-20,7]],[[10248,7429],[-30,359]],[[10218,7788],[57,-45]],[[10275,7743],[3,-110]],[[10480,7698],[-102,-3]],[[10378,7695],[25,23]],[[10403,7718],[7,-5],[16,6]],[[10426,7719],[3,27]],[[10429,7746],[14,4],[-20,2]],[[10423,7752],[-114,124],[-119,-7]],[[10190,7869],[-129,-104]],[[10061,7765],[-91,-27]],[[9970,7738],[-22,67]],[[9948,7805],[5,23],[70,30]],[[10023,7858],[77,39],[-87,105],[135,70],[-62,44]],[[10086,8116],[7,113],[-92,11],[2,-81]],[[10003,8159],[-116,22]],[[9887,8181],[56,44],[-62,-31]],[[9881,8194],[-39,111],[118,-67],[107,131]],[[10067,8369],[49,9]],[[10116,8378],[30,-10]],[[10146,8368],[200,10]],[[10346,8378],[113,11]],[[10459,8389],[-26,-179]],[[10433,8210],[-38,-85],[-111,77],[65,-117]],[[10349,8085],[4,-9],[6,22]],[[10359,8098],[184,12]],[[10543,8110],[-76,-86],[195,-101]],[[10662,7923],[-172,-100],[32,-55]],[[10522,7768],[6,-10],[5,3]],[[10533,7761],[-53,-63]],[[7596,7262],[7,-13]],[[7603,7249],[-44,-16]],[[7559,7233],[-22,47]],[[7537,7280],[26,12]],[[7563,7292],[33,-4]],[[7596,7288],[0,-26]],[[7606,7731],[-5,2]],[[7601,7733],[124,132]],[[7725,7865],[-6,-18],[8,17]],[[7727,7864],[74,-141],[-183,11]],[[7618,7734],[98,115],[-103,-116]],[[7613,7733],[-6,-2],[-1,0]],[[3224,7579],[-3,24],[45,10]],[[3266,7613],[-16,-11],[-26,-23]],[[3539,8147],[1,23],[-6,2]],[[3534,8172],[-55,90]],[[3479,8262],[-4,27],[-4,1]],[[3471,8290],[-55,50]],[[3416,8340],[-165,90],[34,-43]],[[3285,8387],[5,-240],[249,0]],[[9629,8233],[-2,0],[-2,1]],[[9625,8234],[4,-1]],[[9572,8231],[62,1]],[[9634,8232],[187,-37]],[[9821,8195],[-3,-34]],[[9818,8161],[-107,-99],[-133,57]],[[9578,8119],[-98,6]],[[9480,8125],[3,96]],[[9483,8221],[26,18],[23,-1]],[[9532,8238],[40,-7]],[[3789,8496],[-2,-6],[10,1]],[[3797,8491],[28,-46]],[[3825,8445],[-7,-18]],[[3818,8427],[-15,-26]],[[3803,8401],[-22,-20]],[[3781,8381],[-45,70],[-68,-56]],[[3668,8395],[-61,-6]],[[3607,8389],[7,194]],[[3614,8583],[13,17]],[[3627,8600],[37,-63]],[[3664,8537],[18,-17]],[[3682,8520],[9,0],[-2,22]],[[3689,8542],[50,-25]],[[3739,8517],[50,-21]],[[11024,8486],[-1,7],[-7,-6]],[[11016,8487],[-11,7]],[[11005,8494],[20,140]],[[11025,8634],[-1,-148]],[[3289,8661],[-4,3],[-1,-2]],[[3284,8662],[-12,3]],[[3272,8665],[-11,93]],[[3261,8758],[24,85],[169,-1],[-129,161]],[[3325,9003],[30,1]],[[3355,9004],[30,34],[-117,67]],[[3268,9105],[-39,129],[-53,-123]],[[3176,9111],[-16,7]],[[3160,9118],[-14,12],[-42,8],[-34,-68],[77,45]],[[3147,9115],[12,-120],[-114,7],[51,-79]],[[3096,8923],[145,-148]],[[3241,8775],[-9,-19]],[[3232,8756],[-26,0],[-13,-41]],[[3193,8715],[-99,8],[8,74],[-93,-111],[213,-68]],[[3222,8618],[-114,-50],[112,-75],[-78,-93],[114,64],[124,-32],[-60,199],[-31,30]],[[338,8259],[-2,-11],[-10,-1]],[[326,8247],[12,12]],[[889,8761],[38,11],[-36,-2]],[[891,8770],[44,32]],[[935,8802],[55,-71]],[[990,8731],[11,-20],[22,6]],[[1023,8717],[68,-28]],[[1091,8689],[-225,-56],[23,128]],[[10920,8824],[5,0],[-1,4]],[[10924,8828],[10,7]],[[10934,8835],[-16,-29],[-41,-32],[-70,48],[42,108]],[[10849,8930],[71,-106]],[[10693,8878],[-8,20]],[[10685,8898],[-32,68]],[[10653,8966],[79,10]],[[10732,8976],[40,0]],[[10772,8976],[10,-8],[11,1]],[[10793,8969],[-5,-38]],[[10788,8931],[-12,-4],[12,-6]],[[10788,8921],[-95,-43]],[[11184,8930],[4,3],[-4,2]],[[11184,8935],[-37,44]],[[11147,8979],[-32,104]],[[11115,9083],[-9,7],[-13,-7]],[[11093,9083],[-127,-61],[-11,88]],[[10955,9110],[31,175],[-59,-42]],[[10927,9243],[-71,-26]],[[10856,9217],[-1,-4],[3,-2]],[[10858,9211],[21,-21]],[[10879,9190],[4,-9],[3,3]],[[10886,9184],[6,-4]],[[10892,9180],[-32,-49]],[[10860,9131],[-15,5],[8,-9]],[[10853,9127],[-50,-21]],[[10803,9106],[-33,10],[5,-35]],[[10775,9081],[-1,-1]],[[10774,9080],[-6,37],[46,119]],[[10814,9236],[-16,45]],[[10798,9281],[130,211]],[[10928,9492],[64,-58]],[[10992,9434],[6,-120],[105,-1],[52,56],[-104,88]],[[11051,9457],[-32,14]],[[11019,9471],[-34,48],[-1,-47]],[[10984,9472],[-50,32]],[[10934,9504],[8,98],[-44,-95]],[[10898,9507],[24,103]],[[10922,9610],[8,3],[-8,3]],[[10922,9616],[-52,152]],[[10870,9768],[63,-65],[85,6]],[[11018,9709],[63,1]],[[11081,9710],[37,-76],[-38,120],[81,-52],[-5,87]],[[11156,9789],[72,221],[218,38],[7,211],[106,-2]],[[11559,10257],[42,-44]],[[11601,10213],[105,35],[-86,38]],[[11620,10286],[21,93]],[[11641,10379],[62,39],[-121,-33]],[[11582,10385],[-51,-9]],[[11531,10376],[53,115],[-87,38]],[[11497,10529],[193,5],[-38,31]],[[11652,10565],[11,44]],[[11663,10609],[5,18]],[[11668,10627],[62,6]],[[11730,10633],[5,0],[13,-7]],[[11748,10626],[288,-186]],[[12036,10440],[-248,-20],[9,-83]],[[11797,10337],[-72,-62]],[[11725,10275],[-19,2],[24,-7]],[[11730,10270],[84,24]],[[11814,10294],[114,-96]],[[11928,10198],[-48,15]],[[11880,10213],[9,12],[-16,-4]],[[11873,10221],[-9,1],[30,-62]],[[11894,10160],[-120,23]],[[11774,10183],[1,42],[-54,-13]],[[11721,10212],[-41,-42]],[[11680,10170],[57,-71],[-77,-5],[-42,-69]],[[11618,10025],[31,-83]],[[11649,9942],[9,-3],[-2,-26]],[[11656,9913],[22,-75]],[[11678,9838],[-81,3],[57,-192],[-65,-3]],[[11589,9646],[-6,99],[-30,-72]],[[11553,9673],[-114,75],[20,-72],[182,-58]],[[11641,9618],[8,-12],[18,2]],[[11667,9608],[-29,-24]],[[11638,9584],[-49,-27]],[[11589,9557],[-55,-47]],[[11534,9510],[-72,-4]],[[11462,9506],[-90,2],[72,-64]],[[11444,9444],[-2,-25]],[[11442,9419],[-28,-44]],[[11414,9375],[30,-77]],[[11444,9298],[76,-58]],[[11520,9240],[-17,4],[3,-10]],[[11506,9234],[-41,-59],[18,4]],[[11483,9179],[1,0],[0,0]],[[11484,9179],[23,-17],[-87,-38],[197,-46],[64,68],[48,-132]],[[11729,9014],[-18,-20],[26,-53]],[[11737,8941],[2,-28]],[[11739,8913],[-43,-65]],[[11696,8848],[-13,64],[-90,-10]],[[11593,8902],[-24,-9]],[[11569,8893],[-85,37]],[[11484,8930],[-61,21],[47,-109]],[[11470,8842],[-68,119],[-50,-48]],[[11352,8913],[-163,-57]],[[11189,8856],[-5,74]],[[951,8967],[23,-7],[-23,18]],[[951,8978],[-18,7]],[[933,8985],[-5,10],[-3,-12]],[[925,8983],[-68,-8]],[[857,8975],[26,49]],[[883,9024],[103,46]],[[986,9070],[29,-10]],[[1015,9060],[-12,-28],[19,13]],[[1022,9045],[9,-165],[-99,-43]],[[932,8837],[19,130]],[[1182,9170],[-4,1],[-6,1]],[[1172,9172],[-64,98],[-201,-188],[-118,77],[63,256]],[[852,9415],[9,40]],[[861,9455],[40,144]],[[901,9599],[20,6],[-24,29]],[[897,9634],[-36,160]],[[861,9794],[-1,3]],[[860,9797],[38,-6]],[[898,9791],[102,21]],[[1000,9812],[24,-5]],[[1024,9807],[22,-235],[65,144]],[[1111,9716],[21,-14],[-15,30]],[[1117,9732],[-7,75]],[[1110,9807],[51,-5]],[[1161,9802],[54,-53],[54,17],[-81,37]],[[1188,9803],[1,23]],[[1189,9826],[141,-53],[-19,-143]],[[1311,9630],[-74,-61]],[[1237,9569],[10,-48]],[[1247,9521],[45,-102]],[[1292,9419],[-9,-22],[2,-1]],[[1285,9396],[-23,-77],[30,75]],[[1292,9394],[54,-2]],[[1346,9392],[86,-130]],[[1432,9262],[-42,-17]],[[1390,9245],[-21,14]],[[1369,9259],[-58,2],[-8,-22]],[[1303,9239],[33,-132]],[[1336,9107],[-39,-104],[74,-15]],[[1371,8988],[-103,-60]],[[1268,8928],[-47,37],[13,-43]],[[1234,8922],[69,-142],[128,37]],[[1431,8817],[7,-20]],[[1438,8797],[-43,-55],[72,-10]],[[1467,8732],[86,-50]],[[1553,8682],[-133,-10],[-15,-115]],[[1405,8557],[-8,-34],[5,-11]],[[1402,8512],[-26,-15]],[[1376,8497],[-80,-60],[54,-75],[-87,39]],[[1263,8401],[-12,67],[-55,-132],[-74,56],[120,125]],[[1242,8517],[60,-1],[-29,22]],[[1273,8538],[74,101],[-106,42]],[[1241,8681],[-101,-21]],[[1140,8660],[78,478]],[[1218,9138],[-36,32]],[[11233,9212],[-33,-36],[47,35]],[[11247,9211],[12,33],[-32,-3],[-65,0]],[[11162,9241],[5,203],[-5,-112],[-27,-85]],[[11135,9247],[-103,-6],[94,-27]],[[11126,9214],[8,-2]],[[11134,9212],[99,0]],[[699,9410],[-19,-3]],[[680,9407],[5,130]],[[685,9537],[13,13]],[[698,9550],[1,-140]],[[1394,9451],[-18,-5],[-3,-11]],[[1373,9435],[-16,-22]],[[1357,9413],[-31,111]],[[1326,9524],[19,45]],[[1345,9569],[38,17]],[[1383,9586],[30,-47]],[[1413,9539],[-3,-10]],[[1410,9529],[-16,-78]],[[1378,9438],[5,6],[4,0]],[[1387,9444],[-7,-5],[-2,-1]],[[1067,9453],[65,-158],[-35,120]],[[1097,9415],[115,223],[-127,-114],[-18,-71]],[[11001,9427],[37,6],[-3,8]],[[11035,9441],[12,-8],[-2,-36],[-44,30]],[[431,9352],[17,80]],[[448,9432],[76,16]],[[524,9448],[8,-64]],[[532,9384],[-101,-32]],[[10726,9541],[4,20]],[[10730,9561],[134,52],[-31,-103]],[[10833,9510],[-127,-85]],[[10706,9425],[20,116]],[[10716,9550],[-1,-4],[1,-4]],[[10716,9542],[-6,1],[6,7]],[[1265,9502],[-6,4],[-2,2]],[[1257,9508],[8,-6]],[[1294,9458],[-5,1],[-1,7]],[[1288,9466],[5,-7],[1,-1]],[[1411,9530],[3,6]],[[1414,9536],[1,-4]],[[1415,9532],[-4,-2]],[[3000,9366],[-5,20],[17,-3]],[[3012,9383],[-3,-6],[-9,-11]],[[11659,9613],[-8,-4],[-5,9]],[[11646,9618],[7,-1],[6,-4]],[[2508,9618],[-3,13],[-13,7]],[[2492,9638],[-30,110],[83,13]],[[2545,9761],[-7,-60],[35,23]],[[2573,9724],[-65,-106]],[[7696,9685],[-3,13],[-12,-12]],[[7681,9686],[-87,-82]],[[7594,9604],[-28,16]],[[7566,9620],[0,2],[1,6]],[[7567,9628],[1,6]],[[7568,9634],[11,17],[2,6]],[[7581,9657],[13,36],[-140,161],[198,4]],[[7652,9858],[-66,-119]],[[7586,9739],[11,-11]],[[7597,9728],[2,-3],[10,2]],[[7609,9727],[3,5]],[[7612,9732],[76,71],[33,-79],[-17,97]],[[7704,9821],[2,9]],[[7706,9830],[0,5]],[[7706,9835],[87,-14]],[[7793,9821],[94,-6]],[[7887,9815],[-92,-15],[38,-63]],[[7833,9737],[-79,-141],[-58,89]],[[11742,9695],[-11,1],[7,-5]],[[11738,9691],[-5,-123],[-65,100]],[[11668,9668],[33,111]],[[11701,9779],[30,-18]],[[11731,9761],[-2,-19],[23,-21]],[[11752,9721],[-10,-26]],[[7393,9765],[1,-3],[-4,-3]],[[7390,9759],[3,6]],[[7234,9772],[24,-2]],[[7258,9770],[-1,-4]],[[7257,9766],[-23,3]],[[7234,9769],[0,3]],[[7201,9770],[-30,1]],[[7171,9771],[-24,12]],[[7147,9783],[63,84],[-79,0]],[[7131,9867],[13,84],[77,-20]],[[7221,9931],[4,0],[1,5]],[[7226,9936],[65,-9]],[[7291,9927],[68,68],[85,-69],[-47,190]],[[7397,10116],[95,-49],[36,70],[108,-28]],[[7636,10109],[48,-18]],[[7684,10091],[-1,-6],[7,1]],[[7690,10086],[293,116]],[[7983,10202],[3,0],[0,2]],[[7986,10204],[41,37]],[[8027,10241],[5,-2],[6,0]],[[8038,10239],[48,-15]],[[8086,10224],[4,3]],[[8090,10227],[4,4]],[[8094,10231],[4,3]],[[8098,10234],[45,0]],[[8143,10234],[-43,-52],[46,50]],[[8146,10232],[90,20],[52,-106]],[[8288,10146],[-66,-34]],[[8222,10112],[-284,14],[-126,-186]],[[7812,9940],[-19,-24]],[[7793,9916],[-21,66],[-20,-85]],[[7752,9897],[-4,-7],[0,-5]],[[7748,9885],[-69,21],[-29,-4],[-311,-13],[243,-225]],[[7582,9664],[-151,-4],[-27,101]],[[7404,9761],[95,-34],[-82,51],[-102,-11]],[[7315,9767],[15,52],[-56,-42]],[[7274,9777],[-6,-4]],[[7268,9773],[-4,-1]],[[7264,9772],[-31,5]],[[7233,9777],[-6,9],[-26,-16]],[[887,9796],[-9,1],[-7,5]],[[871,9802],[5,-1],[11,-5]],[[9071,9768],[1,16]],[[9072,9784],[28,49]],[[9100,9833],[8,6],[10,3]],[[9118,9842],[31,-10]],[[9149,9832],[-27,-165]],[[9122,9667],[-51,101]],[[7785,9908],[5,2]],[[7790,9910],[-1,-3]],[[7789,9907],[-4,1]],[[7769,9899],[2,0],[1,0]],[[7772,9899],[-3,0]],[[7737,9866],[6,-1],[0,-6]],[[7743,9859],[-6,-1],[0,8]],[[7717,9872],[7,12],[7,-11]],[[7731,9873],[-5,0],[-9,-1]],[[7690,9894],[7,1],[17,-24]],[[7714,9871],[-14,5],[-10,18]],[[7666,9859],[3,5]],[[7669,9864],[-1,-4]],[[7668,9860],[-2,-1]],[[7564,9608],[0,-6]],[[7564,9602],[-3,1]],[[7561,9603],[3,5]],[[1150,9819],[-36,-3]],[[1114,9816],[4,7]],[[1118,9823],[32,-4]],[[7622,9989],[8,7],[-12,-7]],[[7618,9989],[-12,23]],[[7606,10012],[-15,66]],[[7591,10078],[11,14],[-16,19]],[[7586,10111],[-21,-21]],[[7565,10090],[-14,-8],[14,-11]],[[7565,10071],[0,-55]],[[7565,10016],[-13,-43],[35,-22],[35,38]],[[3742,9451],[-4,-4],[-4,-1]],[[3734,9446],[-1,5],[9,0]],[[3735,9443],[14,9]],[[3749,9452],[-5,-60]],[[3744,9392],[-7,1]],[[3737,9393],[1,39],[-3,11]],[[7557,10149],[0,-3],[-1,-3],[-3,-2],[-9,1]],[[7544,10142],[13,5],[0,2]],[[7636,10115],[-80,71]],[[7556,10186],[-61,15]],[[7495,10201],[-21,-80],[-150,65],[69,-79]],[[7393,10107],[-72,32],[-55,118],[30,131]],[[7296,10388],[-1,11],[1,6]],[[7296,10405],[-19,91]],[[7277,10496],[35,13]],[[7312,10509],[24,76]],[[7336,10585],[87,53]],[[7423,10638],[58,-39]],[[7481,10599],[42,30]],[[7523,10629],[110,-4],[-69,-173]],[[7564,10452],[-7,2],[1,-5]],[[7558,10449],[-48,-4],[141,-93]],[[7651,10352],[5,-22],[9,15]],[[7665,10345],[-29,-230]],[[8094,10567],[10,-2],[-7,9]],[[8097,10574],[11,21]],[[8108,10595],[57,-35]],[[8165,10560],[0,-15],[12,-11]],[[8177,10534],[9,-58]],[[8186,10476],[-85,47]],[[8101,10523],[-2,11],[-6,12]],[[8093,10546],[1,21]],[[8206,10448],[-2,0]],[[8204,10448],[-7,6],[-8,15]],[[8189,10469],[8,57]],[[8197,10526],[9,-78]],[[8176,10564],[-64,38]],[[8112,10602],[28,33]],[[8140,10635],[28,40]],[[8168,10675],[8,-111]],[[997,10672],[5,-5],[5,2]],[[1007,10669],[44,-23]],[[1051,10646],[-49,-7],[-7,34]],[[995,10673],[2,-1]],[[3377,10757],[-8,-11]],[[3369,10746],[-83,160]],[[3286,10906],[-1,4],[-5,4]],[[3280,10914],[-30,69],[138,-3]],[[3388,10980],[56,-70]],[[3444,10910],[9,-174],[-72,-5]],[[3381,10731],[5,20]],[[3386,10751],[-1,10],[-8,-4]],[[8407,10838],[-2,12],[-7,-6]],[[8398,10844],[-50,82]],[[8348,10926],[39,15]],[[8387,10941],[40,-71],[-20,-32]],[[2402,10981],[1,-15]],[[2403,10966],[-2,-3]],[[2401,10963],[1,18]],[[1331,10957],[7,-16],[-8,-16]],[[1330,10925],[2,10],[-1,22]],[[7332,11163],[-19,14]],[[7313,11177],[-35,12]],[[7278,11189],[-28,34]],[[7250,11223],[67,52]],[[7317,11275],[6,2]],[[7323,11277],[20,15]],[[7343,11292],[8,9]],[[7351,11301],[79,-21]],[[7430,11280],[-24,-63]],[[7406,11217],[-1,0],[0,-1]],[[7405,11216],[-4,-17]],[[7401,11199],[-2,-2],[1,-1]],[[7400,11196],[-16,-253]],[[7384,10943],[-66,-11]],[[7318,10932],[-57,61]],[[7261,10993],[79,0],[-8,170]],[[3442,11140],[5,3],[10,12]],[[3457,11155],[4,-6],[-19,-9]],[[3779,11181],[5,-17],[1,17]],[[3785,11181],[86,51],[-64,-165]],[[3807,11067],[-14,-8],[-3,5]],[[3790,11064],[-11,117]],[[8136,11211],[4,8]],[[8140,11219],[81,7],[-41,-74]],[[8180,11152],[-35,-4]],[[8145,11148],[-9,63]],[[7160,11205],[-40,27],[3,-25]],[[7123,11207],[-27,34],[26,10]],[[7122,11251],[8,-4],[3,11]],[[7133,11258],[-67,138],[-79,-63]],[[6987,11333],[-37,23],[0,-23]],[[6950,11333],[-63,55],[79,96]],[[6966,11484],[0,-10],[12,13]],[[6978,11487],[1,0]],[[6979,11487],[13,-63],[21,-3]],[[7013,11421],[9,-1],[2,0],[1,2]],[[7025,11422],[14,14]],[[7039,11436],[47,18]],[[7086,11454],[0,-5],[6,-14]],[[7092,11435],[8,-9]],[[7100,11426],[6,-6],[0,-24]],[[7106,11396],[-3,-11],[3,-7]],[[7106,11378],[87,-29]],[[7193,11349],[83,-79]],[[7276,11270],[-33,-46]],[[7243,11224],[-16,3]],[[7227,11227],[-15,11],[-6,-13]],[[7206,11225],[-46,-20]],[[7294,11269],[-6,-2],[-6,2]],[[7282,11269],[12,0]],[[7620,11282],[-2,10],[-7,5]],[[7611,11297],[1,86],[72,-26]],[[7684,11357],[-1,-32],[22,1]],[[7705,11326],[3,-69],[-88,25]],[[1468,11214],[0,23],[-11,-20]],[[1457,11217],[-128,55]],[[1329,11272],[-10,59],[-50,-52]],[[1269,11279],[21,-27],[271,-133],[-93,95]],[[6953,11333],[4,10],[4,-9]],[[6961,11334],[-8,-1]],[[3355,11267],[-2,3],[-1,3]],[[3352,11273],[3,-6]],[[3453,11291],[-4,8]],[[3449,11299],[1,27]],[[3450,11326],[67,23],[0,0],[45,-10]],[[3562,11339],[-16,-22]],[[3546,11317],[-5,-12]],[[3541,11305],[-42,-23],[-17,-27]],[[3482,11255],[-5,9]],[[3477,11264],[-9,8],[-4,5]],[[3464,11277],[-1,1]],[[3463,11278],[-6,6],[-4,7]],[[3564,11257],[52,86]],[[3616,11343],[75,94]],[[3691,11437],[17,9],[-19,-3]],[[3689,11443],[34,99]],[[3723,11542],[1,-11]],[[3724,11531],[32,-27]],[[3756,11504],[7,-2],[-2,8]],[[3761,11510],[7,9]],[[3768,11519],[11,-13],[10,11]],[[3789,11517],[-22,-39]],[[3767,11478],[-7,-61]],[[3760,11417],[3,-6]],[[3763,11411],[-2,-15]],[[3761,11396],[-22,-84]],[[3739,11312],[0,-4]],[[3739,11308],[-14,-8],[0,-9]],[[3725,11291],[-3,-8]],[[3722,11283],[-158,-26]],[[8006,11409],[-55,-54],[66,1]],[[8017,11356],[-85,-33],[-1,224],[75,-138]],[[1215,11357],[-143,20],[113,-93]],[[1185,11284],[16,2],[33,48],[-19,23]],[[880,11303],[-15,84],[6,-85]],[[871,11302],[-5,-19],[190,-174],[31,71],[288,-86],[-495,209]],[[4028,11346],[26,-10]],[[4054,11336],[24,-42],[-75,0]],[[4003,11294],[24,7]],[[4027,11301],[1,1],[-1,3]],[[4027,11305],[1,39]],[[4028,11344],[0,2]],[[8864,11536],[-1,11],[-9,-3]],[[8854,11544],[-10,37]],[[8844,11581],[49,-33]],[[8893,11548],[-29,-12]],[[2359,11595],[-9,-8]],[[2350,11587],[37,-40]],[[2387,11547],[1,-22],[28,-11]],[[2416,11514],[11,-1]],[[2427,11513],[-1,-49],[24,45]],[[2450,11509],[43,130]],[[2493,11639],[113,61]],[[2606,11700],[-29,103]],[[2577,11803],[-120,27]],[[2457,11830],[-51,18],[22,-39]],[[2428,11809],[-4,-51]],[[2424,11758],[-88,-36],[178,-51],[-155,-76]],[[8988,11682],[-15,-19],[35,20]],[[9008,11683],[73,27],[-17,-140],[-142,-42]],[[8922,11528],[8,82],[-82,-18]],[[8848,11592],[140,90]],[[3347,11703],[7,-12],[7,13]],[[3361,11704],[95,-37],[-157,-142],[48,178]],[[8487,11745],[5,62]],[[8492,11807],[11,4]],[[8503,11811],[48,-97]],[[8551,11714],[-64,31]],[[8479,11787],[7,-8],[-10,-1]],[[8476,11778],[3,9]],[[8444,11873],[-16,5]],[[8428,11878],[-6,76]],[[8422,11954],[-5,40],[-2,-33]],[[8415,11961],[-23,33],[41,81]],[[8433,12075],[2,7],[-3,5]],[[8432,12087],[55,-32]],[[8487,12055],[-17,-24],[79,-9]],[[8549,12022],[-2,-8]],[[8547,12014],[-7,-25]],[[8540,11989],[-35,-83]],[[8505,11906],[-52,50],[2,-21]],[[8455,11935],[-1,-3],[2,-2]],[[8456,11930],[-12,-57]],[[8859,11966],[2,-3],[8,4]],[[8869,11967],[24,-6]],[[8893,11961],[-81,-25]],[[8812,11936],[-86,57],[-121,-189],[-28,71]],[[8577,11875],[58,72]],[[8635,11947],[27,57]],[[8662,12004],[-3,15],[-3,-14]],[[8656,12005],[-25,9]],[[8631,12014],[-2,4]],[[8629,12018],[22,16],[-30,-1]],[[8621,12033],[-18,19]],[[8603,12052],[11,54]],[[8614,12106],[12,23]],[[8626,12129],[17,2]],[[8643,12131],[4,-13],[15,9]],[[8662,12127],[192,-132]],[[8854,11995],[5,-29]],[[6907,12008],[-2,4],[-2,9]],[[6903,12021],[162,43]],[[7065,12064],[0,-2]],[[7065,12062],[-4,-6],[4,-2]],[[7065,12054],[0,-26]],[[7065,12028],[-2,-1]],[[7063,12027],[-3,0]],[[7060,12027],[-1,0]],[[7059,12027],[-152,-19]],[[7322,11979],[6,11],[46,-41]],[[7374,11949],[-40,-62],[-12,92]],[[7350,12008],[-26,-4]],[[7324,12004],[-3,60]],[[7321,12064],[20,7]],[[7341,12071],[9,-63]],[[7655,11997],[21,-21],[11,11]],[[7687,11987],[98,-18]],[[7785,11969],[1,-42]],[[7786,11927],[-134,-22],[3,92]],[[3685,12101],[-9,8],[-6,-6]],[[3670,12103],[-47,4]],[[3623,12107],[-15,2]],[[3608,12109],[214,18],[-137,-26]],[[2470,12437],[-39,33]],[[2431,12470],[-16,72]],[[2415,12542],[57,31],[-17,15]],[[2455,12588],[106,186]],[[2561,12774],[5,-87]],[[2566,12687],[59,-170],[-155,-80]],[[3253,12607],[-6,0]],[[3247,12607],[5,1],[1,-1]],[[3135,12630],[0,0],[2,-6]],[[3137,12624],[-2,2],[0,4]],[[3136,12636],[-1,-1]],[[3135,12635],[0,0],[1,1]],[[3138,12622],[19,21],[-20,-7]],[[3137,12636],[-26,113],[-118,-63],[29,-145],[116,81]],[[2599,12839],[-19,-26]],[[2580,12813],[-4,2]],[[2576,12815],[23,24]],[[2618,12847],[-6,-3],[-7,-1]],[[2605,12843],[5,2],[8,2]],[[3657,13138],[-1,-11],[5,9]],[[3661,13136],[85,52]],[[3746,13188],[2,-3],[1,0]],[[3749,13185],[-12,-44]],[[3737,13141],[-4,8],[-11,-21]],[[3722,13128],[-98,-46],[11,75]],[[3635,13157],[3,-10],[8,-1]],[[3646,13146],[11,-8]],[[3610,13250],[27,27],[-40,-26]],[[3597,13251],[-93,-4],[-21,-117],[-67,363],[230,16]],[[3646,13509],[23,-6]],[[3669,13503],[0,0],[10,-2]],[[3679,13501],[5,0]],[[3684,13501],[61,-19]],[[3745,13482],[-5,-8],[13,1]],[[3753,13475],[-12,-36]],[[3741,13439],[-5,3],[-2,-8]],[[3734,13434],[23,-61]],[[3757,13373],[-2,-5],[9,0]],[[3764,13368],[-96,-84]],[[3668,13284],[-15,14],[3,-16]],[[3656,13282],[-46,-32]],[[2825,13219],[43,-31]],[[2868,13188],[-37,-211]],[[2831,12977],[-172,-79]],[[2659,12898],[138,89],[-32,248]],[[2765,13235],[51,20]],[[2816,13255],[-3,-8],[3,-7]],[[2816,13240],[3,-8]],[[2819,13232],[5,-12],[1,-1]],[[3946,13392],[-6,18],[0,-21]],[[3940,13389],[-169,282],[-73,5],[9,-123],[-142,19],[236,263],[61,-194],[194,75]],[[4056,13716],[4,-6],[5,8]],[[4065,13718],[0,82],[276,5],[-167,194],[90,132],[239,19],[-13,-127],[95,19],[9,-79],[-196,21],[-30,-202]],[[4368,13782],[-22,0],[22,-9]],[[4368,13773],[-135,-375],[-160,-6],[-19,94],[-108,-94]],[[4199,14227],[-64,15],[46,-35]],[[4181,14207],[32,-10]],[[4213,14197],[-138,-52],[41,125],[85,-39]],[[4201,14231],[-2,-4]],[[6311,3894],[13,37]],[[6324,3931],[51,-71]],[[6375,3860],[-29,-8]],[[6346,3852],[-35,42]],[[6466,3727],[18,33]],[[6484,3760],[112,-67],[-97,-35]],[[6499,3658],[-33,69]],[[5326,3733],[2,-4],[15,-30]],[[5343,3699],[-62,-36],[45,70]],[[9510,5678],[95,20]],[[9605,5698],[-1,-9]],[[9604,5689],[-76,-78]],[[9528,5611],[-31,-16]],[[9497,5595],[-43,26],[-125,-28]],[[9329,5593],[11,48]],[[9340,5641],[170,37]],[[6559,5775],[-5,63],[-8,26]],[[6546,5864],[1,19]],[[6547,5883],[36,123]],[[6583,6006],[32,85]],[[6615,6091],[53,-104]],[[6668,5987],[-109,-212]],[[9774,5832],[-11,41],[22,42]],[[9785,5915],[26,2]],[[9811,5917],[99,-125]],[[9910,5792],[51,-7]],[[9961,5785],[-11,-8],[-15,-19]],[[9935,5758],[-100,-25]],[[9835,5733],[-31,42],[-1,-56]],[[9803,5719],[-47,-77],[18,190]],[[9989,6018],[-23,116]],[[9966,6134],[14,6]],[[9980,6140],[94,-35]],[[10074,6105],[-3,-59]],[[10071,6046],[-82,-28]],[[6925,6353],[-19,6],[-16,7]],[[6890,6366],[45,81]],[[6935,6447],[32,-3]],[[6967,6444],[41,-56],[-83,-35]],[[5035,6385],[-65,37],[19,-203],[46,166]],[[11327,6665],[-4,12]],[[11323,6677],[-3,118]],[[11320,6795],[34,31],[-14,13]],[[11340,6839],[26,60],[64,-197],[-103,-37]],[[7133,6636],[100,40]],[[7233,6676],[7,-1]],[[7240,6675],[-143,-149],[-100,106],[124,30]],[[7121,6662],[12,-26]],[[7844,6796],[13,-11],[19,-55]],[[7876,6730],[-53,8],[21,58]],[[4767,6836],[-38,119],[-59,-144],[97,25]],[[5122,6913],[94,2]],[[5216,6915],[40,-175],[39,78]],[[5295,6818],[114,112]],[[5409,6930],[47,40]],[[5456,6970],[98,86],[-19,-133]],[[5535,6923],[18,-73]],[[5553,6850],[-144,-1],[-99,-181]],[[5310,6668],[-173,119]],[[5137,6787],[-15,126]],[[5229,6997],[-93,-34]],[[5136,6963],[3,115]],[[5139,7078],[19,30]],[[5158,7108],[16,7]],[[5174,7115],[55,-118]],[[1159,7744],[-41,-30],[15,53]],[[1133,7767],[26,-7],[0,-16]],[[1078,7782],[-25,-6]],[[1053,7776],[-78,16]],[[975,7792],[0,10]],[[975,7802],[81,20],[31,-4]],[[1087,7818],[-9,-36]],[[10061,7765],[63,-18],[3,-136]],[[10127,7611],[-43,33],[-23,121]],[[529,8052],[55,18],[12,21]],[[596,8091],[-53,47]],[[543,8138],[21,-5],[53,5]],[[617,8138],[164,-23],[-252,-63]],[[516,9516],[46,-10],[-2,-28]],[[560,9478],[-75,-3],[31,41]],[[648,9567],[37,162],[-78,-117]],[[607,9612],[-46,220]],[[561,9832],[4,20]],[[565,9852],[220,-79]],[[785,9773],[-43,-24]],[[742,9749],[-94,-182]],[[11502,9882],[-77,23],[47,-30]],[[11472,9875],[-13,-79],[96,56],[-53,30]],[[1625,10711],[-19,-40]],[[1606,10671],[-66,-3]],[[1540,10668],[-76,3]],[[1464,10671],[-104,-32]],[[1360,10639],[-205,-7]],[[1155,10632],[176,141]],[[1331,10773],[37,-73],[45,101]],[[1413,10801],[47,-36],[1,52]],[[1461,10817],[97,49],[67,-155]],[[2424,10020],[155,94],[-125,-144]],[[2454,9970],[-63,-59],[33,109]],[[4134,13638],[137,50],[-83,24],[-165,-59],[147,-134],[-36,119]],[[11107,10037],[42,-175]],[[11149,9862],[-79,-86],[48,142],[-123,22],[-15,-101],[-50,108]],[[10930,9947],[30,89]],[[10960,10036],[124,-62],[23,63]],[[10653,9408],[22,-56]],[[10675,9352],[-40,-35]],[[10635,9317],[-41,64]],[[10594,9381],[-46,15],[-10,11]],[[10538,9407],[-80,92],[119,23]],[[10577,9522],[-14,-16],[90,-98]],[[10736,9128],[-35,32],[-8,21]],[[10693,9181],[103,23],[-60,-76]],[[10795,8701],[-42,41],[-45,-1]],[[10708,8741],[82,84],[5,-124]],[[9792,7965],[24,-7]],[[9816,7958],[-1,-74]],[[9815,7884],[-46,55]],[[9769,7939],[23,26]],[[7575,6920],[7,29],[-31,14]],[[7551,6963],[63,44],[-39,-87]],[[7266,6552],[121,79],[123,-39]],[[7510,6592],[-176,-72],[-68,32]],[[7245,6441],[17,106]],[[7262,6547],[29,-89]],[[7291,6458],[-46,-17]],[[6034,6228],[70,-82]],[[6104,6146],[-25,-48]],[[6079,6098],[-107,86],[61,53]],[[6033,6237],[1,-9]],[[6372,6625],[103,50],[-266,-262]],[[6209,6413],[-5,3]],[[6204,6416],[-21,115],[-172,91],[-140,134]],[[5871,6756],[9,86]],[[5880,6842],[-1,15]],[[5879,6857],[25,8],[56,-5]],[[5960,6860],[111,-253],[199,-40]],[[6270,6567],[44,-15],[-27,43]],[[6287,6595],[-2,34]],[[6285,6629],[87,-4]],[[6255,6733],[-26,-58]],[[6229,6675],[-11,-3]],[[6218,6672],[-132,125],[137,74]],[[6223,6871],[103,-85],[-71,-53]],[[6393,6762],[90,-48],[-178,18]],[[6305,6732],[75,17],[13,13]],[[5810,6768],[15,-13]],[[5825,6755],[29,-31]],[[5854,6724],[59,-172],[-117,206]],[[5796,6758],[11,6],[3,4]],[[5802,6101],[-53,99],[102,-46],[-50,229],[40,155],[134,-178],[-130,-28],[101,-216]],[[5946,6116],[-117,-18]],[[5829,6098],[-21,0]],[[5808,6098],[-6,3]],[[5752,5624],[-5,86],[-19,41]],[[5728,5751],[133,-63],[-109,-64]],[[5395,6655],[-41,3]],[[5354,6658],[26,114],[144,7]],[[5524,6779],[3,-122]],[[5527,6657],[-91,71],[-41,-73]],[[2869,12989],[91,116],[47,-30]],[[3007,13075],[-36,-30],[-102,-56]],[[8286,7388],[-10,25],[-19,31]],[[8257,7444],[45,-10],[-16,-46]],[[4589,7673],[33,-76]],[[4622,7597],[-18,-17],[-12,-11]],[[4592,7569],[-19,80]],[[4573,7649],[16,24]],[[7375,10679],[21,16]],[[7396,10695],[27,-57]],[[7423,10638],[-90,-14],[40,51]],[[7373,10675],[2,4]],[[7129,9527],[39,14]],[[7168,9541],[13,-14]],[[7181,9527],[9,-81],[-65,72]],[[7125,9518],[4,9]],[[4083,12580],[6,-77],[-26,14]],[[4063,12517],[7,47],[13,16]],[[8640,10469],[87,9],[-93,-22]],[[8634,10456],[-1,5],[7,8]],[[3292,13381],[-67,-9],[58,64]],[[3283,13436],[9,-55]],[[1848,13679],[135,89],[170,10],[-305,-99]],[[3594,13916],[0,-101],[-114,-11],[114,112]],[[3995,14009],[93,17],[-9,-183],[-158,-19],[74,185]],[[6813,6875],[110,83],[-50,-65],[91,-8],[14,-163],[-165,153]],[[7089,6700],[-82,37],[94,86],[21,-58]],[[7122,6765],[1,-20],[-34,-45]],[[6759,6444],[4,107]],[[6763,6551],[54,19]],[[6817,6570],[30,52]],[[6847,6622],[57,-130],[-119,34]],[[6785,6526],[-22,2],[-4,-84]],[[6720,6686],[-75,-60]],[[6645,6626],[-3,12],[-24,5]],[[6618,6643],[-4,67]],[[6614,6710],[29,2]],[[6643,6712],[28,-21]],[[6671,6691],[19,-17],[30,12]],[[10896,595],[111,-14],[-84,128]],[[10923,709],[-29,170],[-104,-100],[-126,21],[156,-88]],[[10820,712],[-199,-48],[-40,81],[-48,-105],[319,44],[-17,-63]],[[10835,621],[31,-77],[-130,50],[-36,-64],[80,-5],[-33,-82],[122,82],[-16,-148],[73,41],[-30,177]],[[9055,528],[84,133],[-218,85]],[[8921,746],[-92,104],[-113,-38],[-32,93],[-93,-127]],[[8591,778],[-90,-150],[353,-426],[-52,110]],[[8802,312],[111,45],[-132,-26]],[[8781,331],[32,78],[-173,75]],[[8640,484],[193,11],[27,-115],[174,-25],[-170,141],[17,98]],[[8881,594],[80,-64],[35,59]],[[8996,589],[7,-83],[52,22]],[[8667,543],[-55,140],[65,-76]],[[8677,607],[13,-32]],[[8690,575],[-23,-32]],[[8885,746],[-151,13],[-14,11]],[[8720,770],[133,20],[32,-44]],[[8404,178],[-105,129],[124,-111]],[[8423,196],[-3,-31],[-16,13]],[[8286,227],[95,-75]],[[8381,152],[-109,-5],[71,-16],[-44,-71]],[[8299,60],[-51,-19]],[[8248,41],[-18,90]],[[8230,131],[-9,40]],[[8221,171],[65,56]],[[8222,278],[40,-28]],[[8262,250],[-61,-1]],[[8201,249],[21,29]],[[8134,98],[-9,135]],[[8125,233],[89,-13],[-60,-82]],[[8154,138],[-20,-40]],[[7558,114],[-4,-15],[-25,-17]],[[7529,82],[-11,53],[40,-21]],[[9697,435],[-8,-96],[-116,-7],[124,103]],[[10203,965],[-115,-10],[72,-107],[43,117]],[[7845,1034],[-76,9],[70,-124],[6,115]],[[8293,988],[25,-7],[14,-66]],[[8332,915],[-58,-40],[19,113]],[[8336,901],[122,8],[6,100],[-223,105],[33,-96]],[[8274,1018],[-23,-171],[85,54]],[[11694,1039],[-8,-44]],[[11686,995],[-25,10]],[[11661,1005],[-28,84]],[[11633,1089],[61,-50]],[[7545,1175],[-222,52],[11,-101],[104,26],[-2,-198],[109,221]],[[7875,1261],[-67,-33],[4,-98],[101,-27],[-38,158]],[[11632,1097],[-28,94]],[[11604,1191],[51,-13]],[[11655,1178],[-23,-81]],[[10584,1235],[-15,118],[-111,-167],[126,49]],[[7573,1354],[67,51],[-217,12],[47,-42],[166,-95],[-63,74]],[[8700,1508],[-51,-32],[78,-187],[-27,219]],[[4646,905],[-71,59],[225,86],[-42,90],[93,-21],[6,-155],[70,127]],[[4927,1091],[76,75],[-65,9]],[[4938,1175],[-267,95],[87,307],[-92,-12]],[[4666,1565],[37,28],[-86,-24]],[[4617,1569],[-87,-93]],[[4530,1476],[-69,-54],[22,-112]],[[4483,1310],[-106,-310],[259,-103]],[[4636,897],[67,-9],[-57,17]],[[4528,1448],[12,-28],[-2,-44]],[[4538,1376],[-42,36],[32,36]],[[7927,1584],[-61,209],[-36,-193],[147,-119],[-50,103]],[[8117,1738],[-66,86],[-76,-55],[64,-89],[78,58]],[[9054,1812],[-138,44],[-54,-108],[-64,32],[35,-76],[221,108]],[[8010,1879],[-68,37],[-92,-19],[100,-85],[60,67]],[[7663,1832],[86,75],[-70,36],[-122,-104],[-89,-148],[-311,59],[-9,-134],[-45,105],[-163,1],[24,-97],[129,47],[42,-184],[207,213],[81,-57],[-49,-159],[156,192],[163,-71],[-156,187],[226,-5],[-100,44]],[[7373,2187],[72,-173],[49,67],[236,-91],[-357,197]],[[9022,2279],[-124,-87],[-105,84],[40,-78],[93,-24],[96,105]],[[7472,2258],[106,48],[-341,-65],[185,14]],[[7422,2255],[153,-42],[-103,45]],[[6920,2288],[-33,-47],[28,65]],[[6915,2306],[1,-6],[4,-12]],[[8683,2079],[-78,110],[15,39]],[[8620,2228],[165,-119],[-102,-30]],[[8519,2217],[63,27],[-42,-50]],[[8540,2194],[-16,12],[-5,11]],[[8634,2896],[-20,-248],[-33,136],[-120,45],[173,67]],[[8208,2513],[111,3],[-87,-101],[-24,98]],[[4754,3110],[19,-253],[80,-26],[-99,279]],[[4585,3116],[-61,86],[-290,3],[254,-49],[4,-69],[93,29]],[[9717,3436],[-10,-169],[253,-32],[-243,201]],[[4799,3292],[-106,182],[-66,-341],[172,159]],[[9654,3596],[-115,-50],[20,-111],[95,161]],[[4796,3599],[-173,64],[49,-129],[124,65]],[[9820,3804],[-98,-5]],[[9722,3799],[53,76],[-60,-78]],[[9715,3797],[-106,-67],[28,-70],[253,61],[24,87]],[[9914,3808],[5,6]],[[9919,3814],[-18,91],[14,-81]],[[9915,3824],[-95,-20]],[[4827,3763],[-98,84],[-61,-58],[61,-100],[98,74]],[[9183,3757],[-77,90],[-25,-127],[64,-6]],[[9145,3714],[-40,-66],[193,77],[-115,32]],[[10060,3928],[-107,-43],[99,23]],[[10052,3908],[-44,-52],[180,170],[-122,-8],[-6,-90]],[[4510,4066],[-106,-76]],[[4404,3990],[-32,-76],[34,65]],[[4406,3979],[240,-60],[-14,108],[-97,15]],[[4535,4042],[257,-38],[106,119],[-344,-30]],[[4554,4093],[4,60],[-48,-87]],[[4435,4402],[-100,37],[48,66],[-141,-43],[111,-66],[82,6]],[[4348,4637],[-86,7],[291,-162],[-205,155]],[[7494,4683],[55,-19],[-44,48]],[[7505,4712],[-193,28],[187,68],[-207,-65],[202,-60]],[[9474,4712],[32,-163],[122,199],[-119,-69]],[[9509,4679],[2,149],[-37,-116]],[[3874,5208],[-56,-15],[77,-15]],[[3895,5178],[249,41]],[[4144,5219],[127,59],[-115,-30]],[[4156,5248],[-282,-40]],[[8003,5205],[-63,49],[-127,-27],[60,-59],[-61,-187],[191,224]],[[3560,5772],[-178,21],[-66,-87],[244,66]],[[8407,5574],[-92,334],[-76,-84],[83,-50],[-15,-139],[-136,-7],[134,-154],[102,100]],[[2906,5985],[-8,123],[26,185],[-206,-352],[188,44]],[[2678,6214],[193,161],[-223,-183],[-72,50],[82,-313],[20,285]],[[994,6946],[-242,71],[75,-77],[167,6]],[[4037,7057],[44,-74],[141,112],[-112,60],[-57,-72]],[[4053,7083],[-85,7],[69,-33]],[[3980,7125],[-124,107],[52,-130],[72,23]],[[2464,7125],[-65,9],[14,46]],[[2413,7180],[46,-13],[5,-42]],[[3237,7757],[-75,273],[-31,-285],[106,12]],[[3193,8130],[-199,-2],[57,-102],[142,104]],[[1119,8138],[69,-94],[-165,-26],[96,120]],[[782,7927],[115,55],[44,-99],[-78,-45],[-81,89]],[[8367,49],[-17,12],[-23,5]],[[8327,66],[39,35],[1,-52]],[[8710,506],[10,10],[-5,48]],[[8715,564],[109,-59],[-114,1]],[[8419,2075],[-40,55],[-87,11]],[[8292,2141],[108,60],[19,-126]],[[10145,2311],[57,91]],[[10202,2402],[16,-35]],[[10218,2367],[-52,-59]],[[10166,2308],[-21,3]],[[10112,2173],[-23,86]],[[10089,2259],[9,2]],[[10098,2261],[14,-88]],[[10250,1612],[48,37]],[[10298,1649],[-111,-183]],[[10187,1466],[23,82]],[[10210,1548],[40,64]],[[9650,2085],[-76,-6],[114,105]],[[9688,2184],[-48,-85],[10,-14]],[[9724,2092],[-15,21]],[[9709,2113],[13,30]],[[9722,2143],[53,35]],[[9775,2178],[-4,-22],[-47,-64]],[[6677,2879],[-129,36],[-7,-167],[154,-27],[-18,158]],[[6431,3305],[-86,15],[1,53]],[[6346,3373],[40,-12],[62,106],[-17,-162]],[[6012,2620],[-53,50],[93,-28]],[[6052,2642],[-30,-1],[-10,-21]],[[9256,5008],[26,-26]],[[9282,4982],[-105,10],[79,16]],[[9166,5122],[-22,-7]],[[9144,5115],[-5,55]],[[9139,5170],[33,-19]],[[9172,5151],[-6,-29]],[[9426,5040],[-61,49]],[[9365,5089],[101,13]],[[9466,5102],[-40,-62]],[[9647,5104],[33,59],[24,-55]],[[9704,5108],[-34,-14],[-23,10]],[[11219,4017],[-54,12]],[[11165,4029],[-1,11]],[[11164,4040],[38,77]],[[11202,4117],[33,5],[-1,62]],[[11234,4184],[134,-91],[215,149],[-104,-307],[-85,-55],[-22,126],[-106,8]],[[11266,4014],[-47,3]],[[11003,3195],[-43,-10],[9,62]],[[10969,3247],[28,-20],[6,-32]],[[10323,7071],[-36,-36],[-36,51]],[[10251,7086],[45,-5],[27,-10]],[[1218,9138],[23,-56],[55,25],[-78,31]],[[9889,47],[-167,35],[-84,-36],[251,1]],[[8627,268],[-201,9],[177,-70],[24,61]],[[7283,307],[-66,19],[-195,-12],[114,-71],[147,64]],[[10700,476],[-70,-48],[68,-91],[2,139]],[[11188,557],[-119,39],[9,-98],[110,59]],[[10977,1001],[-101,62],[-126,-33],[60,-18],[-111,-80],[111,1],[-102,-83],[106,57],[20,90],[80,-70],[63,74]],[[9101,1239],[-116,301],[-21,-199],[106,-55],[-31,-110],[-82,50],[55,-87],[89,100]],[[9531,2675],[-2,183],[-61,-213],[63,30]],[[9459,3101],[-215,-158],[20,-70],[195,228]],[[7130,3697],[-166,83],[-1,-94],[118,-12],[122,-168],[-73,191]],[[7685,3673],[59,47],[-93,65],[-85,-192],[179,-7],[-60,87]],[[8143,3879],[-249,-57],[128,-33],[121,90]],[[6919,4051],[68,46],[-116,18],[6,-142],[42,78]],[[8544,4178],[-89,13],[-130,-85],[168,-43],[51,115]],[[7933,4254],[-48,-101],[41,-134],[7,235]],[[4713,4202],[-80,67],[-57,-69],[137,2]],[[9777,4266],[21,-76],[212,-62],[-233,138]],[[5203,4451],[-222,30],[68,-115],[154,85]],[[8244,4490],[-156,29],[143,-98],[13,69]],[[6848,4566],[-114,21],[109,-124],[5,103]],[[10028,4450],[42,197],[-113,-180],[-146,-28],[84,4],[-58,-75],[191,82]],[[7373,4573],[-88,102],[-31,-166],[119,64]],[[8455,4543],[79,29],[48,-141],[-127,112]],[[9047,5010],[-177,151],[37,-160],[140,9]],[[7481,5339],[47,131],[-135,-186],[88,55]],[[9203,5637],[-118,70],[-16,-182],[90,-25],[44,137]],[[3212,6008],[-90,57],[88,-248],[2,191]],[[3136,6143],[-21,71],[-154,-93],[175,22]],[[3787,6226],[-156,15],[162,-117],[-6,102]],[[9210,6269],[-138,51],[99,-168],[39,117]],[[3100,6330],[-106,14],[-21,-85],[127,71]],[[3344,6258],[-136,97],[32,-91],[-75,-30],[179,24]],[[9036,6509],[-101,27],[54,-112],[47,85]],[[3225,6655],[-77,4],[-200,-89],[187,-164],[68,180],[-217,-6],[239,75]],[[8157,6850],[19,184],[-71,13],[-28,-314],[80,117]],[[3288,7209],[-71,-49],[64,-66],[95,66],[-4,-124],[93,82],[-177,91]],[[2886,7322],[-22,-223],[78,12],[-56,95],[230,-69],[-230,185]],[[2721,8734],[-117,-75],[114,-29],[3,104]],[[281,10512],[-115,28],[35,-125],[80,97]],[[2403,11246],[-54,-85],[152,-27],[17,81],[-31,-57],[-84,88]],[[1760,11234],[-128,-100],[63,-40],[65,140]],[[11799,39],[4,2],[1,-8]],[[9170,281],[6,-2],[1,-7]],[[12043,638],[-1,1],[1,2]],[[4252,2820],[114,-170]],[[4370,2630],[4,-43],[-24,-81]],[[4336,2474],[-37,-56],[-69,-70]],[[4177,2262],[-17,-35],[-11,-40]],[[4120,2141],[-50,-75],[25,-135],[-1,89]],[[4094,2020],[13,0],[-7,11]],[[4100,2031],[9,77],[13,-68]],[[4122,2040],[-18,-55]],[[4104,1985],[0,-3],[3,0]],[[4107,1982],[28,54]],[[4135,2036],[3,-1]],[[4138,2035],[-20,-67]],[[4118,1968],[-17,-65],[23,-18]],[[4124,1885],[-5,-18]],[[4119,1867],[-4,19],[-9,-30]],[[4106,1856],[38,-135]],[[4144,1721],[77,-50]],[[4422,1704],[196,152],[25,33],[45,-6]],[[4880,1967],[36,25]],[[4936,2007],[16,23]],[[4952,2030],[6,6]],[[4958,2036],[108,40]],[[5088,2098],[21,31]],[[5109,2129],[10,4]],[[5119,2133],[66,73]],[[5185,2206],[10,16]],[[5195,2222],[76,27]],[[5271,2249],[61,16]],[[5369,2290],[205,82],[173,-24]],[[5747,2348],[13,-6],[26,2]],[[5786,2344],[32,-7]],[[5818,2337],[19,0]],[[5884,2339],[60,6],[68,23]],[[6021,2370],[159,-11]],[[6255,2330],[191,-124]],[[6464,2215],[6,6]],[[6470,2221],[100,-1]],[[6570,2220],[9,-9],[24,-2]],[[6603,2209],[70,9],[47,-55]],[[6745,2206],[82,98]],[[6827,2304],[73,22]],[[6900,2326],[93,-15]],[[6993,2311],[17,-3]],[[7010,2308],[39,-6]],[[7138,2329],[137,53],[28,52],[19,26],[132,21]],[[7498,2527],[8,4],[12,18]],[[7647,2933],[7,0]],[[7989,2994],[-35,-44]],[[7888,2881],[1,-21],[18,-8]],[[7907,2847],[-4,-1],[0,0]],[[7581,2757],[-1,0],[-1,-1]],[[7532,2558],[-22,-28],[-23,-14]],[[7350,2463],[-112,-136],[-95,-7]],[[7054,2290],[-44,9]],[[7010,2299],[-26,4]],[[6984,2303],[-73,6]],[[6911,2309],[-1,2]],[[6910,2311],[-2,1]],[[6908,2312],[-2,4],[-75,-32]],[[6831,2284],[-78,-93]],[[6697,2171],[-2,3],[-3,3]],[[6687,2183],[-2,4],[-4,6]],[[6675,2197],[-8,9]],[[6667,2206],[0,1],[-15,-1]],[[6652,2206],[-181,4]],[[6424,2200],[-6,10],[-33,14]],[[6372,2230],[-33,21]],[[6339,2251],[-1,1],[-6,3]],[[6332,2255],[-23,21]],[[6309,2276],[-1,1]],[[6307,2278],[-1,1],[-2,2]],[[6300,2285],[-14,12],[-7,3]],[[6259,2313],[-7,8],[-7,0]],[[6166,2353],[-102,10],[-190,-35]],[[5846,2323],[-107,14]],[[5739,2337],[-115,13]],[[5612,2351],[-56,8],[-51,-32]],[[5476,2313],[-23,1],[-16,-12]],[[5407,2280],[-56,-19]],[[5346,2263],[-86,-22]],[[5260,2241],[-133,-110]],[[5127,2131],[-12,-33]],[[5063,2059],[-91,-28],[-26,-26]],[[4683,1876],[-48,0],[-94,-113],[-147,-83]],[[4218,1666],[-93,-25],[26,-74]],[[4153,1551],[0,-15],[0,-15]],[[4155,1472],[3,-105],[106,-46]],[[4276,1306],[27,-101],[14,3]],[[4332,944],[38,-132],[32,3],[33,-31],[86,-67],[286,-120],[-93,44]],[[4756,648],[145,-36]],[[4952,605],[63,-15]],[[5110,563],[83,-30]],[[5193,533],[31,-30]],[[5233,500],[55,-85]],[[5311,443],[1,2]],[[5318,460],[2,3]],[[5290,344],[3,-62],[6,-17]],[[5349,50],[-169,421],[-567,162],[-92,64]],[[4521,697],[-8,15],[-46,32]],[[4467,744],[-52,45]],[[4415,789],[-8,16],[-12,3],[-10,-1]],[[4385,807],[-23,1]],[[4362,808],[-7,26],[-3,6]],[[4352,840],[-38,129]],[[4308,978],[-17,268],[-142,118],[-36,233]],[[4113,1597],[1,56],[-6,10]],[[4108,1663],[-46,337]],[[4062,2000],[2,13],[-2,25]],[[4062,2038],[-4,67]],[[4058,2105],[10,27],[-1,9]],[[4067,2141],[81,98]],[[4148,2239],[-15,-56]],[[4111,2151],[-8,-15],[12,10]],[[4139,2184],[31,83]],[[4206,2347],[5,0]],[[4214,2347],[16,38]],[[4230,2385],[114,149],[-110,177],[-234,125],[4,204]],[[4004,3040],[-3,11],[-1,2]],[[4000,3053],[-66,112]],[[3930,3179],[0,7]],[[3935,3214],[4,9]],[[3957,3266],[2,9]],[[3964,3342],[8,25]],[[3980,3107],[104,-214],[167,-72]],[[4162,2283],[4,11]],[[4174,2311],[9,14]],[[3957,3872],[-1,-2],[-1,-11]],[[3949,3843],[-2,-2],[0,-3]],[[3945,3820],[15,-23]],[[3961,3788],[-1,-2]],[[3960,3771],[-6,-63],[1,-16]],[[3918,3475],[-6,37]],[[3928,3554],[-74,461]],[[3854,4015],[15,25],[-14,-17]],[[3855,4023],[28,251]],[[3883,4274],[-2,-253],[62,132]],[[3943,4153],[2,-2],[5,0]],[[3950,4151],[22,-38]],[[3972,4113],[-27,21],[-19,-68]],[[3926,4066],[77,-14]],[[2317,6028],[-20,-90],[89,-63]],[[2402,5808],[1,-13],[6,-11]],[[2436,5734],[154,-234]],[[2590,5500],[-207,217],[-19,54]],[[2364,5771],[10,26],[2,14],[-2,4]],[[2374,5815],[-7,28]],[[2367,5843],[16,-26],[-6,-41],[9,-57],[4,127]],[[2389,5852],[-27,-2]],[[2362,5850],[-9,15]],[[2353,5865],[2,3],[0,11]],[[2355,5879],[-65,62],[-3,24]],[[2287,5965],[23,37],[1,11],[-3,15]],[[2308,6028],[-36,72]],[[2278,6108],[-9,-5]],[[2269,6103],[-114,102]],[[2155,6205],[-2,100],[135,-189]],[[1684,6457],[155,-51]],[[1839,6406],[65,-57]],[[1904,6349],[-348,104],[-166,200],[-74,157],[-361,51]],[[937,6857],[-45,13]],[[865,6877],[-31,-11]],[[789,6940],[-6,10]],[[1055,6910],[243,-41]],[[1298,6869],[65,-28]],[[803,6887],[1,10],[0,6]],[[11341,6263],[-44,-56]],[[11197,6277],[61,121],[51,-37]],[[11432,6381],[30,54]],[[11464,6460],[13,47]],[[11477,6507],[10,13],[0,7]],[[11487,6527],[25,23]],[[11512,6550],[-22,-43]],[[11466,6430],[-26,-53]],[[11349,6259],[-7,4]],[[543,7166],[-352,285]],[[189,7458],[34,125]],[[231,7591],[32,97]],[[267,7696],[34,466]],[[301,8162],[52,-92]],[[291,7780],[2,-15],[8,-28]],[[769,6965],[-7,8],[-37,13]],[[692,7001],[-14,6],[-12,3]],[[635,7031],[-6,69],[-76,58]],[[4447,7280],[-5,7],[4,4]],[[5210,6451],[1,-8]],[[5212,6420],[9,-23],[-83,-49],[46,42]],[[5184,6390],[0,3]],[[5184,6393],[1,6]],[[5560,5966],[25,1]],[[5585,5967],[-26,-7]],[[5496,6021],[-5,5],[4,5]],[[5428,6041],[21,-8],[-9,-1]],[[5391,6075],[-12,11],[12,3]],[[5305,6021],[4,0],[0,-1]],[[5346,6011],[-7,11],[11,-13]],[[5358,6001],[14,-9],[-12,2]],[[5463,5942],[7,-8],[-11,6]],[[5548,5847],[8,1],[-2,-6]],[[5637,5486],[8,-6],[-7,-5]],[[5725,5185],[8,-10],[-12,2]],[[5946,5170],[-5,4]],[[5941,5174],[5,-1]],[[5851,5017],[-14,8],[14,1]],[[5758,5090],[23,-1],[-19,-11]],[[5908,4883],[8,-7],[-7,0]],[[6485,5459],[32,20],[0,-13]],[[7745,6479],[-4,1],[-7,-1]],[[7689,6466],[-17,0]],[[7672,6466],[-308,-88]],[[7214,6153],[0,-72],[-54,2]],[[7173,5775],[-27,-31],[12,-19]],[[7151,5706],[-20,4],[1,-80]],[[6966,5196],[-3,-3],[-16,1]],[[7135,4344],[24,-40]],[[7171,4286],[56,-75]],[[7225,4204],[-1,5],[-13,16]],[[7164,6091],[46,0],[-3,57]],[[7350,6385],[307,96]],[[7718,6486],[5,4],[0,8]],[[7737,6502],[-10,-3],[0,0],[26,-21]],[[7793,6508],[56,10]],[[7866,6521],[48,-12]],[[7922,6532],[-1,4]],[[7901,6507],[-1,0]],[[7250,6104],[-6,39]],[[7249,6122],[0,-3],[0,0]],[[7719,6798],[6,-10]],[[7725,6788],[12,-6],[-11,9]],[[7726,6791],[0,1]],[[7747,6800],[5,3],[-6,6]],[[7745,6816],[8,17],[-9,2]],[[7745,6848],[52,-31],[12,-71],[46,-47]],[[7890,6567],[0,1]],[[7887,6575],[-8,9]],[[7862,6603],[-16,8]],[[7845,6698],[-18,15]],[[7827,6713],[-82,56]],[[7745,6769],[-22,13]],[[7723,6782],[-9,26]],[[7707,6831],[-26,43]],[[7672,6895],[-2,16]],[[7669,6927],[0,4]],[[7731,6977],[-4,13]],[[7727,6990],[-14,31]],[[7716,7123],[5,15]],[[7721,7019],[0,-3]],[[7721,7016],[1,-3]],[[7722,7013],[13,-34]],[[7942,6793],[0,-8],[-4,3]],[[8138,7155],[2,1],[1,5]],[[8156,7174],[-19,-21]],[[8251,7093],[10,-2]],[[8264,7091],[0,-11]],[[8621,7051],[3,-9],[-7,0]],[[8671,7015],[-2,2],[-1,1]],[[8660,7026],[18,5]],[[8957,6945],[12,5]],[[8982,6960],[4,-1]],[[9199,6444],[4,-8],[-9,0]],[[9387,6167],[-31,31]],[[9356,6198],[26,3]],[[9382,6201],[42,22]],[[9424,6223],[16,-8]],[[9440,6215],[8,-24]],[[9823,5481],[54,36]],[[9877,5517],[13,-3]],[[9890,5514],[28,-7]],[[9918,5507],[0,2],[-1,3]],[[9917,5512],[1,12]],[[9918,5524],[63,-58]],[[9957,5450],[-2,0]],[[9950,5303],[83,14],[79,-25]],[[10186,5208],[53,-28]],[[10235,5122],[-40,14]],[[10124,5154],[-41,16],[-4,-1]],[[10002,5188],[38,82],[-108,-87],[67,58],[-64,34],[-2,67]],[[9932,5351],[-68,56],[-71,23],[-244,-59],[-38,-22],[-8,-21],[-49,126]],[[9461,5494],[7,11]],[[9468,5505],[50,3]],[[9518,5508],[196,65],[-69,100]],[[9645,5673],[-62,114]],[[9583,5787],[-8,10]],[[9457,5878],[15,5]],[[9474,5884],[45,53],[16,-68]],[[9575,5803],[14,-18]],[[9589,5785],[45,-65],[13,-41]],[[9647,5679],[104,-122]],[[9751,5557],[46,-48]],[[9797,5509],[26,-28]],[[10229,5108],[-11,10],[15,-4]],[[10378,5590],[9,0],[0,-4]],[[10972,4775],[-100,-1],[-7,-41]],[[10816,4667],[-126,-291]],[[10690,4376],[-160,-67]],[[10530,4309],[-19,14]],[[10511,4347],[9,104]],[[10520,4451],[8,119]],[[10528,4570],[0,38],[-15,29]],[[10513,4637],[-139,253]],[[10428,5281],[160,263],[-86,65]],[[10502,5625],[1,2],[0,3]],[[10508,5659],[6,20],[1,17]],[[10515,5706],[24,64],[230,125],[139,-7],[-330,-107],[-56,-137],[81,16]],[[10603,5660],[35,12]],[[10638,5672],[249,-91],[-40,-201],[191,-3],[-1,-150]],[[11037,5227],[0,-25]],[[11037,5202],[0,-50]],[[11037,5152],[1,-14]],[[11038,5138],[5,-157],[225,-64]],[[11268,4917],[5,-97]],[[11273,4820],[-75,-50]],[[11198,4770],[-6,0],[-23,7]],[[11169,4777],[-72,-1]],[[11097,4776],[-36,0]],[[10175,4454],[-1,-4],[-2,0]],[[10683,4081],[-4,18],[9,11]],[[11057,4500],[3,9],[-2,-10]],[[9981,3432],[6,-9],[-11,2]],[[10132,2939],[63,-8],[4,-100]],[[9958,2764],[-4,7],[4,-5]],[[9668,2817],[16,-11]],[[9668,2834],[-4,-15]],[[8636,1616],[5,-1],[7,0]],[[8680,1579],[36,-16]],[[8743,1507],[17,-1],[-12,-9]],[[9158,1301],[7,60],[4,-58]],[[9907,1332],[0,6]],[[9908,1339],[4,-1]],[[10362,1430],[-1,-6],[-9,-6]],[[10479,1551],[-2,5],[3,1]],[[10510,1607],[-12,-3],[11,10]],[[10531,1668],[2,5],[4,-4]],[[10441,1916],[-7,15],[8,8]],[[10407,2063],[-17,11]],[[10390,2074],[-27,70],[67,-93]],[[10441,2046],[-1,17],[10,-7]],[[10504,2016],[50,-11]],[[10565,2005],[19,12]],[[10594,2041],[-4,7],[8,10]],[[10600,2062],[-34,61],[95,-10]],[[10707,2093],[7,22],[2,2]],[[10718,2131],[-7,63]],[[10711,2194],[2,3],[12,4]],[[10725,2201],[2,-19]],[[10719,2144],[-1,-2],[1,-2]],[[10895,2222],[-47,-14],[15,33]],[[10903,1950],[0,2],[7,15]],[[10926,1966],[64,-11]],[[10925,1215],[-6,2],[6,2]],[[11058,1170],[-15,-16],[15,19]],[[11116,938],[2,-4],[0,0]],[[11120,909],[0,8]],[[11119,928],[-16,16]],[[11092,1031],[-5,53]],[[11087,1084],[34,-51]],[[11295,1126],[27,-2]],[[11326,1112],[-39,-41]],[[11220,1080],[16,-9],[-11,-12]],[[11183,873],[11,-11],[-18,7]],[[11378,1249],[-47,-45]],[[11331,1204],[10,87]],[[11341,1291],[65,37]],[[11525,240],[7,0],[-8,-4]],[[11522,114],[15,1],[3,-12]],[[11422,3],[-11,0]],[[11298,79],[-26,-17],[-10,7]],[[11232,182],[-3,6],[8,9]],[[11069,155],[-7,-11],[0,8]],[[10975,7],[-19,-1]],[[10732,40],[6,9]],[[10742,31],[-6,-1]],[[10883,123],[1,4],[2,4]],[[10890,142],[0,2],[1,2]],[[10895,159],[-12,4],[5,13]],[[10724,245],[-22,12]],[[10703,262],[15,-10]],[[10736,292],[-4,4],[3,3]],[[10423,217],[-13,1],[-37,-30]],[[10332,235],[59,22]],[[10391,257],[198,58]],[[10581,263],[4,-23]],[[10530,372],[-137,-59]],[[10393,313],[7,23]],[[9847,312],[8,-4],[-1,-3]],[[8211,660],[-10,-2],[7,6]],[[6169,939],[-12,2],[7,5]],[[4682,661],[-16,3],[7,13]],[[4163,1596],[-2,22],[7,-10]],[[5687,2332],[4,-3],[-5,-6]],[[8112,2989],[2,0],[0,-1]],[[7668,2996],[-4,2],[3,4]],[[6064,3817],[-12,-8],[-20,6]],[[3969,3176],[9,1],[2,-53]],[[3974,3378],[-18,32]],[[3956,3410],[20,-23]],[[3957,3810],[0,1],[-1,1]],[[3926,4583],[-22,-57]],[[3904,4526],[-50,117],[-75,-129]],[[3779,4514],[-59,113]],[[3720,4627],[-29,151],[211,-118]],[[3906,4648],[3,-8],[7,-21]],[[3745,5093],[-6,14],[7,-13]],[[3774,5143],[0,7],[3,4]],[[2830,5315],[-12,9]],[[2818,5324],[-11,40],[1,-32]],[[2808,5332],[-9,9]],[[2799,5341],[-2,28],[-13,20]],[[2784,5389],[-55,40]],[[2729,5429],[27,-3]],[[2776,5416],[33,-43],[21,-58]],[[2705,5544],[-3,33],[6,-7]],[[2427,5858],[19,-15],[-13,-1]],[[2593,5633],[14,-9],[-12,3]],[[2362,7281],[-9,-4],[-3,-7]],[[2266,7191],[-60,-10]],[[2203,7150],[-8,-48]],[[2195,7102],[-7,-18]],[[2062,6931],[-44,-84]],[[2018,6847],[-2,-6],[0,-4]],[[2016,6837],[-12,-160],[-49,-192],[-42,-142]],[[1913,6343],[-4,3]],[[1909,6346],[30,116]],[[1939,6462],[8,27]],[[1961,6513],[4,47],[29,109]],[[1999,6699],[0,1],[0,1]],[[2003,6766],[10,29],[0,25]],[[2013,6820],[-17,64],[23,-23]],[[2019,6861],[45,75]],[[2181,7080],[15,34]],[[2196,7114],[4,25]],[[2209,7195],[68,9]],[[2315,7219],[8,4]],[[2345,7248],[1,29],[27,31]],[[2404,7307],[5,-1],[4,0]],[[2508,7408],[112,40],[-105,-43]],[[2424,7304],[-33,0]],[[3343,7607],[-42,-2],[33,5]],[[3399,7995],[70,34],[-66,-35]],[[3306,7636],[-40,-23]],[[3224,7579],[-11,-9]],[[3740,8332],[-22,7],[-12,1]],[[3596,8072],[-6,-4],[-4,-4]],[[3572,8056],[-99,-32],[113,52]],[[3667,8141],[15,57],[-45,43]],[[3693,8344],[59,6]],[[3752,8350],[3,0]],[[3755,8350],[48,51]],[[3818,8427],[7,18]],[[3825,8445],[63,93]],[[3888,8538],[14,27],[22,9]],[[3924,8574],[64,106]],[[3988,8680],[-2,35]],[[3986,8715],[55,58]],[[4041,8773],[156,269],[-108,6],[46,214],[-253,7],[-200,157],[52,20]],[[3742,9451],[170,545],[-163,-544]],[[3735,9443],[-48,-17],[50,-33]],[[3744,9392],[180,-117],[34,143],[2,193],[21,56],[214,34]],[[4195,9701],[11,8],[-4,19]],[[4202,9728],[-19,39],[112,43],[-56,30],[4,24],[351,223],[-186,-183]],[[4408,9904],[-8,-4],[-13,-3]],[[4387,9897],[-140,-36],[20,-29],[30,-10],[2,-18],[-95,-70]],[[4204,9734],[7,-20],[-18,-18]],[[4193,9696],[-228,-87],[31,-153],[-66,-180],[197,19],[7,-24],[6,-89],[177,53],[-159,-73],[47,-128],[-162,-266]],[[4043,8768],[-51,-57]],[[3992,8711],[1,-20]],[[3993,8691],[-4,-77],[-61,-48]],[[3928,8566],[-21,-9],[-6,-13]],[[3901,8544],[-68,-103]],[[3833,8441],[-46,-91]],[[9370,1873],[14,-4],[-12,-5]],[[9439,1822],[-14,-3],[9,16]],[[9418,1869],[-17,-1],[-21,53]],[[7367,4926],[1,0],[10,-2]],[[12478,8648],[2,1]],[[12480,8649],[5,-3]],[[12485,8646],[1,-3],[72,-27]],[[12558,8616],[34,-15]],[[12588,8601],[-163,43],[-33,65]],[[12392,8709],[62,-63]],[[12454,8646],[16,-3],[8,5]],[[338,8259],[7,10]],[[321,8241],[-25,1],[6,-16]],[[310,8174],[-11,-9]],[[299,8165],[-73,388]],[[226,8553],[62,51]],[[291,8607],[44,45]],[[341,8682],[0,1]],[[341,8683],[-13,64]],[[328,8747],[20,-64]],[[294,8596],[-16,-8],[-46,-41]],[[292,8280],[34,-33]],[[290,8927],[8,45]],[[320,9009],[-1,17]],[[310,9086],[-1,47]],[[316,9146],[0,41]],[[316,9187],[8,-32]],[[328,8844],[-1,10],[-2,6]],[[724,8400],[-1,-5],[-7,-2]],[[12079,10155],[-54,13]],[[12025,10168],[0,7]],[[2151,7084],[-7,-13],[-6,4]],[[2061,7299],[8,81],[5,-74]],[[2287,7920],[-1,15],[49,31]],[[2353,8123],[-6,4],[1,6]],[[2050,8478],[11,2],[-1,-11]],[[2770,9590],[2,7],[3,-6]],[[3015,9390],[-3,-7]],[[3000,9366],[8,-27]],[[2886,9420],[-40,90],[-36,22]],[[2793,9592],[4,-5]],[[2818,9767],[-1,0],[0,1]],[[2693,9653],[-2,-8],[-9,24]],[[2739,10056],[-26,60],[22,-34]],[[2966,10314],[6,-24],[-12,19]],[[3090,10145],[8,-16],[-9,14]],[[3399,9268],[16,16],[-4,-16]],[[3450,9250],[0,1],[-1,0]],[[3451,9265],[1,1],[1,2]],[[3455,9271],[16,8]],[[3471,9279],[2,2]],[[3473,9281],[7,5],[10,3]],[[3490,9289],[7,-21]],[[3497,9268],[-35,-62]],[[3433,9180],[11,-13],[-12,11]],[[3423,9147],[-11,-44],[-6,20]],[[3426,9066],[-1,7],[19,8]],[[3546,9063],[10,6],[-4,-7]],[[3593,9025],[5,5],[5,-2]],[[3622,9036],[1,2],[5,1]],[[3588,8890],[-4,11],[7,-9]],[[3599,8904],[-4,8],[0,4]],[[3542,8757],[33,77],[-31,-83]],[[3034,7522],[-69,9],[-38,27],[-3,-71],[-77,-48],[70,96],[3,25],[30,-2]],[[2962,7549],[6,-15],[15,-3]],[[3083,7497],[10,-14],[14,1],[5,5]],[[3196,7566],[-10,-3]],[[3118,7492],[-10,-13],[-14,-2],[-21,26]],[[2764,7710],[-8,-2],[-5,5]],[[11424,11142],[-5,-3]],[[11362,11069],[-2,-2],[-8,-4]],[[11327,11044],[-3,-11],[-2,-2]],[[11310,11019],[-13,-13],[0,-5]],[[11298,10995],[5,-13]],[[11317,11122],[-13,-4],[3,9]],[[11293,11140],[-1,-33],[0,39]],[[11383,11197],[1,-1]],[[11385,11195],[4,0],[10,0]],[[19,10184],[-3,2],[-3,5]],[[11,10194],[-3,7],[4,26]],[[12,10227],[-1,-8]],[[577,10960],[-59,80]],[[539,11060],[74,-73]],[[500,10943],[3,7],[13,-6]],[[700,11074],[31,-26],[-45,-15]],[[276,10726],[-1,-27],[-19,-7]],[[448,10635],[41,9]],[[495,10637],[-24,-20],[-22,16]],[[1299,11702],[-4,6],[0,7]],[[1425,11832],[-1,5],[14,-7]],[[2470,12437],[32,3],[-3,-32]],[[2499,12408],[-16,12],[-42,-5],[-74,26],[-48,-38]],[[2305,12412],[77,53]],[[2382,12465],[32,3]],[[2414,12468],[4,2],[3,0]],[[2421,12470],[10,0]],[[2561,12774],[2,3]],[[2563,12777],[0,1],[0,2]],[[2563,12780],[3,10]],[[2566,12790],[14,23]],[[2599,12839],[6,4]],[[2618,12847],[9,7]],[[2627,12854],[9,-2]],[[2591,12801],[-25,-114]],[[2666,12843],[0,7],[10,-5]],[[2794,12898],[5,11],[6,0]],[[3531,12897],[-2,-1],[0,0]],[[3431,12685],[-27,0],[22,2]],[[3394,12687],[-1,-35]],[[3393,12652],[-4,35]],[[3302,12675],[26,-6],[-26,2]],[[3245,12606],[2,1]],[[3253,12607],[-5,-57]],[[2952,12098],[-35,-14],[30,13]],[[2671,12164],[1,-6],[-14,4]],[[2651,12138],[6,4],[-7,-21]],[[3210,11278],[5,-1],[1,-3]],[[3346,11287],[6,-14]],[[3355,11267],[94,32]],[[3453,11291],[3,-7],[7,-6]],[[3464,11277],[2,-13],[11,0]],[[3482,11255],[15,-2],[44,52]],[[3546,11317],[70,26]],[[3564,11257],[-8,-72],[-135,7]],[[3441,11173],[16,-18]],[[3442,11140],[-31,-36]],[[3399,11049],[-1,-5],[-3,-1]],[[3378,11020],[5,11],[3,-10]],[[3313,11080],[-38,19]],[[3275,11099],[-2,10]],[[3168,11118],[4,-57]],[[3172,11061],[-20,-23]],[[3158,11009],[11,24],[-7,-24]],[[3169,10966],[0,-2],[-5,2]],[[2887,11019],[17,-42]],[[2904,10977],[-8,5]],[[2896,10982],[-19,33]],[[2813,10925],[-5,-24],[-8,15]],[[2781,10869],[-2,-19],[-6,8]],[[2833,10725],[188,126],[-216,-209],[28,-95],[81,106],[-52,-152]],[[2862,10501],[-3,-2]],[[2859,10499],[-90,73],[53,131]],[[2712,10731],[-9,-3],[3,14]],[[2643,10792],[12,-18],[-22,22]],[[2653,10877],[0,9],[7,-9]],[[2402,10981],[-29,18]],[[2372,11004],[24,-5],[9,0]],[[2408,10970],[-5,-4]],[[2374,10980],[5,-18],[-9,14]],[[1705,10770],[1,-1]],[[1706,10769],[-8,2]],[[1594,10922],[-16,-16],[-6,35]],[[1328,10919],[2,6]],[[1331,10957],[-10,13]],[[1383,10884],[-1,-2]],[[1240,10938],[12,6],[-10,-9]],[[1302,10837],[0,-18],[-12,14]],[[1202,10822],[-15,-14],[6,28]],[[1080,10766],[-2,-9],[-7,12]],[[1002,10860],[-72,15],[61,-8]],[[1095,11061],[-2,-5],[-13,-4]],[[787,11102],[-3,25],[10,-21]],[[622,11195],[23,10],[-14,-29]],[[11820,116],[-7,-2],[0,14]],[[10142,451],[0,3],[6,2]],[[10237,442],[2,2]],[[10251,452],[23,14]],[[10275,465],[-6,-9]],[[10411,568],[-3,-6],[-1,6]],[[7209,503],[-7,3],[8,0]],[[8191,753],[13,-12],[-14,6]],[[11012,737],[9,-7],[-11,3]],[[10001,777],[21,-2],[-39,-13]],[[9443,931],[-7,9],[6,6]],[[9298,975],[-1,-1],[-2,1]],[[11861,983],[9,-2],[0,-1]],[[8949,950],[-8,9],[-2,8]],[[8943,965],[2,-6],[1,-2]],[[8627,1282],[-3,1],[-1,3]],[[9591,1374],[-6,-3],[5,6]],[[9438,1215],[-7,-6],[-17,-6]],[[9369,1190],[-37,27],[-56,-86]],[[9345,1349],[80,31],[42,-101]],[[11211,1443],[-16,-14],[11,13]],[[8443,1643],[-3,32]],[[8469,1771],[13,32],[-16,10]],[[8503,1816],[-1,-27]],[[8502,1789],[20,-66]],[[8273,1854],[-6,-11],[-46,-4]],[[8368,1831],[4,15]],[[8419,1967],[21,6]],[[8443,1973],[18,-7]],[[8734,2255],[1,-22],[-19,11]],[[8815,2961],[-8,-2],[6,9]],[[7801,2642],[6,-4],[2,-10]],[[8241,1941],[9,23]],[[8243,1966],[-9,1]],[[8239,2144],[146,127],[-112,-140]],[[8273,2131],[92,-87]],[[8365,2044],[4,-31]],[[8212,1941],[1,12],[3,-14]],[[9079,2240],[-7,4]],[[9082,2253],[4,-3],[2,0]],[[5342,2304],[-18,-1],[18,14]],[[9506,2423],[12,-16],[-15,-2]],[[7487,2773],[-18,-6],[19,11]],[[7501,3074],[10,13]],[[7521,3030],[-12,-5]],[[7876,2786],[-13,-7],[12,7]],[[9276,3209],[2,2],[3,2]],[[8446,3288],[2,0],[4,-3]],[[8536,3325],[25,-5],[-21,-4]],[[8639,3435],[7,-10],[-8,6]],[[8357,3466],[-25,-7],[11,20]],[[8193,3261],[25,97]],[[8218,3358],[-1,3]],[[8212,3371],[-136,91]],[[8105,3460],[95,-40],[28,-75]],[[8228,3345],[-6,-20],[-5,-14]],[[8217,3311],[-8,-19]],[[8209,3292],[-2,-6],[0,-14]],[[8207,3272],[-23,-61]],[[7634,3559],[16,9],[31,-12]],[[7694,3549],[1,-2]],[[7698,3542],[2,0]],[[7734,3542],[23,6]],[[7758,3549],[15,4]],[[7876,3477],[32,7]],[[7992,3464],[31,-11],[48,13]],[[8074,3460],[-50,-16],[-40,16]],[[7908,3474],[-26,-4]],[[7664,3558],[-10,5],[-10,-4]],[[7397,3735],[-4,2]],[[7391,3752],[9,9],[-6,12]],[[7401,3774],[12,5],[-6,-45]],[[7505,3581],[103,-27]],[[8175,3377],[-5,5],[-4,-3]],[[8163,3380],[4,7],[20,-12]],[[9525,3393],[6,-16],[18,-6]],[[9561,3345],[9,-28]],[[9573,3313],[47,-41]],[[9365,3382],[-17,-16]],[[9350,3356],[52,-73]],[[9412,3447],[30,39],[7,-45]],[[9476,3422],[36,-40],[11,11]],[[6534,3596],[8,13],[1,-17]],[[9374,3564],[-5,12],[-1,14]],[[9364,3603],[36,33]],[[9498,3617],[-10,-23],[-11,-8]],[[11307,3687],[4,-2],[-3,-3]],[[11259,3721],[-16,26],[21,-13]],[[9338,3737],[-1,-5],[-6,-1]],[[9254,4105],[-1,2],[1,2]],[[9451,4445],[-26,-55]],[[9146,4264],[-17,-12]],[[9126,4243],[1,-39]],[[9407,4424],[14,-19],[19,37]],[[8369,3802],[27,-21],[-32,6]],[[8156,4058],[1,16],[26,-21],[6,-23],[52,-35],[-57,31]],[[8170,4058],[-8,6],[-1,-5]],[[8121,4096],[-11,42],[5,19]],[[8191,4210],[11,3]],[[8237,4227],[29,9],[11,4]],[[8220,4207],[-13,-8],[-7,-5]],[[8143,4068],[8,-11]],[[8041,4226],[7,-3],[-8,1]],[[8409,3825],[-4,0],[-4,10]],[[8867,3940],[-3,-2],[-3,1]],[[8838,4352],[125,-78]],[[8963,4274],[7,-18],[10,-13]],[[8980,4243],[-59,-88]],[[8793,4142],[-95,-9],[12,79],[122,-5]],[[8868,4199],[53,18]],[[8921,4217],[35,54]],[[8956,4271],[-182,91],[58,-11]],[[8614,4671],[18,-15]],[[8628,4629],[-22,42]],[[8413,4886],[3,-8],[-5,-6]],[[8422,4594],[9,5],[3,-13]],[[8547,4399],[0,-9],[-7,-3]],[[8665,4445],[-3,1],[-3,7]],[[8593,4597],[-4,9],[4,-1]],[[11235,3939],[-23,-107],[8,134]],[[11220,3966],[3,-3]],[[11223,3963],[13,-15]],[[10333,4068],[0,-2]],[[10333,4066],[-7,-10]],[[10326,4056],[3,22]],[[11100,4513],[-1,-4],[-4,3]],[[11121,4536],[-3,13],[15,-8]],[[7230,4577],[-21,-1],[20,13]],[[7102,4637],[7,10],[-5,-14]],[[8067,4593],[7,11],[2,-7]],[[4326,4695],[24,3],[19,-8]],[[4376,4684],[3,-3],[8,-1]],[[4393,4677],[4,-16],[-5,-9]],[[9684,4717],[-1,60],[16,24]],[[9728,4815],[4,1],[21,21]],[[9771,4825],[-78,-206],[-17,85]],[[8869,5021],[-20,-18],[16,22]],[[8547,5089],[-2,-13],[-2,12]],[[8532,5088],[-2,-4],[-4,-2]],[[6431,5194],[-5,26],[17,-30]],[[5865,5280],[6,-1]],[[5871,5279],[0,-42]],[[5871,5237],[-18,-13]],[[8663,5267],[59,52],[-40,-40]],[[11806,5173],[-2,13]],[[11812,5210],[-9,21]],[[11803,5231],[175,52]],[[11978,5283],[16,2],[27,23]],[[12021,5308],[3,-2]],[[12024,5306],[-26,-24],[-15,-2]],[[11983,5280],[-166,-67]],[[11811,5146],[-68,35]],[[11743,5181],[-24,40],[-34,5]],[[11685,5226],[-12,-5],[-16,14]],[[11657,5235],[-144,-13]],[[11513,5222],[0,-3],[4,0]],[[11517,5219],[9,-1],[3,-26]],[[11529,5192],[-4,-12]],[[11525,5180],[-1,1],[0,2]],[[11524,5183],[0,27]],[[11524,5210],[0,2],[-2,1]],[[11522,5213],[-15,6],[2,8]],[[11509,5227],[85,31],[73,-25]],[[11667,5233],[8,-7],[9,4]],[[11684,5230],[28,2],[18,-15],[14,-33]],[[11744,5184],[63,-35]],[[5885,5430],[-63,37],[62,-28]],[[5817,5526],[-24,-4]],[[5793,5522],[1,14]],[[5794,5536],[28,9]],[[5831,5552],[50,15],[-42,-16]],[[5247,5424],[-12,41],[33,4]],[[5484,5617],[3,1],[4,4]],[[5496,5625],[7,-3],[-23,-23]],[[8832,5674],[-11,8],[9,6]],[[7513,5667],[1,-1],[-2,-1]],[[8013,6301],[-2,10],[3,0]],[[5166,5999],[7,-2],[6,-8]],[[9688,6109],[25,-15],[-33,-4]],[[11043,5931],[22,26]],[[11179,6028],[9,4],[1,0]],[[11209,6048],[17,8],[3,4]],[[11256,6092],[21,70]],[[11303,6203],[5,-3]],[[11283,6164],[-2,-20],[-10,-36]],[[11270,6106],[-8,-8],[-2,-4]],[[11234,6061],[-58,-38]],[[6590,6255],[6,0]],[[6596,6255],[3,-5]],[[6599,6250],[-9,-8]],[[6590,6242],[-1,-2],[2,-2]],[[6591,6238],[1,-4]],[[6592,6234],[-18,24]],[[6037,6522],[5,3],[-1,-9]],[[8756,6602],[-14,-13],[12,13]],[[11487,6848],[5,3],[-3,6]],[[11492,6860],[9,-18],[-15,-3]],[[8455,6915],[0,-8],[-9,0]],[[8466,6914],[-7,3],[3,5]],[[11182,7079],[-4,-1],[-3,5]],[[11083,7215],[-1,10],[7,-6]],[[7500,7243],[24,-20]],[[7524,7223],[-21,-23]],[[7503,7200],[-18,47]],[[7485,7247],[2,1]],[[10064,7232],[-5,-2],[-4,1]],[[10101,7289],[9,6]],[[10110,7295],[0,-8]],[[10110,7287],[-1,-1]],[[10126,7276],[4,4],[8,-6]],[[7667,7355],[4,20],[1,-17]],[[7634,7289],[1,-11],[6,0]],[[7648,7266],[77,-20],[-59,-17],[-18,-82],[-45,102]],[[7596,7262],[26,55],[-32,10]],[[7590,7327],[-26,-16]],[[7564,7311],[-47,86],[-95,-54],[-221,67],[-260,133]],[[6941,7543],[-21,-11]],[[6920,7532],[-69,110],[72,-104]],[[6923,7538],[4,1],[6,5]],[[6933,7544],[111,-10],[118,-40]],[[7162,7494],[7,-13]],[[7169,7481],[1,-3],[3,-2]],[[7173,7476],[38,-18]],[[7211,7458],[12,-13]],[[7223,7445],[-8,-19]],[[7215,7426],[0,-1],[9,-5]],[[7224,7420],[9,1]],[[7233,7421],[10,69]],[[7243,7490],[1,12]],[[7244,7502],[160,-55]],[[7404,7447],[10,-6]],[[7414,7441],[4,-8],[9,-6]],[[7427,7427],[10,-11]],[[7437,7416],[98,37],[-28,35],[94,245]],[[7606,7731],[4,-6],[3,8]],[[7618,7734],[-106,-242],[11,13],[46,-154],[90,-2]],[[9706,7421],[-18,9],[19,-5]],[[8419,7562],[3,-20],[-16,4]],[[10278,7633],[30,39]],[[10308,7672],[70,23]],[[10480,7698],[37,-13]],[[10517,7685],[18,-38],[-48,-1]],[[10487,7646],[-35,-20]],[[10452,7626],[-29,-11]],[[10423,7615],[-112,-25]],[[10403,7718],[-5,40],[28,-39]],[[10429,7746],[-6,4],[0,2]],[[10349,8085],[-2,11],[12,2]],[[10522,7768],[9,4],[2,-11]],[[7725,7865],[51,78],[-49,-79]],[[3539,8147],[-6,11],[1,14]],[[9629,8233],[5,-1]],[[9572,8231],[53,3]],[[3789,8496],[7,-2],[1,-3]],[[3682,8520],[3,19],[4,3]],[[11024,8486],[-5,-7],[-3,8]],[[3289,8661],[30,-30],[-35,31]],[[889,8761],[-4,6],[6,3]],[[10920,8824],[-3,7],[7,-3]],[[10693,8878],[-10,10]],[[10683,8888],[2,10]],[[10788,8931],[2,-6],[-2,-4]],[[11184,8930],[-6,2],[6,3]],[[11115,9083],[-4,-12],[-18,12]],[[10856,9217],[14,-10],[-12,4]],[[10879,9190],[5,-2],[2,-4]],[[10860,9131],[-1,-4],[-6,0]],[[10803,9106],[-8,-25],[-20,0]],[[11051,9457],[-16,-16]],[[11001,9427],[-9,7]],[[10928,9492],[6,12]],[[10984,9472],[11,-7],[24,6]],[[10922,9610],[-2,4],[2,2]],[[11725,10275],[3,-2],[2,-3]],[[11880,10213],[-6,3],[-1,5]],[[11659,9613],[8,-5]],[[11641,9618],[5,0]],[[11520,9240],[-3,-8],[-11,2]],[[11483,9179],[-11,3],[12,-3]],[[951,8967],[-4,4],[4,7]],[[933,8985],[-3,-6],[-5,4]],[[1015,9060],[13,24],[-6,-39]],[[1182,9170],[-34,-5],[24,7]],[[901,9599],[-100,37],[96,-2]],[[860,9797],[-1,11]],[[859,9808],[12,-6]],[[887,9796],[11,-5]],[[1150,9819],[39,7]],[[1188,9803],[-9,-8],[-18,7]],[[1110,9807],[-86,0]],[[1000,9812],[68,30],[-60,64],[84,-55]],[[1092,9851],[10,-12]],[[1102,9839],[12,-23]],[[1111,9716],[-3,17],[9,-1]],[[1285,9396],[7,20],[0,3]],[[1247,9521],[10,-13]],[[1265,9502],[23,-36]],[[1294,9458],[-2,-64]],[[11233,9212],[12,29],[2,-30]],[[11126,9214],[-46,20],[55,13]],[[11162,9241],[-28,-29]],[[699,9410],[10,-3]],[[709,9407],[-29,0]],[[685,9537],[-3,6]],[[682,9543],[16,7]],[[1394,9451],[-7,-7]],[[1378,9438],[-5,-3]],[[1413,9539],[1,-3]],[[1411,9530],[-1,-1]],[[1067,9453],[3,6],[27,-44]],[[402,9324],[42,120]],[[444,9444],[4,-12]],[[431,9352],[-29,-28]],[[10726,9541],[-10,1]],[[10716,9550],[14,11]],[[2508,9618],[-32,16],[16,4]],[[7696,9685],[-14,-4],[-1,5]],[[7785,9908],[-1,-10]],[[7784,9898],[-12,1]],[[7769,9899],[-26,-40]],[[7737,9866],[-6,7]],[[7717,9872],[-3,-1]],[[7690,9894],[-21,-30]],[[7666,9859],[-14,-1]],[[7581,9657],[-12,-17],[-1,-6]],[[7567,9628],[-2,-6],[1,-2]],[[7594,9604],[-5,-9]],[[7589,9595],[-214,-304],[153,266]],[[7528,9557],[2,5]],[[7530,9562],[34,40]],[[7564,9608],[-3,21],[21,35]],[[7748,9885],[2,2],[2,10]],[[7793,9916],[13,-18]],[[7806,9898],[-14,-3]],[[7792,9895],[-2,15]],[[7586,9739],[26,-7]],[[7609,9727],[-5,-1],[-7,2]],[[7704,9821],[-18,15]],[[7686,9836],[17,-5]],[[7703,9831],[3,-1]],[[11742,9695],[35,-6],[-39,2]],[[7393,9765],[-63,-11],[-72,16]],[[7234,9772],[-135,-26],[72,25]],[[7201,9770],[14,0],[18,7]],[[7264,9772],[3,0],[1,1]],[[7274,9777],[34,-2],[7,-8]],[[7404,9761],[-18,-12]],[[7386,9749],[4,10]],[[7221,9931],[-1,6],[6,-1]],[[7557,10149],[-1,37]],[[7636,10115],[0,-6]],[[7397,10116],[-4,-9]],[[7495,10201],[49,-59]],[[7684,10091],[5,0],[1,-5]],[[7983,10202],[-30,30],[33,-28]],[[8027,10241],[-32,80],[43,-82]],[[8086,10224],[1,13],[11,-3]],[[8094,10231],[-4,0],[0,-4]],[[8143,10234],[62,131],[-59,-133]],[[9071,9768],[-55,124]],[[9016,9892],[-13,21],[10,22]],[[9013,9935],[4,-12]],[[9017,9923],[-9,-10],[8,-12]],[[9016,9901],[56,-117]],[[7622,9989],[-2,-2],[-2,2]],[[7591,10078],[-9,17],[4,16]],[[7565,10090],[13,-4],[-13,-15]],[[7564,10452],[-4,-23],[-2,20]],[[7651,10352],[14,4],[0,-11]],[[8094,10567],[-8,4],[11,3]],[[8206,10448],[134,45],[-144,-56],[-18,20]],[[8178,10457],[1,10]],[[8179,10467],[7,9]],[[8177,10534],[-10,10],[-2,16]],[[8108,10595],[4,7]],[[8176,10564],[21,-38]],[[8189,10469],[1,-22],[14,1]],[[997,10672],[27,14],[-17,-17]],[[3377,10757],[4,-2],[5,-4]],[[3381,10731],[-140,-205],[128,220]],[[3286,10906],[-63,26],[57,-18]],[[8407,10838],[-6,-9],[-3,15]],[[7332,11163],[-13,-9]],[[7319,11154],[-12,-9]],[[7307,11145],[6,32]],[[7323,11277],[-3,0],[-3,-2]],[[7250,11223],[-7,1]],[[7276,11270],[6,-1]],[[7294,11269],[49,23]],[[7406,11217],[13,-6],[-14,5]],[[7401,11199],[19,-14],[-20,11]],[[3779,11181],[2,3],[4,-3]],[[8136,11211],[-96,-85]],[[8040,11126],[-3,-32]],[[8037,11094],[-13,-17],[16,8]],[[8040,11085],[35,-25],[-1,-56]],[[8074,11004],[-1,4]],[[8073,11008],[-5,43],[-15,8]],[[8053,11059],[-98,-18],[1,87],[184,91]],[[7160,11205],[-69,-120],[32,122]],[[7122,11251],[-1,6],[12,1]],[[6953,11333],[-3,0]],[[6987,11333],[-26,1]],[[6966,11484],[13,19],[-1,-16]],[[7013,11421],[12,1]],[[7106,11378],[5,8],[-5,10]],[[7106,11396],[1,23],[-7,7]],[[7092,11435],[0,49],[-6,-30]],[[7039,11436],[4,30]],[[7043,11466],[2,4],[-2,1]],[[7043,11471],[-10,24]],[[7033,11495],[-2,2],[-6,-2]],[[7025,11495],[-11,-1]],[[7014,11494],[138,140],[-64,-142],[105,-143]],[[7227,11227],[-8,-11],[-13,9]],[[7620,11282],[-21,-6],[12,21]],[[7684,11357],[63,13],[-42,-44]],[[1468,11214],[0,-3],[-11,6]],[[1329,11272],[-35,-15],[-25,22]],[[3450,11326],[87,115],[25,-102]],[[3691,11437],[-3,1],[1,5]],[[3723,11542],[-17,94]],[[3706,11636],[-12,83],[87,-25],[-57,-163]],[[3756,11504],[1,4],[4,2]],[[3768,11519],[21,22],[0,-24]],[[3763,11411],[12,-5]],[[3775,11406],[4,-5]],[[3779,11401],[-18,-5]],[[4028,11346],[0,0],[0,-2]],[[4027,11305],[0,-1],[0,-3]],[[4003,11294],[-73,-89],[-37,140],[-100,-140],[-71,78]],[[3725,11291],[16,6],[-2,11]],[[3739,11312],[153,61]],[[3892,11373],[-25,26]],[[3867,11399],[199,29],[-98,18],[19,81],[150,-23],[-61,-70],[79,-50],[-9,48],[82,46],[-74,-43],[175,-202],[-249,29]],[[4080,11262],[-5,-8],[-29,5]],[[4046,11259],[74,55],[-66,22]],[[8006,11409],[64,-8],[-53,-45]],[[1215,11357],[10,-36],[-40,-37]],[[880,11303],[-7,-4],[-2,3]],[[8864,11536],[-31,-41],[21,49]],[[2359,11595],[0,-6]],[[2359,11589],[-9,-2]],[[8988,11682],[1,9],[19,-8]],[[3347,11703],[10,4],[4,-3]],[[8487,11745],[-11,33]],[[8479,11787],[13,20]],[[8444,11873],[-20,-1]],[[8424,11872],[4,6]],[[8422,11954],[-6,-5],[-1,12]],[[8433,12075],[-11,3],[10,9]],[[8547,12014],[12,10]],[[8559,12024],[5,9]],[[8564,12033],[18,-56]],[[8582,11977],[-9,-4]],[[8573,11973],[-33,16]],[[8455,11935],[13,-2],[-12,-3]],[[8859,11966],[3,18],[7,-17]],[[8662,12004],[-4,-2],[-2,3]],[[8629,12018],[-9,10],[1,5]],[[8614,12106],[-10,38]],[[8604,12144],[22,-15]],[[8643,12131],[15,15],[4,-19]],[[6907,12008],[-13,-1],[9,14]],[[7065,12062],[10,-3],[-10,-5]],[[7060,12027],[3,0],[0,0]],[[7065,12028],[0,-9]],[[7065,12019],[-6,8]],[[7322,11979],[2,25]],[[7350,12008],[66,13],[-42,-72]],[[7321,12064],[-74,-137]],[[7247,11927],[-43,20]],[[7204,11947],[78,101],[15,41],[44,-18]],[[7655,11997],[-45,8],[78,17],[-1,-35]],[[3685,12101],[-1,-36],[-14,38]],[[3135,12630],[0,5]],[[3136,12636],[1,0]],[[3138,12622],[-1,2]],[[3657,13138],[3,-1],[1,-1]],[[3746,13188],[-1,10],[4,-13]],[[3737,13141],[-3,-14],[-12,1]],[[3635,13157],[13,2],[-2,-13]],[[3610,13250],[-7,-3],[-6,4]],[[3679,13501],[-6,3],[-4,-1]],[[3646,13509],[23,30],[15,-38]],[[3745,13482],[11,-1],[-3,-6]],[[3741,13439],[-1,-3],[-6,-2]],[[3757,13373],[13,1],[-6,-6]],[[3668,13284],[-3,-6],[-9,4]],[[2825,13219],[-3,10],[-3,3]],[[2816,13240],[3,8],[-3,7]],[[2765,13235],[98,71],[5,-118]],[[3946,13392],[14,-9],[-20,6]],[[4056,13716],[4,2],[5,0]],[[4368,13782],[5,-3],[-5,-6]],[[4199,14227],[3,-5],[-21,-15]],[[12329,4151],[-1,-4]],[[12328,4147],[-68,-8],[69,12]],[[3877,4282],[-1,2]],[[3876,4284],[0,0],[1,-2]],[[3808,4491],[-2,2]],[[3806,4493],[44,-14],[-42,12]],[[3793,4503],[-4,4]],[[3789,4507],[2,0],[2,-4]],[[3871,4290],[-30,85]],[[3841,4375],[20,-48],[-31,80]],[[3830,4407],[-4,20]],[[3826,4427],[76,95]],[[3902,4522],[-10,-60]],[[3892,4462],[-21,-172]],[[3676,4671],[-138,193]],[[3538,4864],[-1,8],[-16,3]],[[3521,4875],[-24,39]],[[3497,4914],[78,-57],[101,-186]],[[3482,4926],[-12,23],[-10,21]],[[3460,4970],[36,-46],[-14,2]],[[3373,5021],[-62,11],[-12,14]],[[3299,5046],[17,3],[57,-28]],[[5927,5181],[6,5],[8,-12]],[[5941,5174],[-14,7]],[[3098,5091],[-37,19],[-33,50]],[[3028,5160],[24,-11],[46,-58]],[[3299,5046],[-103,23]],[[3196,5069],[-12,9],[-12,-1]],[[3172,5077],[-57,12]],[[3115,5089],[-16,113],[141,-90]],[[3240,5112],[47,-23]],[[3287,5089],[12,-43]],[[2916,5244],[-24,35],[-49,28]],[[2843,5307],[0,25],[49,-49],[24,-39]],[[12452,5285],[1,-3],[0,-1]],[[12453,5281],[-76,40],[75,-36]],[[2656,5467],[-23,11],[-26,13]],[[2607,5491],[17,9],[32,-33]],[[9818,5467],[10,6],[-5,8]],[[9823,5481],[-5,-14]],[[5584,5981],[65,-1],[-64,-13]],[[5585,5967],[-1,14]],[[1969,6321],[-6,1],[-7,1]],[[1956,6323],[7,-1],[6,-1]],[[13200,7656],[42,-31],[13,-21]],[[13255,7604],[-22,21],[-33,31]],[[13146,7694],[4,-2],[2,-2]],[[13152,7690],[-2,1],[-4,3]],[[13210,7656],[-22,19],[-10,30]],[[13178,7705],[21,-39]],[[13199,7666],[11,-10]],[[13106,7713],[35,-17]],[[13141,7696],[-10,4]],[[13131,7700],[-25,13]],[[13075,7735],[10,-2],[2,-3]],[[13087,7730],[-9,2],[-3,3]],[[13056,7776],[4,-10]],[[13060,7766],[-2,4],[-2,6]],[[13163,7698],[-70,36],[-6,19],[-7,95]],[[13080,7848],[45,-127]],[[13125,7721],[38,-23]],[[12386,8720],[4,-7]],[[12390,8713],[-2,2],[-2,5]],[[12330,8796],[5,-2]],[[12335,8794],[6,-2],[6,-1]],[[12347,8791],[5,-1]],[[12352,8790],[2,-1]],[[12354,8789],[27,-39]],[[12381,8750],[-126,102],[-5,12]],[[12250,8864],[4,-3]],[[12254,8861],[3,-6],[15,-4]],[[12272,8851],[9,-9]],[[12281,8842],[15,-19],[15,-10]],[[12311,8813],[14,-14]],[[12325,8799],[0,0],[2,-2]],[[12327,8797],[1,-1]],[[12328,8796],[1,0],[1,0]],[[12243,8923],[1,-10]],[[12244,8913],[-1,5],[0,5]],[[12238,8944],[2,-6],[2,-12]],[[12242,8926],[-4,6],[0,12]],[[12276,9050],[1,-4]],[[12277,9046],[0,3],[-1,1]],[[12311,9156],[0,-3],[1,-13]],[[12312,9140],[-3,8],[2,8]],[[307,9201],[5,54]],[[312,9255],[25,10],[34,29]],[[371,9294],[7,6]],[[378,9300],[-71,-99]],[[12415,9336],[-2,-4],[0,0]],[[12413,9332],[0,1],[2,3]],[[12430,9375],[-3,-20],[0,0]],[[12427,9355],[-1,12],[4,8]],[[12448,9400],[-6,-8],[-7,-7]],[[12435,9385],[1,6],[12,9]],[[11976,9419],[4,1]],[[11980,9420],[24,4],[15,28]],[[12019,9452],[4,-3]],[[12023,9449],[-21,-31],[-21,-7],[-5,8]],[[12457,9448],[4,-10],[-2,-10]],[[12459,9428],[-1,17],[-1,3]],[[12117,9459],[21,-11]],[[12138,9448],[9,-1],[16,5]],[[12163,9452],[10,-4]],[[12173,9448],[-35,-5],[-40,12],[-24,-9],[-34,-2],[-13,5]],[[12027,9449],[4,2]],[[12031,9451],[8,-3],[7,6]],[[12046,9454],[26,-2]],[[12072,9452],[25,8],[20,-1]],[[11970,9445],[0,-5]],[[11970,9440],[-21,9],[-7,22]],[[11942,9471],[9,-18]],[[11951,9453],[8,-5],[11,-3]],[[11891,9459],[3,-1]],[[11894,9458],[17,-6],[16,26]],[[11927,9478],[0,18]],[[11927,9496],[3,-34],[-28,-16],[-11,13]],[[12173,9448],[11,-4]],[[12184,9444],[64,38]],[[12248,9482],[21,27]],[[12269,9509],[17,24]],[[12286,9533],[16,9]],[[12302,9542],[8,4],[4,3]],[[12314,9549],[7,7]],[[12321,9556],[-49,-50]],[[12272,9506],[-4,-4],[-18,-23]],[[12250,9479],[-51,-43],[-26,12]],[[12434,9516],[7,-29]],[[12441,9487],[-55,68]],[[12386,9555],[-60,6]],[[12326,9561],[49,9]],[[12375,9570],[13,-12]],[[12388,9558],[6,-2]],[[12394,9556],[6,-8]],[[12400,9548],[1,-7],[4,-6]],[[12405,9535],[7,-5]],[[12412,9530],[12,-7],[10,-7]],[[444,9452],[12,38]],[[456,9490],[40,29],[6,25]],[[502,9544],[4,7]],[[506,9551],[6,9]],[[512,9560],[57,56]],[[569,9616],[-68,-98],[-57,-66]],[[11949,9721],[0,-5]],[[11949,9716],[-4,11],[9,10],[9,15],[12,6]],[[11975,9758],[-8,-6]],[[11967,9752],[-6,-5],[-3,-5]],[[11958,9742],[-7,-11]],[[11951,9731],[-5,-6],[3,-4]],[[573,9631],[-2,75],[7,41]],[[578,9747],[-5,-42],[0,-74]],[[11996,9773],[-14,-9]],[[11982,9764],[71,60]],[[12053,9824],[-49,-47]],[[12004,9777],[-1,-1],[-7,-3]],[[563,9787],[-5,9],[-4,3]],[[554,9799],[5,-3],[2,-3],[2,-6]],[[12084,9881],[-5,-18]],[[12079,9863],[-1,2]],[[12078,9865],[6,16]],[[489,9841],[-9,10]],[[480,9851],[7,-5]],[[487,9846],[2,-5]],[[12104,9927],[-2,-4],[-3,-8]],[[12099,9915],[-4,12],[9,0]],[[426,9949],[-9,9],[-14,13]],[[403,9971],[7,-5],[16,-17]],[[12080,10052],[29,-104]],[[12109,9948],[-34,84]],[[12075,10032],[5,20]],[[12074,10074],[5,-9]],[[12079,10065],[-3,5]],[[12076,10070],[-2,4]],[[12024,10129],[36,-23],[5,-18]],[[12065,10088],[-19,26],[-22,15]],[[394,9979],[-15,25]],[[379,10004],[1,21]],[[380,10025],[2,15]],[[382,10040],[0,2],[0,1]],[[382,10043],[-20,59]],[[362,10102],[21,-19],[11,-104]],[[13,10234],[-2,4]],[[11,10238],[1,-2],[1,-2]],[[12128,10324],[6,-4]],[[12134,10320],[-21,8],[-6,12]],[[12107,10340],[6,-7]],[[12113,10333],[6,-5],[9,-4]],[[12082,10376],[11,-12],[5,-8]],[[12098,10356],[-14,14],[-2,6]],[[6,10252],[2,45]],[[8,10297],[1,8],[-2,9]],[[7,10314],[-5,33]],[[2,10347],[11,-56],[-7,-39]],[[12072,10404],[4,-12]],[[12076,10392],[-34,31],[-2,10]],[[12040,10433],[5,-8]],[[12045,10425],[10,-6],[17,-15]],[[12033,10448],[2,-6]],[[12035,10442],[-2,4],[0,2]],[[2,10368],[-2,23],[0,10]],[[0,10401],[3,-12],[-1,-21]],[[12035,10471],[-1,-4]],[[12034,10467],[1,11]],[[12035,10478],[0,-6]],[[12035,10472],[0,0],[0,-1]],[[12075,10489],[-2,-2],[-9,0]],[[12064,10487],[2,2],[9,0]],[[1,10410],[9,48],[8,23]],[[18,10481],[-10,-49],[-7,-22]],[[23,10495],[0,4],[2,7]],[[25,10506],[0,-3],[-2,-8]],[[25,10508],[1,12],[3,26]],[[29,10546],[-1,-24],[-3,-14]],[[12096,10582],[35,-30]],[[12131,10552],[-43,32],[-13,17],[4,8]],[[12079,10609],[10,-19]],[[12089,10590],[2,-4],[5,-4]],[[12035,10648],[23,-6],[12,-6]],[[12070,10636],[-29,7],[-6,5]],[[12007,10659],[4,-2],[18,-7]],[[12029,10650],[-8,1],[-14,8]],[[40,10588],[-2,13],[7,47]],[[45,10648],[-5,-37],[0,-23]],[[49,10664],[0,1],[1,0]],[[50,10665],[-1,-1]],[[11944,10729],[8,-18],[25,-27]],[[11977,10684],[-16,10],[-15,25],[-2,10]],[[64,10672],[22,8],[7,5]],[[93,10685],[-8,-8],[-21,-5]],[[11881,10783],[2,0]],[[11883,10783],[12,-1],[5,2]],[[11900,10784],[23,-7]],[[11923,10777],[3,-7],[13,-11]],[[11939,10759],[1,-5]],[[11940,10754],[-76,20],[-22,22],[-9,-8],[-12,8]],[[11821,10796],[5,-2]],[[11826,10794],[7,-4],[9,9]],[[11842,10799],[6,0]],[[11848,10799],[17,-21],[16,5]],[[11787,10799],[14,-3]],[[11801,10796],[6,-5],[6,4]],[[11813,10795],[7,1]],[[11820,10796],[-15,-9],[-17,10],[-34,-10],[-28,1],[-21,8],[-43,33]],[[11662,10829],[49,-34]],[[11711,10795],[41,-5],[35,9]],[[11658,10851],[-8,-7]],[[11650,10844],[0,2],[8,5]],[[11658,10885],[6,-23],[0,-3]],[[11664,10859],[-4,8],[-2,18]],[[11432,10886],[5,-2]],[[11437,10884],[18,-13],[14,0]],[[11469,10871],[7,-1]],[[11476,10870],[-20,-2],[-12,6],[-38,10],[-30,27]],[[11376,10911],[21,-17]],[[11397,10894],[12,-8],[23,0]],[[11650,10906],[6,-13],[1,-4]],[[11657,10889],[-17,13],[10,4]],[[11482,10870],[11,3]],[[11493,10873],[10,1],[21,13],[4,10]],[[11528,10897],[42,7]],[[11570,10904],[8,5],[0,0]],[[11578,10909],[22,2]],[[11600,10911],[28,9],[16,-2]],[[11644,10918],[3,-6]],[[11647,10912],[-145,-52],[-20,10]],[[11336,10957],[27,-15]],[[11363,10942],[-39,15],[-20,24]],[[11304,10981],[25,-19]],[[11329,10962],[4,-3],[3,-2]],[[200,10762],[11,17]],[[211,10779],[10,8],[16,20]],[[237,10807],[4,5]],[[241,10812],[9,16],[6,32],[2,15]],[[258,10875],[8,26]],[[266,10901],[2,2],[3,6]],[[271,10909],[23,26]],[[294,10935],[-54,-130],[-40,-43]],[[11043,11451],[56,-27]],[[11099,11424],[-61,21],[-2,26]],[[11036,11471],[7,-16]],[[11043,11455],[0,-3],[0,-1]],[[1308,11755],[0,3],[0,4]],[[1308,11762],[1,-4],[-1,-3]],[[9349,11869],[16,-9]],[[9365,11860],[-19,-3],[3,12]],[[1421,11837],[0,4]],[[1421,11841],[2,-3],[-2,-1]],[[9197,11956],[9,-5]],[[9206,11951],[-6,-12],[-3,17]],[[9005,12055],[55,-20]],[[9060,12035],[-141,-41]],[[8919,11994],[-31,0]],[[8888,11994],[38,84]],[[8926,12078],[62,-18]],[[8988,12060],[11,-15],[6,10]],[[8861,12096],[25,-7]],[[8886,12089],[-15,-14],[-10,21]],[[8812,12110],[24,-7],[1,0]],[[8837,12103],[-22,-2],[-3,9]],[[8568,12181],[16,-5]],[[8584,12176],[-15,-3],[-1,8]],[[8555,12185],[5,-2]],[[8560,12183],[-3,0],[-2,2]],[[8306,12253],[7,-1]],[[8313,12252],[16,-52],[-23,53]],[[8273,12262],[11,-3]],[[8284,12259],[-8,-3],[-3,6]],[[8217,12278],[25,-7]],[[8242,12271],[3,-20]],[[8245,12251],[-5,-4]],[[8240,12247],[-23,31]],[[8173,12289],[40,-11]],[[8213,12278],[-42,-63],[2,74]],[[8017,12331],[60,-16]],[[8077,12315],[-29,-6],[-31,22]],[[7991,12338],[13,-3]],[[8004,12335],[-41,-44],[15,51]],[[7978,12342],[7,-2]],[[7985,12340],[2,-7],[4,5]],[[7935,12353],[15,-4]],[[7950,12349],[-10,-16],[-5,20]],[[7791,12392],[5,-2],[10,-2]],[[7806,12388],[10,-24],[-25,28]],[[7708,12414],[6,-2]],[[7714,12412],[4,-11],[-10,13]],[[7564,12452],[9,-3]],[[7573,12449],[-15,-10],[-17,1],[10,15]],[[7551,12455],[2,0]],[[7553,12455],[5,-10],[6,7]],[[7374,12502],[7,-2]],[[7381,12500],[-6,-2],[-1,4]],[[3300,12614],[93,38]],[[3393,12652],[-80,-81],[-13,43]],[[1418,12810],[0,12]],[[1418,12822],[20,18],[-20,-30]],[[1596,13756],[16,-1]],[[1612,13755],[1,-1],[2,0]],[[1615,13754],[1,0]],[[1616,13754],[4,2],[3,4]],[[1623,13760],[6,5]],[[1629,13765],[-11,-18],[-39,-20],[-114,37]],[[1465,13764],[52,-8]],[[1517,13756],[19,-11],[60,11]],[[1630,13776],[61,93],[-68,50],[211,151],[61,1],[174,-144]],[[2069,13927],[114,-79]],[[2183,13848],[-63,10],[-25,-3]],[[2095,13855],[-226,214],[-110,-197],[-60,63],[83,-113],[-94,82],[6,-38],[-2,-3],[-62,-87]],[[3533,14181],[6,-1]],[[3539,14180],[-4,-7]],[[3535,14173],[-2,8]],[[4015,14412],[8,-5]],[[4023,14407],[-17,-3]],[[4006,14404],[9,8]],[[6296,3911],[0,0],[3,-5]],[[6299,3906],[-7,-4],[4,9]],[[5878,5178],[-12,22],[9,3]],[[5875,5203],[3,26],[0,-51]],[[5778,5369],[-12,33],[16,-19]],[[5782,5383],[0,-14],[-4,0]],[[5763,5550],[-4,-30],[-17,20]],[[5742,5540],[-3,24],[24,-14]],[[5895,5394],[3,-7],[-10,-2]],[[5888,5385],[-16,14],[23,-5]],[[4968,5856],[1,2],[-2,3]],[[4967,5861],[7,4]],[[4974,5865],[15,-35]],[[4989,5830],[-21,26]],[[6551,6019],[3,-1],[-3,-5]],[[6551,6013],[-9,-5],[9,11]],[[5206,6162],[10,6],[-6,-9]],[[5210,6159],[-2,-1],[-2,4]],[[9245,6472],[-12,4],[-1,5]],[[9232,6481],[13,-3],[0,-6]],[[9161,6733],[-2,5],[4,3]],[[9163,6741],[5,-5],[-7,-3]],[[10956,7067],[4,-2],[-4,-5]],[[10956,7060],[-6,7],[6,0]],[[10658,7607],[-9,2],[-1,20]],[[10648,7629],[33,8],[-23,-30]],[[10858,7880],[4,2]],[[10862,7882],[4,-1]],[[10866,7881],[-10,-3]],[[10856,7878],[2,2]],[[3699,8674],[-16,-13],[-11,11]],[[3672,8672],[19,21],[8,-19]],[[3735,8826],[-17,1],[15,12]],[[3733,8839],[8,-5],[-6,-8]],[[3622,8840],[-2,-3],[-2,2]],[[3618,8839],[-1,13],[5,-12]],[[5201,8925],[-8,8],[-3,-3]],[[5190,8930],[-8,-1]],[[5182,8929],[-23,84]],[[5159,9013],[3,4],[-1,5]],[[5161,9022],[17,63],[54,-152]],[[5232,8933],[-2,-2]],[[5230,8931],[-7,4],[-6,-6]],[[5217,8929],[21,-71]],[[5238,8858],[1,-7]],[[5239,8851],[-38,74]],[[11112,8793],[34,14]],[[11146,8807],[3,-38]],[[11149,8769],[-52,-50],[15,74]],[[11782,9097],[11,17],[-18,45]],[[11775,9159],[125,8]],[[11900,9167],[17,-1]],[[11917,9166],[-8,-37]],[[11909,9129],[-121,-37]],[[11788,9092],[-6,5]],[[10937,9192],[-2,-3],[-6,2]],[[10929,9191],[3,6],[5,-5]],[[12047,9266],[4,8],[-5,5]],[[12046,9279],[18,29]],[[12064,9308],[10,-14]],[[12074,9294],[-27,-28]],[[14041,9200],[8,-12]],[[14049,9188],[-29,-25]],[[14020,9163],[0,6],[0,1],[-3,19]],[[14017,9189],[24,11]],[[13609,8406],[20,72],[15,-67]],[[13644,8411],[7,-47]],[[13651,8364],[-39,-12]],[[13612,8352],[-3,12],[0,42]],[[13545,8091],[13,-21]],[[13558,8070],[-57,-19]],[[13501,8051],[-8,51]],[[13493,8102],[3,23],[49,-34]],[[13389,8303],[7,18],[-7,-22]],[[13389,8299],[-1,3],[1,1]],[[11443,9384],[0,-5],[-8,3]],[[11435,9382],[0,7],[8,-5]],[[14137,9643],[13,4],[-8,-12]],[[14142,9635],[-6,0],[1,8]],[[996,9100],[0,-1],[-1,-4]],[[995,9095],[-13,6],[14,-1]],[[11065,7225],[-6,1],[1,5]],[[11060,7231],[13,0],[-8,-6]],[[10684,7677],[6,-6],[-8,-1]],[[10682,7670],[-9,6],[11,1]],[[10714,7678],[-18,-5],[5,9]],[[10701,7682],[3,1],[10,-5]],[[10765,7905],[-30,13]],[[10735,7918],[57,7]],[[10792,7925],[-10,-5]],[[10782,7920],[-3,1],[-1,-5]],[[10778,7916],[-3,-2]],[[10775,7914],[-4,1],[0,-3]],[[10771,7912],[-6,-7]],[[10912,8021],[-2,-1],[-3,3]],[[10907,8023],[3,2],[2,-4]],[[11066,8373],[29,19],[4,-31]],[[11099,8361],[-26,-26],[-7,38]],[[11031,8391],[6,0],[-2,-9]],[[11035,8382],[-14,-1],[10,10]],[[11205,8840],[17,-6],[1,-6]],[[11223,8828],[-19,-9],[1,21]],[[11492,8723],[5,9],[23,-6]],[[11520,8726],[-15,-5],[-13,2]],[[11386,8687],[3,9],[6,-7]],[[11395,8689],[-4,-2],[-5,0]],[[11690,10065],[-10,-2],[4,7]],[[11684,10070],[7,-1],[-1,-4]],[[12232,8503],[-15,93],[21,-79]],[[12238,8517],[-1,-6],[-5,-8]],[[11493,6991],[8,12],[0,-16]],[[11501,6987],[-11,-20],[3,24]],[[756,10379],[-1,24],[8,-24]],[[763,10379],[-4,-1],[-3,1]],[[730,10491],[22,-30],[-32,18]],[[720,10479],[-3,9],[13,3]],[[7089,10567],[-45,80],[-73,-35]],[[6971,10612],[-3,4]],[[6968,10616],[65,91],[74,-73],[-7,73]],[[7100,10707],[1,4],[5,0]],[[7106,10711],[3,90]],[[7109,10801],[17,5]],[[7126,10806],[2,-7],[4,6]],[[7132,10805],[8,-1]],[[7140,10804],[3,-1],[1,1]],[[7144,10804],[19,-13]],[[7163,10791],[3,-4],[6,0],[3,15]],[[7175,10802],[6,5]],[[7181,10807],[4,-1],[1,6]],[[7186,10812],[2,2]],[[7188,10814],[-9,-61],[-63,-57],[92,-4]],[[7208,10692],[-3,-32]],[[7205,10660],[12,4],[9,11]],[[7226,10675],[6,-15]],[[7232,10660],[22,-76]],[[7254,10584],[-8,-27]],[[7246,10557],[-105,99],[-44,-89]],[[7097,10567],[-8,0]],[[9101,10858],[-6,-2],[0,-5]],[[9095,10851],[-8,-5]],[[9087,10846],[5,38],[13,-20]],[[9105,10864],[-4,-6]],[[1631,10866],[-9,-5],[-10,1]],[[1612,10862],[-12,14]],[[1600,10876],[43,0]],[[1643,10876],[-12,-10]],[[1543,10904],[5,15],[17,-29]],[[1565,10890],[-18,8],[-4,6]],[[1456,9149],[4,-5],[-2,-5]],[[1458,9139],[-17,17],[15,-7]],[[1449,9495],[2,-14],[-5,1]],[[1446,9482],[-1,7],[4,6]],[[1463,9580],[11,-30],[-15,24]],[[1459,9574],[0,4],[4,2]],[[1443,9741],[12,4],[-5,-17]],[[1450,9728],[-2,-10],[-5,23]],[[1387,9593],[-3,12],[11,6]],[[1395,9611],[-2,-17],[-6,-1]],[[1093,10071],[24,0],[-9,-10]],[[1108,10061],[-16,-3],[1,13]],[[1025,10053],[7,12],[3,-12]],[[1035,10053],[4,-11],[-14,11]],[[993,10172],[51,19],[-40,-34]],[[1004,10157],[-16,3],[5,12]],[[912,10150],[-9,1],[3,18]],[[906,10169],[28,-6],[-22,-13]],[[928,9957],[-5,11],[8,0]],[[931,9968],[20,-39],[-23,28]],[[951,9874],[-27,-29],[30,39]],[[954,9884],[2,-6],[-5,-4]],[[1297,10481],[5,-17],[-13,-5]],[[1289,10459],[-3,26],[11,-4]],[[1676,10737],[19,-22],[-29,4]],[[1666,10719],[-16,14],[26,4]],[[2609,10915],[-9,11],[11,-7]],[[2611,10919],[2,-3],[-4,-1]],[[2671,10381],[-16,21],[32,12]],[[2687,10414],[-17,-22],[1,-11]],[[2693,10367],[-8,-23],[-5,28]],[[2680,10372],[5,7],[8,-12]],[[1694,9403],[12,-3],[-8,-11]],[[1698,9389],[-20,-4],[16,18]],[[1574,9298],[-4,-4],[-4,2]],[[1566,9296],[-5,6],[13,-4]],[[1640,9345],[-1,-1],[-1,0]],[[1638,9344],[-35,-7],[37,8]],[[1173,10012],[-12,148],[35,-99],[4,-110]],[[1200,9951],[-7,44],[-20,17]],[[7287,11125],[-9,-25],[5,21]],[[7283,11121],[0,7],[4,-3]],[[932,10727],[3,1],[1,0]],[[936,10728],[-11,-20],[7,19]],[[844,10803],[7,-4],[-5,-7]],[[846,10792],[-5,8],[3,3]],[[798,10671],[4,-1],[10,-1]],[[812,10669],[-28,-48],[14,50]],[[707,10704],[54,65],[-37,-68]],[[724,10701],[-16,-2],[-1,5]],[[993,10961],[-1,1],[0,1]],[[992,10963],[22,15],[-21,-17]],[[6065,11479],[17,-13],[1,-17]],[[6083,11449],[-25,-7],[7,37]],[[4413,11656],[5,3],[2,9]],[[4420,11668],[13,39]],[[4433,11707],[64,41],[-115,-141],[-72,95],[88,-45]],[[4398,11657],[15,-1]],[[3706,11636],[13,-3],[-3,36],[-10,-33]],[[6301,11690],[-10,14],[11,34]],[[6302,11738],[-3,103]],[[6299,11841],[-54,41],[79,95]],[[6324,11977],[-2,24]],[[6322,12001],[3,-1]],[[6325,12000],[0,0],[1,0]],[[6326,12000],[19,2]],[[6345,12002],[1,-1],[2,1]],[[6348,12002],[19,-8]],[[6367,11994],[114,74]],[[6481,12068],[1,-4]],[[6482,12064],[2,-7],[-8,-7]],[[6476,12050],[-23,-20]],[[6453,12030],[-3,-2],[-3,-6]],[[6447,12022],[108,-60],[-139,-32],[187,-23]],[[6603,11907],[59,-36]],[[6662,11871],[15,-4]],[[6677,11867],[-3,-5],[-10,-4]],[[6664,11858],[-16,-4]],[[6648,11854],[-5,-1],[-4,-3]],[[6639,11850],[0,-8]],[[6639,11842],[-58,32]],[[6581,11874],[-38,16],[13,-36]],[[6556,11854],[4,3],[0,4]],[[6560,11861],[1,1]],[[6561,11862],[36,-96],[-85,37]],[[6512,11803],[-42,63],[-66,-84]],[[6404,11782],[-28,-148]],[[6376,11634],[-2,22]],[[6374,11656],[0,0],[-1,0]],[[6373,11656],[-35,-4]],[[6338,11652],[-37,38]],[[7294,11746],[5,5],[11,5]],[[7310,11756],[8,2]],[[7318,11758],[7,1],[2,0]],[[7327,11759],[35,-70]],[[7362,11689],[-72,29]],[[7290,11718],[4,28]],[[7047,11839],[-3,0]],[[7044,11839],[-20,11]],[[7024,11850],[28,-5]],[[7052,11845],[-5,-6]],[[6671,11759],[3,0],[2,-1]],[[6676,11758],[-5,-8],[0,9]],[[6610,11687],[-13,11],[11,-7]],[[6608,11691],[1,-1],[1,-3]],[[6602,11673],[4,3],[10,-4]],[[6616,11672],[8,-19],[-22,20]],[[6544,11642],[31,10],[-3,-33]],[[6572,11619],[-23,7],[-5,16]],[[6514,11670],[3,-1],[0,-7]],[[6517,11662],[-20,-4],[17,12]],[[6515,11607],[-4,0],[2,4]],[[6513,11611],[22,5],[-20,-9]],[[6473,11591],[7,28],[8,-25]],[[6488,11594],[-3,-13],[-12,10]],[[2528,11807],[5,2],[2,-3]],[[2535,11806],[-2,-15],[-5,16]],[[6688,11967],[2,3],[-1,9]],[[6689,11979],[1,3]],[[6690,11982],[7,-11],[-19,-15]],[[6678,11956],[10,11]],[[8556,11894],[11,7],[2,-15]],[[8569,11886],[-13,-5],[0,13]],[[6368,12051],[-4,3],[2,3]],[[6366,12057],[17,-2],[-15,-4]],[[8033,12233],[-7,-4],[3,-5]],[[8029,12224],[-12,-19]],[[8017,12205],[13,40],[21,47],[12,-73]],[[8063,12219],[-21,13]],[[8042,12232],[-2,11],[-4,-8]],[[8036,12235],[-3,-2]],[[6972,12285],[0,0],[0,-1]],[[6972,12284],[10,-19]],[[6982,12265],[-22,2],[10,22]],[[6970,12289],[2,-4]],[[6963,12399],[15,-88],[-34,96]],[[6944,12407],[-2,4],[-2,-5]],[[6940,12406],[-25,-5]],[[6915,12401],[28,17],[20,-19]],[[6943,12241],[8,12],[19,-7]],[[6970,12246],[-4,-28],[-23,23]],[[6278,12896],[9,12],[-8,4]],[[6279,12912],[-4,5]],[[6275,12917],[78,48]],[[6353,12965],[-1,-21],[-3,-15]],[[6349,12929],[-57,-115],[-21,64]],[[6271,12878],[7,18]],[[2143,13120],[2,-9],[12,7]],[[2157,13118],[14,4]],[[2171,13122],[-16,-32]],[[2155,13090],[-1,-2],[-4,-5]],[[2150,13083],[-9,42]],[[2141,13125],[2,-5]],[[11597,10298],[-8,4],[7,8]],[[11596,10310],[8,-4],[-7,-8]],[[10960,8379],[9,-2]],[[10969,8377],[-12,-13]],[[10957,8364],[-4,-1]],[[10953,8363],[-2,13]],[[10951,8376],[4,0],[5,3]],[[10860,8083],[8,2],[4,-3]],[[10872,8082],[-4,-7],[-8,8]],[[10363,8433],[5,4],[0,-7]],[[10368,8430],[-4,-2],[-1,5]],[[9457,7679],[-6,13],[5,1]],[[9456,7693],[28,1],[-27,-15]],[[9791,8021],[1,-3],[-5,-8]],[[9787,8010],[-10,7],[14,4]],[[9809,8059],[1,-1],[0,-3]],[[9810,8055],[-20,-20],[19,24]],[[9793,7777],[-17,54],[23,-54]],[[9799,7777],[16,-16],[-22,16]],[[9743,7844],[9,-38],[-19,14]],[[9733,7820],[-23,8],[33,16]],[[9607,7398],[-24,-15],[26,16]],[[9609,7399],[-1,-2],[-1,1]],[[9236,6819],[-11,-1],[9,5]],[[9234,6823],[13,3],[-11,-7]],[[9240,6808],[-8,-5],[7,7]],[[9239,6810],[1,-1],[0,-1]],[[6770,6317],[1,0],[3,-2]],[[6774,6315],[-3,-55],[-1,57]],[[6204,6116],[-13,15],[16,-4]],[[6207,6127],[8,-11],[-11,0]],[[6143,6108],[-11,10],[17,-2]],[[6149,6116],[2,-5],[-8,-3]],[[5683,6020],[-15,-6],[0,6]],[[5668,6020],[13,6],[2,-6]],[[5694,5826],[-16,13],[23,-5]],[[5701,5834],[11,-19],[-18,11]],[[5717,5599],[-7,10],[12,-6]],[[5722,5603],[0,-4],[-5,0]],[[5551,6149],[1,18],[8,-16]],[[5560,6151],[-1,-7],[-8,5]],[[3801,8618],[-4,-4],[-5,-1]],[[3792,8613],[12,18],[-3,-13]],[[3621,9254],[31,35],[-19,-33]],[[3633,9256],[-9,-29],[-3,27]],[[3391,9388],[-11,-1],[0,4]],[[3380,9391],[8,7],[3,-10]],[[3293,9704],[-12,5],[11,4]],[[3292,9713],[6,-5],[-5,-4]],[[3265,11094],[-2,-13],[-15,2]],[[3248,11083],[1,12],[16,-1]],[[2707,12049],[-1,13],[8,-10]],[[2714,12052],[1,-8],[-8,5]],[[3539,12538],[-1,-6],[-8,5]],[[3530,12537],[6,7],[3,-6]],[[3556,12554],[-1,-2],[-7,-2]],[[3548,12550],[-1,4],[9,0]],[[8241,12183],[-18,10],[22,2]],[[8245,12195],[10,-5],[-14,-7]],[[8494,12040],[2,42],[5,-44]],[[8501,12038],[-3,-3],[-4,5]],[[8406,11848],[-1,28],[2,-21]],[[8407,11855],[3,-4],[-4,-3]],[[8428,11828],[0,-19],[-5,2]],[[8423,11811],[-1,16],[6,1]],[[8473,11823],[0,0],[-2,0]],[[8471,11823],[5,19],[-3,-19]],[[11872,10556],[-3,-1],[-2,1]],[[11867,10556],[19,8],[-14,-8]],[[11942,10529],[-2,-10],[-3,10]],[[11937,10529],[3,2],[2,-2]],[[10895,10839],[-2,16],[3,-14]],[[10896,10841],[-1,-2],[0,0]],[[10900,10825],[-5,-18],[0,25]],[[10895,10832],[4,-1],[1,-6]],[[11002,10788],[17,1],[-17,-7]],[[11002,10782],[-1,4],[1,2]],[[11370,10640],[1,-6],[-7,4]],[[11364,10638],[0,4],[6,-2]],[[11368,10687],[-2,5],[3,2]],[[11369,10694],[11,-7],[-12,0]],[[9322,10531],[3,-25]],[[9325,10506],[-40,-25]],[[9285,10481],[35,74]],[[9320,10555],[4,-10],[-2,-14]],[[9224,10249],[-32,-1],[27,23]],[[9219,10271],[74,54],[-69,-76]],[[9261,10221],[-15,-17],[4,18]],[[9250,10222],[9,5],[2,-6]],[[9925,10128],[46,-9],[-49,-1]],[[9922,10118],[-6,6],[9,4]],[[9448,10020],[8,130],[52,-115]],[[9508,10035],[-30,-20],[-30,5]],[[9345,9679],[10,2],[-15,-17]],[[9340,9664],[-5,10],[10,5]],[[9366,9756],[38,-60],[-31,16]],[[9373,9712],[-27,13],[20,31]],[[9963,9778],[5,13],[2,-12]],[[9970,9779],[-1,-1],[-6,0]],[[10020,9694],[-4,-7],[-6,0]],[[10010,9687],[10,23],[0,-16]],[[10033,9831],[2,10],[3,-7]],[[10038,9834],[0,-1],[-5,-2]],[[10291,9700],[12,3],[-12,-26]],[[10291,9677],[-10,-6],[10,29]],[[8868,9250],[1,-10],[-8,6]],[[8861,9246],[2,4],[5,0]],[[7387,9011],[91,-127],[204,-15],[39,-122],[-43,120],[-202,13],[-133,157],[18,247],[26,-273]],[[7772,8547],[-99,-157],[101,-132],[7,-314],[-101,141],[79,19],[-91,283],[100,164],[-19,198],[23,-202]],[[6687,7454],[-10,-1],[6,5]],[[6683,7458],[3,0],[1,-4]],[[8720,7681],[3,5],[6,-4]],[[8729,7682],[1,-7],[-10,6]],[[8324,7372],[-1,0],[-2,-1]],[[8321,7371],[-11,7],[14,-6]],[[8379,7439],[12,-7],[-11,-5]],[[8380,7427],[-4,7],[3,5]],[[9421,7989],[4,6],[1,-7]],[[9426,7988],[-5,0],[0,1]],[[5941,8540],[-5,1],[1,2]],[[5937,8543],[5,1],[-1,-4]],[[4491,8995],[-10,-2],[14,7]],[[4495,9000],[-1,-4],[-3,-1]],[[7159,9025],[1,4],[5,3]],[[7165,9032],[10,-28],[-16,21]],[[5714,9137],[0,-1],[-1,0]],[[5713,9136],[-5,8],[6,-7]],[[8224,10096],[-17,10],[18,-1]],[[8225,10105],[5,-3],[-6,-6]],[[8476,9967],[-9,-3],[5,8]],[[8472,9972],[6,0],[-2,-5]],[[7345,10824],[13,2],[-16,-21]],[[7342,10805],[-33,6],[36,13]],[[7403,10889],[37,13],[-31,-25],[-7,12]],[[7402,10889],[0,0],[1,0]],[[7536,11541],[9,-1],[-9,-8]],[[7536,11532],[-2,4],[2,5]],[[6923,11041],[32,1],[-16,-14]],[[6939,11028],[-25,-13],[9,26]],[[7020,11176],[13,2],[-9,-20]],[[7024,11158],[-18,2],[14,16]],[[7010,11213],[17,72],[-2,-71]],[[7025,11214],[-6,-5],[-9,4]],[[6865,11141],[32,143],[-20,-135]],[[6877,11149],[-5,-11],[-7,3]],[[6735,11314],[-44,-107]],[[6691,11207],[-3,15]],[[6688,11222],[20,179],[14,-80]],[[6722,11321],[6,-1],[7,-6]],[[6747,11564],[-18,-57],[-29,37]],[[6700,11544],[6,32],[41,-12]],[[6816,11631],[-11,-7],[18,15]],[[6823,11639],[5,-4],[-12,-4]],[[6878,11538],[-7,-7],[0,6]],[[6871,11537],[3,3],[4,-2]],[[6891,11509],[-1,14],[6,3]],[[6896,11526],[8,-10],[-13,-7]],[[6842,11485],[7,9],[-4,-13]],[[6845,11481],[-4,-1],[1,5]],[[6787,11473],[-16,18],[29,23]],[[6800,11514],[7,-10],[-20,-31]],[[6885,11465],[1,-6],[-9,3]],[[6877,11462],[3,16],[5,-13]],[[6957,11537],[-1,-19],[-13,6]],[[6943,11524],[1,13],[13,0]],[[7078,11583],[-11,-5]],[[7067,11578],[8,33]],[[7075,11611],[11,-11]],[[7086,11600],[-3,-11],[-5,-6]],[[7041,11647],[5,0],[-5,-7]],[[7041,11640],[-16,-3],[16,10]],[[6989,11643],[-2,14],[11,-10]],[[6998,11647],[-3,-5],[-6,1]],[[7153,11722],[-4,-45],[-83,-5],[84,47]],[[7150,11719],[2,2],[1,1]],[[7246,11725],[-21,-47],[11,52]],[[7236,11730],[7,0],[3,-5]],[[7384,11766],[8,1],[-2,-6]],[[7390,11761],[-5,-1],[-1,6]],[[7324,11819],[41,8],[-14,-33]],[[7351,11794],[-30,11],[3,14]],[[7000,11873],[9,-1],[-2,-6]],[[7007,11866],[-10,-1],[3,8]],[[6946,11949],[4,-1],[-1,-7]],[[6949,11941],[-27,3],[24,5]],[[7053,11975],[12,-10],[-17,3]],[[7048,11968],[0,4],[5,3]],[[7083,12113],[0,-8],[-10,1]],[[7073,12106],[-36,27],[46,-20]],[[7173,12088],[-7,-75],[-15,85]],[[7151,12098],[17,-2],[5,-8]],[[6882,12391],[6,4],[0,0]],[[6888,12395],[-4,-21],[-2,17]],[[6871,12377],[-2,7],[6,-2]],[[6875,12382],[1,-8],[-5,3]],[[6828,12297],[-54,-24],[52,36]],[[6826,12309],[5,-10],[-3,-2]],[[6860,12216],[-18,1],[5,13]],[[6847,12230],[13,6],[0,-20]],[[6657,12051],[-7,23],[18,-20]],[[6668,12054],[7,-14],[-18,11]],[[6630,12020],[-7,6],[2,3]],[[6625,12029],[12,-1],[-7,-8]],[[6466,12123],[-5,-9],[0,-19]],[[6461,12095],[-9,45],[36,20],[-22,-37]],[[6598,12164],[-10,-29],[-4,27]],[[6584,12162],[22,30],[-8,-28]],[[6661,12252],[-4,-7],[-4,10]],[[6653,12255],[5,7],[3,-10]],[[6671,12324],[0,7],[7,-5]],[[6678,12326],[-1,-16],[-6,14]],[[6547,12421],[-27,62],[34,-61]],[[6554,12422],[-1,-3],[-6,2]],[[5936,11949],[-5,-10],[-2,10]],[[5929,11949],[2,3],[5,-3]],[[5860,11460],[-46,-64],[37,58]],[[5851,11454],[82,93],[-73,-87]],[[5953,11078],[31,-16],[-47,-10]],[[5937,11052],[-15,16],[31,10]],[[6022,11155],[0,-9],[-3,0]],[[6019,11146],[-26,5],[29,4]],[[6270,11337],[4,-3],[-5,-3]],[[6269,11331],[-2,3],[3,3]],[[6498,11466],[-12,4],[1,11]],[[6487,11481],[21,2],[-10,-17]],[[6271,11202],[-6,3],[6,4]],[[6271,11209],[8,-2],[-8,-5]],[[6213,10743],[69,-22],[-82,0]],[[6200,10721],[-13,27],[26,-5]],[[6379,10941],[-9,-30],[-14,9]],[[6356,10920],[49,77],[-26,-56]],[[6884,10935],[-9,-27],[-10,23]],[[6865,10931],[8,8],[11,-4]],[[6983,10868],[-20,-1],[9,28]],[[6972,10895],[7,-9],[4,-18]],[[7237,10763],[14,-15],[-18,-6]],[[7233,10742],[-1,7],[5,14]],[[7110,10914],[-3,10],[8,2]],[[7115,10926],[-2,-10],[-3,-2]],[[6881,10632],[-26,14],[10,34]],[[6865,10680],[29,-20],[-13,-28]],[[7089,10286],[-9,8],[9,8]],[[7089,10302],[7,-17],[-7,1]],[[7098,10147],[-1,0],[-1,0]],[[7096,10147],[-3,16],[5,-16]],[[6001,10362],[-22,-12],[27,19]],[[6006,10369],[11,-2],[-16,-5]],[[5676,10276],[-5,-4],[-7,2]],[[5664,10274],[30,19],[-18,-17]],[[4328,10345],[-35,-63],[30,65]],[[4323,10347],[2,0],[3,-2]],[[5822,10539],[-48,-82],[-4,50],[114,101],[-55,-63]],[[5829,10545],[-4,-5],[-3,-1]],[[5893,10696],[12,-28],[-19,3]],[[5886,10671],[-3,11],[10,14]],[[6020,10825],[-44,-92],[-3,47]],[[5973,10780],[-24,22],[71,23]],[[5650,11199],[49,99],[-43,-100]],[[5656,11198],[-11,-8],[-4,0]],[[5641,11190],[-170,-27],[173,31]],[[5644,11194],[2,0],[4,5]],[[3426,11927],[-44,-98],[-113,79]],[[3269,11908],[66,0]],[[3335,11908],[68,56]],[[3403,11964],[8,-24],[15,-13]],[[3175,12003],[-9,8],[3,5]],[[3169,12016],[93,-89],[-87,76]],[[4383,12307],[-185,-47]],[[4198,12260],[-13,20],[8,18]],[[4193,12298],[49,108],[73,-48],[-76,-82],[145,40]],[[4384,12316],[2,-1],[-3,-8]],[[4029,12567],[-172,-183],[112,221],[72,-12]],[[4041,12593],[-9,-46],[-3,20]],[[6042,12577],[3,0],[3,-4]],[[6048,12573],[2,-9],[-8,13]],[[6043,12431],[-24,20],[26,-19]],[[6045,12432],[0,-2],[-2,1]],[[6166,12350],[2,25],[18,-12]],[[6186,12363],[-2,-8],[-18,-5]],[[6152,12436],[-5,-5],[-5,2]],[[6142,12433],[22,77],[-12,-74]],[[6372,12545],[-7,-7],[-5,8]],[[6360,12546],[7,6],[5,-7]],[[5263,12252],[5,3]],[[5268,12255],[6,-11]],[[5274,12244],[-12,8]],[[5262,12252],[1,0]],[[5400,12162],[-6,-33],[-3,34]],[[5391,12163],[6,22],[3,-23]],[[5512,11992],[7,2],[-1,-11]],[[5518,11983],[-6,-1],[0,10]],[[4833,12218],[-9,-13],[5,23]],[[4829,12228],[12,4],[-8,-14]],[[4830,12115],[-1,-10],[-9,3]],[[4820,12108],[-1,15],[11,-8]],[[4337,11891],[-1,-4],[-5,1]],[[4331,11888],[1,5],[5,-2]],[[4374,11916],[-13,-65],[-8,50]],[[4353,11901],[-2,25],[23,-10]],[[4061,12015],[9,7],[4,-7]],[[4074,12015],[-12,-10],[-1,10]],[[4057,11992],[-1,1],[2,3]],[[4058,11996],[8,-4],[-9,0]],[[4111,11940],[65,25],[-24,-103],[-44,46]],[[4108,11908],[-13,25],[16,7]],[[4193,12093],[-26,-1],[25,10]],[[4192,12102],[1,-3],[0,-6]],[[4756,12231],[-11,-26]],[[4745,12205],[-21,0],[-35,-41]],[[4689,12164],[-10,10]],[[4679,12174],[1,2],[5,13]],[[4685,12189],[3,6]],[[4688,12195],[2,4],[6,17]],[[4696,12216],[14,24]],[[4710,12240],[46,-9]],[[4822,12380],[-1,-29],[-6,31]],[[4815,12382],[4,2],[3,-4]],[[6099,11005],[3,1],[3,-1]],[[6105,11005],[-11,-13],[5,13]],[[6915,10760],[9,-80],[-19,77]],[[6905,10757],[7,4],[3,-1]],[[8015,12187],[-14,4],[14,5]],[[8015,12196],[15,-4],[-15,-5]],[[8133,12164],[10,6],[-10,-8]],[[8133,12162],[0,2],[0,0]],[[7898,12009],[-13,18],[24,-13]],[[7909,12014],[-45,-18],[34,13]],[[7834,11995],[0,0],[1,0]],[[7835,11995],[52,-21],[-53,21]],[[7933,11988],[-3,-1],[-7,2]],[[7923,11989],[41,23],[-31,-24]],[[8029,12088],[9,37],[18,-21]],[[8056,12104],[-10,-14],[-17,-2]],[[7096,11916],[-17,28],[36,4]],[[7115,11948],[16,-28],[-35,-4]],[[7117,11882],[-1,-2],[-3,2]],[[7113,11882],[9,21],[-5,-21]],[[7230,11879],[-8,-13],[-9,12]],[[7213,11878],[3,8],[14,-7]],[[7653,11847],[55,-44],[-26,-161],[-100,12],[71,193]],[[8042,11630],[16,12]],[[8058,11642],[24,-48]],[[8082,11594],[-195,-46],[156,75]],[[8043,11623],[0,2],[-1,5]],[[8081,11654],[31,80],[-5,-79]],[[8107,11655],[-13,-6],[-13,5]],[[9641,11525],[-4,-5],[-5,4]],[[9632,11524],[8,9],[1,-8]],[[10102,11407],[-3,5],[4,3]],[[10103,11415],[4,-2],[-5,-6]],[[10404,11316],[6,13],[4,-9]],[[10414,11320],[-8,-7],[-2,3]],[[10216,10929],[4,6],[3,-5]],[[10223,10930],[-4,-3],[-3,2]],[[10157,10955],[1,-1],[1,-3]],[[10159,10951],[-5,-10],[3,14]],[[10330,10864],[-8,2],[6,6]],[[10328,10872],[6,-5],[-4,-3]],[[10325,10845],[-2,7],[7,3]],[[10330,10855],[10,-8],[-15,-2]],[[10676,10797],[3,-16],[-9,14]],[[10670,10795],[4,4],[2,-2]],[[10049,10684],[-11,4],[6,5]],[[10044,10693],[8,-3],[-3,-6]],[[10186,10433],[-7,-4],[0,7]],[[10179,10436],[5,2],[2,-5]],[[9118,10895],[19,28],[63,32],[-30,-19]],[[9170,10936],[-34,-41],[-18,0]],[[9041,10742],[-23,18],[22,-3]],[[9040,10757],[11,-10],[-10,-5]],[[8978,10730],[8,9],[0,-11]],[[8986,10728],[-5,-5],[-3,7]],[[8883,10673],[-13,-10],[-1,20]],[[8869,10683],[12,-3],[2,-7]],[[8807,10641],[-47,22],[56,-16]],[[8816,10647],[-2,-3],[-7,-3]],[[8845,10503],[-16,-23],[8,40]],[[8837,10520],[6,-2],[2,-15]],[[8868,10201],[-29,-5],[32,8]],[[8871,10204],[1,-2],[-4,-1]],[[8758,10031],[31,-39]],[[8789,9992],[36,-65]],[[8825,9927],[-133,44]],[[8692,9971],[-2,13],[7,8]],[[8697,9992],[52,19]],[[8749,10011],[2,8],[7,12]],[[8989,10265],[0,-1],[-4,2]],[[8985,10266],[0,8],[4,-9]],[[9309,10656],[-3,-13],[-9,13]],[[9297,10656],[59,88],[-47,-88]],[[9758,10109],[-8,56],[43,-43]],[[9793,10122],[-21,-29],[-14,16]],[[8496,10396],[7,3]],[[8503,10399],[7,-11],[-28,-9]],[[8482,10379],[-52,-3],[-1,24]],[[8429,10400],[11,-6]],[[8440,10394],[48,-3]],[[8488,10391],[3,1],[5,4]],[[8390,10487],[-30,14],[30,6]],[[8390,10507],[6,-9],[-6,-11]],[[8421,10401],[-2,-2],[-2,0]],[[8417,10399],[-1,7],[5,-5]],[[8148,10428],[4,-4],[-5,-4]],[[8147,10420],[-11,21],[12,-13]],[[8101,10736],[-31,-23],[28,28]],[[8098,10741],[-3,32],[6,-37]],[[8127,10409],[3,-25],[-5,25]],[[8125,10409],[1,0],[1,0]],[[8268,10736],[-5,-10],[-6,11]],[[8257,10737],[3,8],[8,-9]],[[8247,10689],[-9,-7],[1,16]],[[8239,10698],[6,-3],[2,-6]],[[8300,10682],[0,-1],[-6,3]],[[8294,10684],[-9,5],[15,-7]],[[8397,10765],[-8,-12],[0,10]],[[8389,10763],[5,4],[3,-2]],[[8715,10817],[-2,3],[0,2]],[[8713,10822],[13,0],[-11,-5]],[[8917,10849],[23,21],[-17,-33]],[[8923,10837],[-7,2],[1,10]],[[8751,11115],[41,-18],[-44,10]],[[8748,11107],[-6,0],[9,8]],[[8664,11045],[-47,-13],[50,56]],[[8667,11088],[4,-13],[-7,-30]],[[8629,10975],[9,6]],[[8638,10981],[-3,-8],[-3,-1],[-3,3]],[[8589,10970],[1,6],[6,-2]],[[8596,10974],[-1,-4],[-6,0]],[[8593,10936],[-7,-9],[0,25]],[[8586,10952],[7,-1],[0,-15]],[[8751,10843],[-60,9],[0,22]],[[8691,10874],[68,70],[-8,-101]],[[8192,11130],[12,-21],[-35,-23]],[[8169,11086],[-31,18],[54,26]],[[8102,10968],[1,-6],[-8,-2]],[[8095,10960],[-3,7],[10,1]],[[8235,10880],[-1,-2],[-5,0]],[[8229,10878],[0,15],[6,-13]],[[7808,10989],[-196,-9],[5,89],[191,-80]],[[7661,11164],[-205,-32],[150,88],[55,-56]],[[8234,11240],[103,-78],[-55,-123],[-48,201]],[[8890,11147],[13,59]],[[8903,11206],[16,-75]],[[8919,11131],[-19,-4]],[[8900,11127],[1,19],[-11,1]],[[9049,11269],[3,-6]],[[9052,11263],[-75,-2]],[[8977,11261],[-4,9]],[[8973,11270],[21,12],[44,2]],[[9038,11284],[2,-2]],[[9040,11282],[-7,-14],[16,1]],[[8616,11491],[-3,9],[7,-5]],[[8620,11495],[1,-2],[-5,-2]],[[8657,11459],[-4,3],[2,5]],[[8655,11467],[7,-3],[-5,-5]],[[8656,11548],[3,1],[2,0]],[[8661,11549],[11,-15],[-16,14]],[[9200,10990],[-2,-2],[-2,0]],[[9196,10988],[-6,11],[10,-9]],[[9075,11081],[-110,-74],[68,-52],[-97,-192],[66,199],[-73,-72],[32,139],[-122,-6],[58,62],[178,-4]],[[8543,10491],[14,-66],[-16,67]],[[8541,10492],[2,-1]],[[8598,10475],[-27,-16],[14,18]],[[8585,10477],[8,2],[5,-4]],[[9966,11366],[10,-6]],[[9976,11360],[-34,-30]],[[9942,11330],[-10,24]],[[9932,11354],[6,4],[28,8]],[[9958,11292],[-9,7],[3,5]],[[9952,11304],[20,8],[-14,-20]],[[7315,11554],[-126,70],[96,46],[30,-116]],[[7287,11349],[-86,140],[83,14],[22,-116]],[[7306,11387],[7,-30],[-26,-8]],[[8655,9631],[1,-5],[-19,1]],[[8637,9627],[15,10],[3,-6]],[[8597,9770],[22,-3],[-9,-14]],[[8610,9753],[-14,-2],[1,19]],[[8709,9779],[-60,3],[38,37]],[[8687,9819],[8,-33],[14,-7]],[[9199,9454],[-4,-2],[-6,4]],[[9189,9456],[7,5],[3,-7]],[[9397,9311],[5,-9],[-8,5]],[[9394,9307],[0,4],[3,0]],[[10372,9184],[-45,-22],[49,35]],[[10376,9197],[5,-5],[-9,-8]],[[10333,9107],[-6,0],[5,9]],[[10332,9116],[9,-4],[-8,-5]],[[10399,9181],[9,-3],[-6,-8]],[[10402,9170],[-10,-4],[7,15]],[[9508,10242],[-1,-23],[-20,-5]],[[9487,10214],[3,23],[18,5]],[[2878,13359],[-2,-6],[-1,8]],[[2875,13361],[2,0],[1,-2]],[[1886,12895],[-9,-8],[3,15]],[[1880,12902],[11,8],[-5,-15]],[[1948,13153],[34,36],[-22,-41]],[[1960,13148],[-16,-5],[4,10]],[[2155,12728],[2,-2],[0,-2]],[[2157,12724],[-13,-14],[11,18]],[[3365,13426],[-1,-12],[-8,-6]],[[3356,13408],[-13,0],[22,18]],[[3935,8832],[11,-4],[-25,3]],[[3921,8831],[4,8],[10,-7]],[[10428,8635],[-4,-9],[-3,10]],[[10421,8636],[6,6],[1,-7]],[[10612,8645],[11,37],[0,-33]],[[10623,8649],[-8,-5],[-3,1]],[[8070,331],[0,-1],[-1,0]],[[8069,330],[-3,5],[4,-4]],[[11695,939],[0,0],[0,1]],[[11695,940],[11,-4],[-11,3]],[[6326,2300],[-4,4],[-6,2]],[[6316,2306],[-3,6]],[[6313,2312],[16,-13]],[[6329,2299],[-3,1]],[[2670,5587],[-18,13],[11,7]],[[2663,5607],[11,3],[-4,-23]],[[2635,5593],[-12,26],[13,-28]],[[2636,5591],[-1,1],[0,1]],[[7422,297],[6,-9],[-18,-3]],[[7410,285],[-5,17],[17,-5]],[[11215,1916],[-7,7],[13,2]],[[11221,1925],[2,-7],[-8,-2]],[[10342,1812],[17,-25]],[[10359,1787],[3,-16]],[[10362,1771],[-19,9]],[[10343,1780],[-14,28],[13,4]],[[10135,1630],[4,8]],[[10139,1638],[35,-22],[13,-36]],[[10187,1580],[-23,40]],[[10164,1620],[-11,9],[-23,-12]],[[10130,1617],[2,5]],[[10132,1622],[6,2],[-3,6]],[[9540,2109],[6,-7],[-6,-3]],[[9540,2099],[-5,5],[5,5]],[[9674,2499],[-12,1],[0,7]],[[9662,2507],[10,-1],[2,-7]],[[8011,3395],[-9,-11],[3,13]],[[8005,3397],[5,0],[1,-2]],[[10023,3728],[-22,7],[5,20]],[[10006,3755],[42,8],[-25,-35]],[[6385,3415],[-15,3],[16,2]],[[6386,3420],[13,-14],[-14,9]],[[9218,5166],[48,-3],[-38,-3]],[[9228,5160],[-7,-1],[-3,7]],[[10584,5702],[-1,4],[2,1]],[[10585,5707],[3,-5],[-4,0]],[[11545,6601],[9,10]],[[11554,6611],[46,133],[-46,-152],[-39,-41]],[[11515,6551],[22,40]],[[11537,6591],[7,7],[1,3]],[[11836,1806],[3,1]],[[11839,1807],[21,-49],[-9,-49]],[[11851,1709],[-2,5]],[[11849,1714],[6,17],[-7,35]],[[11848,1766],[-5,7]],[[11843,1773],[-13,10],[-3,-7]],[[11827,1776],[-13,-1]],[[11814,1775],[22,31]],[[11789,1766],[21,-5],[-22,5]],[[11788,1766],[0,0],[1,0]],[[11808,1771],[1,-3],[-7,1]],[[11802,1769],[-6,3],[12,-1]],[[11135,1282],[0,5],[2,-8]],[[11137,1279],[-2,-1],[0,4]],[[11495,4479],[14,3],[-2,-4]],[[11507,4478],[-52,-55],[40,56]],[[10647,2591],[-5,7],[8,5]],[[10650,2603],[19,-11],[-22,-1]],[[10618,2579],[4,-3]],[[10622,2576],[-13,-2],[9,5]],[[10556,7217],[-5,-33],[-1,25]],[[10550,7209],[-6,22],[12,-14]],[[9300,7805],[1,5],[5,-3]],[[9306,7807],[0,-3],[-6,1]],[[10993,8263],[0,-5],[-4,0]],[[10989,8258],[-2,5],[6,0]],[[9507,8421],[8,-13],[-3,-3]],[[9512,8405],[-12,6],[7,10]],[[3569,9110],[0,-1],[1,-1]],[[3570,9108],[7,-2]],[[3577,9106],[-37,9]],[[3540,9115],[-67,-51],[54,74],[42,-28]],[[3315,9684],[-8,17],[19,-6]],[[3326,9695],[-3,-14],[-8,3]],[[597,10240],[8,-14],[-10,1]],[[595,10227],[-16,5],[18,8]],[[12087,7039],[6,-84]],[[12093,6955],[-32,13]],[[12061,6968],[-25,31]],[[12944,7895],[112,-119]],[[13060,7766],[15,-31]],[[13087,7730],[19,-17]],[[13131,7700],[52,-352]],[[13183,7348],[-281,-517]],[[12902,6831],[-39,1],[13,-59]],[[12876,6773],[-60,-253]],[[12816,6520],[-34,68],[-69,-74],[99,-15]],[[12812,6499],[-38,-260]],[[12774,6239],[-118,-161],[73,59]],[[12729,6137],[69,-452],[-204,-274]],[[12594,5411],[6,90],[-93,-39]],[[12507,5462],[-95,142],[99,17],[17,215]],[[12528,5836],[6,75],[-80,-64]],[[12454,5847],[-141,22],[90,-164],[-140,-64],[64,131],[-128,118],[9,117],[111,9],[3,-111],[71,59]],[[12393,5964],[-15,117],[1,-45]],[[12379,6036],[-203,10],[88,143],[-86,78]],[[12178,6267],[55,40],[-60,1]],[[12173,6308],[-127,-166],[-62,176],[-265,21],[51,43],[-116,102]],[[11700,6518],[114,-26],[-2,39]],[[11853,6527],[92,-74],[53,110]],[[11998,6563],[75,65]],[[12073,6628],[-66,108]],[[12007,6736],[221,-61],[-69,324]],[[12159,6999],[-3,27]],[[12156,7026],[3,83]],[[12159,7109],[20,11]],[[12179,7120],[30,-71],[167,41]],[[12376,7090],[42,-11]],[[12418,7079],[-26,-47]],[[12392,7032],[-57,-130],[131,99]],[[12466,7001],[18,32]],[[12484,7033],[-61,100],[143,-11],[-93,121]],[[12473,7243],[82,-2],[-55,40]],[[12500,7281],[10,91],[-92,-67]],[[12418,7305],[-8,73],[-50,-50]],[[12302,7346],[63,72],[-85,-56]],[[12280,7362],[58,101]],[[12338,7463],[159,-31],[34,86],[-78,-55],[-4,64]],[[12449,7527],[111,22],[-76,66],[-35,-74]],[[12449,7541],[-20,61]],[[12429,7602],[174,194]],[[12620,7763],[-6,-106],[-88,-15],[126,-190],[17,-137],[-76,73],[-1,-95],[88,-63],[-104,-52],[13,-254],[89,23],[26,150],[25,-131],[135,13]],[[12864,6979],[184,151],[-42,66]],[[13006,7196],[-2,92],[-76,-152],[-90,78],[-60,-3],[70,58],[-87,192],[204,45],[-72,-143],[69,-64],[97,277],[-133,-52],[-91,54],[90,89],[5,-101],[89,24],[-27,208],[-224,-293],[-53,272]],[[12715,7777],[66,32]],[[12781,7809],[59,4]],[[12840,7813],[11,6]],[[12851,7819],[97,16],[-56,39]],[[12892,7874],[38,30]],[[12705,7706],[9,-44],[-57,20]],[[765,7846],[58,4],[-57,-11]],[[813,7103],[19,8],[89,-38]],[[933,7074],[119,60],[28,-128]],[[3954,8267],[111,137],[-120,-92]],[[3928,8316],[38,74],[-86,4]],[[3880,8394],[-47,47]],[[3901,8544],[52,-12],[-25,34]],[[3993,8691],[11,10]],[[4004,8701],[39,67]],[[4193,9696],[-92,-54],[235,37],[-19,101],[-113,-46]],[[4387,9897],[-5,-80],[26,87]],[[4202,9728],[-3,-19],[-4,-8]],[[4041,8773],[-86,-5]],[[3955,8768],[-78,-87],[111,-1]],[[3924,8574],[-118,-24],[82,-12]],[[3739,8517],[53,96]],[[3801,8618],[91,6],[-82,51]],[[3810,8675],[-23,234]],[[3787,8909],[-65,72]],[[3687,9023],[112,87],[9,195],[-86,-114]],[[3722,9191],[-92,-17]],[[3630,9174],[3,82]],[[3621,9254],[-91,-101],[-33,115]],[[3490,9289],[-11,7],[-6,-15]],[[3471,9279],[-14,-1]],[[3359,9369],[21,22]],[[3391,9388],[5,21],[-52,98]],[[3344,9507],[78,23],[-193,5]],[[3229,9535],[-63,-70]],[[3153,9489],[46,97],[245,2],[-56,189],[-66,-17]],[[3322,9760],[-90,50],[60,-95]],[[3292,9715],[0,-2]],[[3293,9704],[18,-24]],[[3311,9680],[-18,-31]],[[3293,9649],[-161,-67]],[[3132,9582],[-16,5]],[[3116,9587],[-135,38]],[[3028,9644],[35,81],[-66,24]],[[3033,10174],[12,99],[-30,-93]],[[2926,10403],[-64,98]],[[2821,10935],[75,47]],[[2904,10977],[-5,53]],[[3069,11034],[-10,-54],[55,7]],[[3212,10997],[36,86]],[[3265,11094],[10,5]],[[3382,10988],[6,-8]],[[3444,10910],[-28,114]],[[4046,11259],[-6,-52],[52,30],[-12,25]],[[3867,11399],[-100,79]],[[2876,11699],[156,17],[-171,107],[22,118],[-79,-12]],[[2804,11929],[4,58]],[[2719,12053],[-5,-1]],[[2707,12049],[-34,-43]],[[2578,12059],[67,-4],[-55,39]],[[2650,12118],[105,3]],[[3495,12556],[35,-19]],[[3539,12538],[9,12]],[[3556,12554],[5,2]],[[2936,13009],[69,43],[36,72],[-34,-49]],[[2869,12989],[-38,-12]],[[2659,12898],[-32,-44]],[[2576,12815],[-10,-25]],[[2563,12780],[0,-3]],[[2455,12588],[-67,13],[27,-59]],[[2421,12470],[-5,0],[-2,-2]],[[2382,12465],[-68,103]],[[2197,12440],[-126,-45],[-103,-134]],[[1968,12261],[-118,-66],[-8,-28]],[[1830,12135],[-29,-160],[-382,-121]],[[1419,11854],[-2,574]],[[1417,12428],[60,94],[-59,-41]],[[1418,12481],[0,68]],[[1418,12549],[72,49],[-72,5]],[[1418,12603],[1,110]],[[1419,12713],[137,212],[-139,-82]],[[1417,12843],[1,67]],[[1418,12910],[86,115],[-86,-31]],[[1418,12994],[2,252]],[[1420,13267],[45,497]],[[1629,13765],[1,11]],[[2095,13855],[61,-35],[27,28]],[[2069,13927],[154,-82],[356,46],[954,290]],[[3535,14173],[80,50]],[[3615,14223],[438,300],[-38,-111]],[[4006,14404],[84,-6]],[[4090,14398],[715,380],[276,-224],[-318,-474],[75,-196],[-237,-301]],[[4601,13583],[-37,-66],[60,27]],[[4624,13544],[414,162]],[[5038,13706],[87,-20],[-111,-74],[435,-11]],[[5449,13601],[897,-337],[226,-557],[802,-205]],[[7381,12500],[170,-45]],[[7573,12449],[135,-35]],[[7714,12412],[77,-20]],[[7806,12388],[129,-35]],[[7950,12349],[28,-7]],[[8004,12335],[13,-4]],[[8077,12315],[96,-26]],[[8213,12278],[4,0]],[[8240,12247],[5,-52]],[[8241,12183],[32,13],[-28,55]],[[8242,12271],[31,-9]],[[8284,12259],[22,-6]],[[8313,12252],[242,-67]],[[8560,12183],[8,-2]],[[8584,12176],[228,-66]],[[8837,12103],[24,-7]],[[8886,12089],[40,-11]],[[8888,11994],[-34,1]],[[8604,12144],[-103,-106]],[[8494,12040],[-7,15]],[[8424,11872],[-17,-17]],[[8406,11848],[17,-37]],[[8428,11828],[43,-5]],[[8473,11823],[30,-12]],[[8551,11714],[215,67],[-37,97],[83,58]],[[8893,11961],[26,33]],[[9060,12035],[137,-79]],[[9206,11951],[143,-82]],[[9365,11860],[446,-191]],[[9811,11669],[84,-30],[-116,-124],[69,-72],[85,209]],[[9933,11652],[104,-99],[328,110],[483,-207],[188,15]],[[11099,11424],[284,-98],[-9,-102]],[[11303,10982],[1,-1]],[[11363,10942],[13,-31]],[[11476,10870],[6,0]],[[11647,10912],[3,-6]],[[11657,10889],[1,-4]],[[11664,10859],[-6,-8]],[[11650,10844],[12,-15]],[[11820,10796],[1,0]],[[11940,10754],[4,-25]],[[11977,10684],[30,-25]],[[12029,10650],[6,-2]],[[12070,10636],[9,-27]],[[12131,10552],[-56,-63]],[[12064,10487],[-29,-9]],[[12034,10467],[-1,-19]],[[12035,10442],[1,-2]],[[11748,10626],[-51,102],[33,-95]],[[11668,10627],[-47,107],[-34,-56]],[[11587,10678],[-52,-23]],[[11535,10655],[-42,116],[22,-94],[-81,36],[67,-62]],[[11501,10651],[97,-40]],[[11598,10611],[65,-2]],[[11652,10565],[-202,61],[47,-97]],[[11531,10376],[-128,7],[193,-73]],[[11597,10298],[-38,-41]],[[11156,9789],[-7,73]],[[11107,10037],[-59,267],[-127,-207],[120,50],[27,-63],[-108,-48]],[[10930,9947],[-12,-140],[163,-97]],[[11018,9709],[-37,54],[-111,5]],[[10898,9507],[-65,3]],[[10706,9425],[-31,-73]],[[10653,9408],[-1,131],[-75,-17]],[[10538,9407],[11,-67],[45,41]],[[10635,9317],[-2,-85],[165,49]],[[10814,9236],[-121,-55]],[[10736,9128],[-108,-65],[68,-82]],[[10696,8981],[-43,-15]],[[10683,8888],[-62,-142],[87,-5]],[[10795,8701],[-51,-175],[102,26],[8,-151],[89,55],[26,-79]],[[10960,8379],[-9,0],[0,-3]],[[10953,8363],[-72,-38]],[[10881,8325],[29,-57]],[[10910,8268],[-18,-121]],[[10892,8147],[54,-13],[3,-13]],[[10949,8121],[-77,-39]],[[10860,8083],[-11,10]],[[10849,8093],[-66,43],[-15,-67]],[[10768,8069],[-7,-103]],[[10761,7966],[-23,-6]],[[10738,7960],[-12,35]],[[10726,7995],[-64,-72]],[[10543,8110],[3,97],[-113,3]],[[10459,8389],[-91,41]],[[10363,8433],[-82,9]],[[10281,8442],[-135,-74]],[[10116,8378],[126,237]],[[10242,8615],[99,20],[64,181],[-174,-197]],[[10231,8619],[-164,-250]],[[9881,8194],[-60,1]],[[9532,8238],[-80,134],[31,-151]],[[9480,8125],[4,-144],[-141,-118]],[[9343,7863],[-197,107],[44,-149]],[[9190,7821],[154,-124],[126,74],[-14,-78]],[[9457,7679],[136,9]],[[9593,7688],[33,-12],[-28,21]],[[9598,7697],[-49,166],[-46,85],[75,171]],[[9818,8161],[69,20]],[[10003,8159],[23,-36],[60,-7]],[[10023,7858],[-94,5],[19,-58]],[[9970,7738],[-102,11]],[[9868,7749],[8,120]],[[9876,7869],[-60,89]],[[9792,7965],[-6,32]],[[9786,7997],[1,13]],[[9791,8021],[19,34]],[[9809,8059],[-37,-13],[-4,-47]],[[9768,7999],[1,-60]],[[9815,7884],[40,-23]],[[9855,7861],[-31,-89]],[[9824,7772],[-25,5]],[[9793,7777],[-41,-28]],[[9752,7749],[-22,65]],[[9730,7814],[3,6]],[[9743,7844],[-78,120],[-60,-83],[83,-56]],[[9688,7825],[-65,-42]],[[9623,7783],[33,-30],[54,-25]],[[9710,7728],[-46,-86],[-26,74],[1,-230],[76,137]],[[9715,7623],[1,-31]],[[9716,7592],[-25,-60]],[[9725,7372],[-23,-1]],[[9702,7371],[-93,28]],[[9607,7398],[-39,-33],[-32,-6],[-52,-32],[-82,54]],[[9402,7381],[5,91]],[[9407,7472],[75,-15]],[[9482,7457],[12,3]],[[9494,7460],[49,-76],[28,239],[-59,56],[-56,-71]],[[9456,7608],[-81,13],[48,91],[-100,-92],[-86,69],[153,-180],[-82,-68]],[[9308,7441],[15,-89]],[[9323,7352],[-39,-53],[125,24]],[[9409,7323],[45,-109]],[[9454,7214],[-23,-34]],[[9431,7180],[141,-151]],[[9572,7029],[-49,-11]],[[9523,7018],[-40,-43],[-2,-57]],[[9481,6918],[32,-49]],[[9513,6869],[40,-23],[19,43]],[[9572,6889],[31,-86],[-84,-35],[99,21],[92,68],[-21,-89]],[[9689,6768],[-80,-20],[-20,-40]],[[9589,6708],[-6,-108]],[[9583,6600],[-75,-44],[54,-52],[-122,-10],[-40,98]],[[9400,6592],[-91,-38],[-124,246]],[[9113,6866],[121,-43]],[[9236,6819],[3,-9]],[[9240,6808],[12,-11],[5,58],[-52,109],[-112,-81]],[[9078,6920],[25,59]],[[9103,6979],[61,-18],[-87,32]],[[9077,6993],[-46,-39]],[[8914,6938],[-5,62],[-59,-67]],[[8490,7082],[-62,364],[-62,-250],[83,-117]],[[8415,7016],[-35,62],[-115,-4]],[[8264,7092],[66,142],[-103,-18]],[[8196,7248],[-34,20],[-28,-24]],[[8075,7208],[-76,-122],[-8,159],[-56,-165],[-45,159],[-68,-27]],[[7822,7212],[-128,15],[33,-82]],[[7710,7071],[-47,59],[-23,-66]],[[7640,7064],[-40,151],[-49,-252]],[[7575,6920],[-87,-11],[184,-18]],[[7723,6782],[-12,-147],[62,43]],[[7773,6678],[57,30]],[[7830,6708],[1,-12]],[[7872,6582],[-131,-70]],[[7659,6493],[-3,83],[-146,16]],[[7266,6552],[-4,-5]],[[7245,6441],[-47,-61]],[[7029,6445],[-62,-1]],[[6935,6447],[-161,-132]],[[6770,6317],[-26,62]],[[6653,6421],[12,67],[-54,-1]],[[6511,6262],[-304,-135]],[[6204,6116],[-55,0]],[[6143,6108],[-23,-10],[-16,48]],[[6034,6228],[264,22],[-89,163]],[[6372,6625],[-143,50]],[[6255,6733],[50,-1]],[[6393,6762],[-170,109]],[[6218,6672],[67,-43]],[[6287,6595],[-1,-13],[-16,-15]],[[5960,6860],[139,72],[-248,72],[21,93],[-81,-107],[88,-133]],[[5880,6842],[-55,-87]],[[5810,6768],[-10,167],[-4,-177]],[[5854,6724],[17,32]],[[6204,6416],[-107,-50],[33,-124],[-97,-5]],[[6079,6098],[-133,18]],[[5802,6101],[-198,-71],[64,-10]],[[5683,6020],[125,78]],[[5829,6098],[-128,-264]],[[5694,5826],[34,-75]],[[5752,5624],[-30,-21]],[[5717,5599],[-4,-4]],[[5563,5834],[-14,70]],[[5558,6050],[2,101]],[[5551,6149],[-22,-59]],[[5065,6406],[119,-16]],[[5203,6562],[73,36],[-143,130],[-27,-83]],[[5081,6664],[56,123]],[[5310,6668],[44,-10]],[[5395,6655],[62,-58],[70,60]],[[5524,6779],[227,-118],[0,234],[-96,-85],[-102,40]],[[5535,6923],[170,111],[-20,180],[-177,76],[153,37],[63,-82],[117,216],[-224,77],[-195,-286],[-9,179],[-114,-106],[-184,221],[-116,-144]],[[4979,7155],[-153,-110],[18,-119]],[[4733,6981],[66,81],[-91,68]],[[4621,7021],[5,41],[-32,-15]],[[4380,7145],[92,97]],[[4772,7426],[59,107],[-141,-73]],[[4396,7732],[-8,89],[-128,-36],[0,-86]],[[4240,7693],[-19,87],[-76,-43]],[[4082,7811],[-10,38],[-14,16]],[[4045,7907],[-87,33]],[[3949,7920],[6,-47],[-35,-25]],[[4453,7250],[-59,-20]],[[4752,7073],[19,-27],[-42,-61]],[[5018,7277],[60,6],[-32,71]],[[5027,7403],[196,-45],[-127,-118]],[[5096,7240],[-31,-18]],[[5158,7209],[95,85],[81,-154],[83,12],[-5,-165],[-101,103],[-40,-58]],[[5271,7032],[-82,105]],[[5101,7106],[57,2]],[[5139,7078],[-60,-80]],[[5005,6769],[56,-14],[20,-91]],[[5184,6393],[-4,4]],[[5071,5844],[-64,-56]],[[4992,5793],[-3,37]],[[4974,5865],[-20,13],[-35,-65]],[[4832,5820],[4,17],[9,9]],[[4889,5941],[187,16]],[[5206,6162],[-71,7]],[[4923,5978],[-26,-5]],[[4930,6093],[8,35],[-26,22]],[[5254,6185],[-44,-26]],[[5277,5764],[38,39]],[[5312,5737],[-39,-10],[-5,5]],[[5411,5892],[-58,81],[28,-34]],[[5778,5369],[0,-1]],[[5713,5395],[-87,10]],[[5637,5455],[49,39]],[[5709,5499],[33,41]],[[5763,5550],[31,-14]],[[5793,5522],[8,-56],[56,-44],[-75,-39]],[[5676,5340],[35,14]],[[5711,5354],[-29,-64]],[[5848,5165],[2,47]],[[5871,5237],[4,-34]],[[5878,5178],[1,-48]],[[5983,4892],[8,38]],[[6076,4914],[-74,-42]],[[5960,4935],[-31,32]],[[5984,4970],[2,-5]],[[5750,4915],[-35,2]],[[5715,4917],[88,63]],[[5803,4980],[74,-41],[-113,-50]],[[6429,5018],[-9,16]],[[6445,5060],[36,-20]],[[6568,5103],[-48,79],[31,38]],[[6652,5522],[-5,108],[31,-38]],[[7114,6064],[-8,2],[-32,69]],[[7316,6383],[-11,63]],[[7305,6446],[34,6]],[[7339,6452],[55,-22],[2,19]],[[7396,6449],[257,36]],[[7672,6466],[-293,-97]],[[7844,6796],[8,69]],[[7912,6770],[-36,-40]],[[7726,6791],[-1,-3]],[[7722,7013],[2,1],[-3,2]],[[9153,6616],[-36,106],[46,19]],[[9161,6733],[67,-118],[-74,-11]],[[9164,6398],[1,9],[-1,12]],[[9213,6530],[19,-49]],[[9245,6472],[20,-42]],[[9510,5678],[-37,12]],[[9440,5776],[11,-5]],[[9580,5779],[25,-81]],[[5631,4365],[7,-2],[6,-10]],[[5649,4347],[-3,-37],[15,-35]],[[5627,4194],[-134,-85],[35,243]],[[5326,3733],[106,298]],[[5489,4066],[5,-96],[80,102],[7,-65],[-238,-308]],[[12384,8743],[2,-23]],[[12390,8713],[2,-4]],[[12356,8633],[-78,74],[30,-150],[-70,-40]],[[12232,8503],[42,-103],[-158,74],[-151,-270]],[[11965,8204],[-2,64],[-54,-42]],[[11909,8226],[-21,-202]],[[11888,8024],[-9,8]],[[11879,8032],[-88,51],[-124,-28],[98,-21]],[[11765,8034],[-53,-90],[118,24]],[[11830,7968],[183,-66]],[[12013,7902],[-5,-6]],[[12008,7896],[-325,-98],[165,-67],[-141,-57],[-42,-183],[-103,16],[61,-72],[-60,-57],[86,-28]],[[11649,7350],[-10,-25]],[[11639,7325],[-66,4],[12,-231]],[[11585,7098],[1,-13]],[[11586,7085],[5,-17]],[[11591,7068],[-10,-31]],[[11581,7037],[-52,52],[-28,-102]],[[11493,6991],[-28,-34]],[[11465,6957],[-103,179],[-145,-48]],[[11222,7181],[62,30],[-66,20]],[[11209,7292],[95,6],[84,154],[-56,146],[69,-19],[-63,197],[-203,44],[-86,-63],[137,18],[113,-169],[-101,-88]],[[11198,7518],[-10,-5],[-12,-3]],[[11176,7510],[-42,-84],[-257,0]],[[10877,7426],[-89,-118],[240,57],[32,-134]],[[11065,7225],[8,-13]],[[10977,7135],[-88,-36]],[[10889,7099],[-19,-112],[10,-12]],[[10880,6975],[-109,-29],[83,-20],[-40,-81]],[[10814,6845],[-6,45],[-64,5]],[[10744,6895],[-48,78],[-101,-45]],[[10595,6928],[-118,-32]],[[10477,6896],[114,121]],[[10591,7017],[20,39],[-35,-7]],[[10576,7049],[-96,50],[-60,-125]],[[10420,6974],[-50,37],[-15,-84]],[[10355,6927],[-103,-109]],[[10252,6818],[-79,38],[-67,-212]],[[10106,6644],[-35,-30],[-73,-17]],[[9998,6597],[-15,-4]],[[9983,6593],[-49,111]],[[9934,6704],[4,59]],[[9938,6763],[-11,80]],[[9927,6843],[-47,126]],[[9880,6969],[-87,37]],[[9793,7006],[-113,-25],[28,85],[-98,16]],[[9610,7082],[-2,118],[-77,-3]],[[9531,7197],[-2,18]],[[9529,7215],[110,39]],[[9639,7254],[4,-10]],[[9643,7244],[218,-176],[77,174],[-134,3]],[[9804,7245],[23,34]],[[9921,7417],[71,-37]],[[9992,7380],[-60,-50]],[[9984,7248],[-5,-65],[99,41]],[[10169,7173],[-70,-159],[151,-130],[77,106],[-86,-11]],[[10241,6979],[174,107]],[[10415,7086],[20,17],[-57,47]],[[10378,7150],[-28,30]],[[10350,7180],[189,5]],[[10539,7185],[38,-48],[30,52]],[[10607,7189],[19,8]],[[10626,7197],[168,-59]],[[10794,7138],[40,10],[-10,37]],[[10824,7185],[-44,55]],[[10780,7240],[9,28],[-39,-2]],[[10750,7266],[1,189]],[[10751,7455],[15,28]],[[10766,7483],[8,-4],[12,8]],[[10786,7487],[76,120],[63,-77],[173,-41],[63,182],[-145,-7],[-66,-114],[-107,73],[126,50],[-125,8],[-172,-146]],[[10672,7535],[16,67],[-6,68]],[[10684,7677],[1,3]],[[10685,7680],[16,2]],[[10714,7678],[116,73],[-73,-40]],[[10757,7711],[-51,55],[-100,60]],[[10606,7826],[17,37]],[[10623,7863],[56,-17],[10,11]],[[10689,7857],[3,48]],[[10692,7905],[26,19]],[[10718,7924],[17,-6]],[[10765,7905],[-5,-64],[96,37]],[[10866,7881],[160,27]],[[11026,7908],[70,29],[-130,-25]],[[10966,7912],[-57,28]],[[10909,7940],[-16,45]],[[10893,7985],[14,38]],[[10912,8021],[107,-32],[78,311]],[[11097,8300],[2,61]],[[11066,8373],[-31,9]],[[11031,8391],[-26,103]],[[11025,8634],[-15,155],[47,-94],[76,26],[19,41]],[[11152,8762],[71,66]],[[11205,8840],[-16,16]],[[11352,8913],[245,-152],[-77,-35]],[[11492,8723],[-156,9],[42,-23],[31,-5],[-14,-15]],[[11386,8687],[252,-60],[-73,68],[134,65],[-129,73]],[[11570,8833],[-1,60]],[[11593,8902],[20,-48],[83,-6]],[[11739,8913],[98,104],[-49,75]],[[11909,9129],[181,-34],[-16,199]],[[12064,9308],[-12,108],[-135,-250]],[[11900,9167],[-6,167],[-60,-83],[-76,41],[10,199]],[[11768,9491],[-33,27],[-91,-17]],[[11644,9501],[-55,56]],[[11638,9584],[62,-28],[-32,112]],[[11752,9721],[170,-81],[-19,84],[-172,37]],[[11701,9779],[133,5],[-156,54]],[[11656,9913],[61,8],[-28,30],[-40,-9]],[[11618,10025],[66,45]],[[11690,10065],[87,40],[-97,65]],[[11721,10212],[57,-83],[-4,54]],[[11894,10160],[84,-11],[-50,49]],[[11814,10294],[-17,43]],[[12036,10440],[4,-7]],[[12076,10392],[6,-16]],[[12098,10356],[9,-16]],[[12134,10320],[-54,-165]],[[12025,10168],[-1,-39]],[[12065,10088],[9,-14]],[[12076,10070],[-1,-38]],[[12109,9948],[-5,-21]],[[12099,9915],[-3,-11]],[[12096,9904],[-81,-8]],[[12015,9896],[-58,170],[-64,-121],[78,-61]],[[11971,9884],[-6,-4]],[[11965,9880],[-40,-42],[99,-13]],[[12024,9825],[54,40]],[[12079,9863],[-26,-39]],[[11982,9764],[-7,-6]],[[11949,9716],[-58,-257]],[[11927,9496],[15,-25]],[[11970,9440],[6,-21]],[[12023,9449],[4,0]],[[12250,9479],[63,-35],[-41,62]],[[12321,9556],[1,1]],[[12322,9557],[15,-80]],[[12337,9477],[75,-54],[-42,46]],[[12370,9469],[16,86]],[[12441,9487],[16,-39]],[[12459,9428],[-11,-28]],[[12435,9385],[-5,-10]],[[12427,9355],[-12,-19]],[[12413,9332],[-102,-176]],[[12312,9140],[-36,-90]],[[12277,9046],[-39,-102]],[[12242,8926],[1,-3]],[[12244,8913],[6,-49]],[[12381,8750],[1,-2],[2,-5]],[[709,9407],[97,23]],[[806,9430],[-14,-77],[60,62]],[[1140,8660],[-49,29]],[[1023,8717],[55,95],[-88,-81]],[[935,8802],[-3,35]],[[986,9070],[9,25]],[[996,9100],[9,54],[-122,-130]],[[857,8975],[-38,-46]],[[819,8929],[-65,-55]],[[529,8975],[-5,62],[-109,-10]],[[316,9187],[-9,14]],[[378,9300],[24,24]],[[532,9384],[15,70]],[[547,9454],[13,24]],[[516,9516],[91,96]],[[648,9567],[34,-24]],[[2141,7420],[12,17],[-5,11]],[[2189,7498],[0,-5],[1,-8]],[[2085,7403],[-85,147],[109,35],[53,-77]],[[2060,8363],[38,-253],[253,1]],[[2342,8053],[-63,-34],[53,-34]],[[2270,7917],[-277,208],[-156,-49],[-2,134],[-127,66],[-49,-80],[87,-25],[-122,-97],[274,-107],[-163,-148],[-180,66],[-45,91],[128,-24],[-4,72],[-115,34],[-1,-66],[-123,60],[107,-40],[16,50],[74,132],[-161,-31],[226,151],[-121,32],[-82,-151],[-71,81]],[[1383,8276],[-10,24]],[[1373,8300],[154,127],[-168,6],[17,64]],[[1402,8512],[59,50],[-56,-5]],[[1553,8682],[203,-6],[3,-86]],[[1759,8590],[-69,64],[88,-179],[-94,41],[-35,-77]],[[1649,8439],[95,-95],[205,71]],[[1989,8499],[23,40]],[[2129,8843],[-54,-16],[-15,48]],[[1456,9149],[-24,113]],[[1346,9392],[11,21]],[[1415,9532],[31,-50]],[[1449,9495],[10,79]],[[1463,9580],[-13,148]],[[1443,9741],[-48,-130]],[[1387,9593],[-4,-7]],[[1345,9569],[-34,61]],[[1118,9823],[-16,16]],[[1092,9851],[16,210]],[[1093,10071],[-58,-18]],[[1025,10053],[-10,44],[100,23],[-111,37]],[[993,10172],[-87,-3]],[[912,10150],[19,-182]],[[928,9957],[26,-73]],[[951,9874],[-34,-42],[-75,45],[-17,371],[209,-36],[-45,43]],[[989,10255],[-3,20],[6,7]],[[992,10282],[101,134],[179,-42],[17,85]],[[1297,10481],[85,36],[-22,122]],[[1464,10671],[46,-39]],[[1510,10632],[-70,-41],[241,-25],[-10,114]],[[1671,10680],[-5,39]],[[1676,10737],[60,-29],[-30,61]],[[1764,10672],[-18,-42],[101,34]],[[1946,10676],[-39,50],[-76,16]],[[1856,10823],[48,-65],[37,25]],[[2007,10808],[-1,12]],[[2006,10820],[168,31]],[[2401,10963],[7,-16]],[[2408,10947],[-62,-122],[83,76]],[[2429,10901],[15,55]],[[2607,10962],[4,-43]],[[2609,10915],[-54,-70],[59,29]],[[2859,10499],[-20,-82],[-152,-3]],[[2671,10381],[9,-9]],[[2693,10367],[97,-208]],[[2734,9632],[56,4]],[[2790,9636],[-5,-35]],[[2650,9451],[1,-44],[22,-5]],[[2692,9379],[-97,-124]],[[2522,9184],[-276,40],[-20,160],[-175,-79],[146,-137]],[[2133,9094],[-49,44],[-139,-143],[78,-16],[-48,-104],[-24,73],[-119,-35]],[[1832,8913],[-7,-65]],[[1825,8848],[-60,98],[11,-191],[-115,83],[-10,206],[-90,-155],[132,-173],[-216,91],[59,181],[-105,-171]],[[1234,8922],[18,1],[16,5]],[[1371,8988],[68,68]],[[1439,9056],[19,83]],[[2269,9152],[126,47],[-84,-61]],[[2311,9138],[-13,4]],[[2631,9151],[18,30],[118,17]],[[2822,9664],[8,73]],[[2830,9737],[38,-46]],[[2796,10288],[60,57],[-72,21],[90,41]],[[3311,9346],[5,74],[-71,-54]],[[3236,9411],[23,52]],[[3259,9463],[25,-32]],[[3284,9431],[63,34],[0,-91]],[[3432,8662],[10,25],[10,6]],[[3549,8719],[65,-136]],[[3607,8389],[-27,-22]],[[1354,10847],[-23,-74]],[[1155,10632],[-104,14]],[[995,10673],[-59,55]],[[932,10727],[-86,65]],[[844,10803],[-39,43]],[[805,10846],[25,53],[-16,62],[-110,10],[113,-49],[-74,-12],[51,-69]],[[794,10841],[-91,-34],[89,-25],[20,-113]],[[798,10671],[-74,30]],[[707,10704],[-73,54],[-71,-77],[46,137]],[[694,11009],[55,15]],[[818,10999],[151,-60],[-114,56],[129,95]],[[989,11070],[3,-107]],[[993,10961],[21,-31]],[[429,10626],[-55,92],[69,-8]],[[450,10703],[-8,-56]],[[317,10627],[2,91]],[[346,10719],[1,-69]],[[1705,11885],[40,29],[48,25]],[[2780,11767],[-11,2],[-53,-34]],[[2676,11692],[32,95],[-37,18]],[[2728,11951],[-4,-40]],[[2724,11911],[-11,-50],[39,-24]],[[2752,11837],[75,-54]],[[2789,11714],[7,3],[17,-7]],[[3172,11061],[20,-56]],[[2708,10877],[-16,28],[-14,55]],[[1625,10795],[-15,12],[73,68]],[[1646,10904],[-3,-28]],[[1600,10876],[-35,14]],[[1543,10904],[-124,-51]],[[1019,10952],[27,24],[4,11]],[[7547,3011],[-14,13],[-5,2]],[[7994,3680],[4,-97],[-123,-54]],[[6838,3459],[-34,16],[-14,36]],[[6466,3727],[-17,-5]],[[6411,3772],[-8,17],[-57,5]],[[6312,3832],[34,20]],[[6375,3860],[78,-64],[-5,202]],[[6504,3982],[-20,-222]],[[6311,3894],[-12,12]],[[6296,3911],[-6,14]],[[6328,3958],[-4,-27]],[[6276,3924],[-45,77],[38,66]],[[6151,4209],[81,-86],[-12,-90]],[[6198,3946],[-1,-24],[-3,-26]],[[8921,4217],[-58,38]],[[8806,4319],[150,-48]],[[6267,4867],[-85,50],[85,-34]],[[5872,5340],[16,45]],[[5895,5394],[22,12]],[[5898,5525],[157,41],[-121,-94],[154,7],[57,-96],[-214,-44],[78,-28],[-67,-72],[-71,40]],[[9989,6018],[-87,32],[-19,-20]],[[9883,6030],[-83,-30]],[[9839,6215],[35,23]],[[9874,6238],[92,-104]],[[10915,6080],[56,52]],[[10971,6132],[-48,-62]],[[11212,6193],[-66,48],[39,13]],[[6595,6257],[1,-2]],[[11548,6743],[9,-111]],[[11557,6632],[-9,1]],[[11548,6633],[-31,96]],[[10956,7067],[0,19]],[[11081,7031],[-20,-141],[-105,170]],[[7731,6977],[-4,13]],[[7564,7311],[-1,-19]],[[7537,7280],[-23,-7]],[[7485,7247],[-405,173],[-149,-71],[10,194]],[[10256,7256],[22,101],[14,-59]],[[10292,7298],[-12,-22],[65,6]],[[10345,7282],[-114,-73]],[[7437,7416],[73,39],[-86,132],[-20,-140]],[[7244,7502],[-82,-8]],[[6933,7544],[-9,-2],[-1,-4]],[[6920,7532],[-237,-74]],[[6687,7454],[127,-78],[-149,-158],[39,-113],[83,11],[-21,95],[105,-7],[-59,-81],[101,-111],[-71,78],[-29,-115],[175,44],[-125,112],[84,131],[161,5],[-137,-57],[56,-212],[70,176],[-5,-178],[83,-8],[9,92],[66,-113],[191,40],[-5,82],[86,-4],[-1,-97],[7,77],[-25,135]],[[7524,7223],[35,10]],[[9750,7489],[9,3],[25,2]],[[10248,7429],[-76,21],[-107,-30]],[[10065,7420],[-14,32]],[[10051,7452],[-80,38]],[[9971,7490],[82,81],[-109,-3]],[[9858,7587],[-51,112],[70,16]],[[9877,7715],[250,-104]],[[10190,7869],[28,-81]],[[8254,7466],[3,-22]],[[8286,7388],[35,-17]],[[8324,7372],[56,55]],[[8379,7439],[173,40],[-161,50]],[[10463,7457],[144,-10]],[[10607,7447],[-101,-84],[-75,47]],[[10431,7410],[-8,48]],[[10405,7485],[-39,-80]],[[10366,7405],[-85,-14]],[[10281,7391],[-10,20]],[[10271,7411],[66,80]],[[10275,7743],[33,-71]],[[7596,7288],[-6,39]],[[3285,8387],[36,-23],[95,-24]],[[3471,8290],[-93,-52],[101,24]],[[3752,8350],[-84,45]],[[3781,8381],[-26,-31]],[[3627,8600],[45,72]],[[3699,8674],[59,17]],[[3758,8691],[0,-33]],[[3758,8658],[-94,-121]],[[3222,8618],[50,47]],[[3355,9004],[-63,84],[-53,-95],[29,112]],[[3147,9115],[8,5],[5,-2]],[[3176,9111],[24,-133]],[[3200,8978],[-104,-55]],[[10849,8930],[172,59],[-87,-154]],[[10772,8976],[52,62],[-31,-69]],[[11112,8793],[35,186]],[[11189,8856],[-43,-49]],[[10892,9180],[37,11]],[[10937,9192],[-10,51]],[[10955,9110],[-78,-24],[-103,-6]],[[11601,10213],[1,29],[18,44]],[[11641,10379],[-22,15],[-37,-9]],[[11589,9646],[-31,21],[-5,6]],[[11414,9375],[21,7]],[[11443,9384],[-1,35]],[[11444,9444],[19,9],[-1,53]],[[11534,9510],[120,-118],[96,-55],[-306,-39]],[[11729,9014],[59,-2],[-51,-71]],[[11484,8930],[86,-97]],[[11570,8833],[-100,9]],[[785,9773],[74,35]],[[861,9794],[-119,-45]],[[1336,9107],[57,-34]],[[1393,9073],[-22,-85]],[[1438,8797],[11,-20],[18,-45]],[[1263,8401],[85,-88]],[[1348,8313],[-11,-11]],[[1337,8302],[-73,-236]],[[1264,8066],[6,252],[-90,-77],[-104,147],[103,148],[-53,75],[131,5],[-16,65]],[[1273,8538],[-63,21],[32,-42]],[[2573,9724],[-10,81],[-18,-44]],[[7806,9898],[-13,-77]],[[7706,9835],[-3,-4]],[[7686,9836],[-18,24]],[[7784,9898],[8,-3]],[[7464,11610],[-74,151]],[[7384,11766],[-33,28]],[[7324,11819],[-272,26]],[[7024,11850],[-17,16]],[[7000,11873],[-51,68]],[[6946,11949],[102,19]],[[7053,11975],[12,44]],[[7065,12064],[8,42]],[[7083,12113],[68,-15]],[[7173,12088],[-42,132],[-174,-27],[142,132],[-84,116],[-64,0],[-63,-46]],[[6882,12391],[-7,-9]],[[6871,12377],[-45,-68]],[[6828,12297],[19,-67]],[[6860,12216],[6,-77],[-198,-85]],[[6657,12051],[-145,22],[25,-76],[88,32]],[[6630,12020],[-27,-113]],[[6447,12022],[2,1],[4,7]],[[6476,12050],[12,6],[-6,8]],[[6481,12068],[-20,27]],[[6466,12123],[32,23],[-9,33],[1,68],[106,5],[-12,-90]],[[6598,12164],[55,91]],[[6661,12252],[112,84],[-52,69],[-43,-79]],[[6671,12324],[-117,98]],[[6547,12421],[-24,-106],[-26,121],[-71,-148],[-131,18],[54,-60],[-97,-3],[-1,-135],[-91,11],[71,185],[-209,-75],[51,-126],[-91,-137],[-57,98],[-72,-163],[76,48]],[[5936,11949],[124,-40],[-118,-58],[156,-109],[-61,-201],[-137,11],[-107,-7],[-17,-135],[75,44]],[[5860,11460],[93,-200],[126,25],[-185,-181],[-14,96],[-55,-58],[156,-143],[-44,53]],[[5953,11078],[66,68]],[[6022,11155],[247,176]],[[6270,11337],[67,120],[-143,82],[144,113]],[[6373,11656],[1,0]],[[6376,11634],[-92,-94],[158,49],[45,-108]],[[6498,11466],[57,-120],[-91,-33],[88,-76],[-112,-34],[137,-31],[-306,37]],[[6271,11202],[53,-147],[-305,-265],[106,-25],[116,171],[-72,-200],[31,-15]],[[6213,10743],[143,177]],[[6379,10941],[107,-114],[148,183],[121,13],[-68,-120],[178,28]],[[6884,10935],[88,-40]],[[6983,10868],[194,205],[84,-80]],[[7318,10932],[-34,-200],[89,-57]],[[7336,10585],[-45,76],[-37,-77]],[[7232,10660],[1,82]],[[7237,10763],[-29,-71]],[[7188,10814],[72,83],[-145,29]],[[7110,10914],[108,-49],[-270,-47],[31,-71],[130,54]],[[7106,10711],[-69,29],[63,-33]],[[6968,10616],[-124,122],[21,-58]],[[6881,10632],[-69,-78],[-114,317],[-106,-130],[130,-66],[-86,-44],[31,-175],[-143,41],[52,31],[10,116],[-33,-93],[-114,59],[99,-168],[-300,-138],[179,-40],[27,-158],[150,81],[9,-121],[54,274],[-46,-141],[-129,39],[96,184],[89,-4],[25,-274],[79,44],[-47,269],[92,4],[157,-212],[49,132],[67,-79]],[[7089,10286],[-116,-68],[123,-71]],[[7098,10147],[17,111],[111,-106],[-116,-62],[193,40],[-92,-91],[80,-112]],[[7131,9867],[-127,61],[23,113],[-122,-42],[15,-183],[101,-33],[50,85],[76,-85]],[[7234,9769],[-55,-144],[194,16],[-205,-100]],[[7129,9527],[15,217],[-38,-102],[-144,18],[51,-130],[1,91],[111,-103]],[[7181,9527],[140,40],[-49,-68],[83,-27],[65,21],[-71,94],[179,-30]],[[7589,9595],[-30,-114],[205,52],[190,163],[-121,41]],[[7887,9815],[65,87],[-140,38]],[[8222,10112],[3,-7]],[[8224,10096],[-30,-57],[210,-92],[-21,-93],[184,67],[-128,-39],[14,58],[0,19],[19,13]],[[8476,9967],[115,-23],[42,204],[-345,-2]],[[7523,10629],[-127,66]],[[7375,10679],[-33,126]],[[7345,10824],[57,65]],[[7403,10889],[-19,54]],[[7430,11280],[106,252]],[[7536,11541],[-185,-240]],[[7014,11494],[-35,-7]],[[7278,11189],[-259,-234],[-80,73]],[[6923,11041],[-52,58],[153,59]],[[7020,11176],[5,38]],[[7010,11213],[-133,-64]],[[6865,11141],[-266,-134],[92,200]],[[6735,11314],[32,100],[-45,-93]],[[6688,11222],[-123,173],[118,-36],[-21,119],[-116,-9],[154,75]],[[6747,11564],[115,122],[-39,-47]],[[6816,11631],[55,-94]],[[6878,11538],[18,-12]],[[6891,11509],[-46,-28]],[[6842,11485],[-42,29]],[[6787,11473],[27,-72],[63,61]],[[6885,11465],[58,59]],[[6957,11537],[-23,62],[92,-77],[41,56]],[[7078,11583],[10,10],[-2,7]],[[7075,11611],[-34,29]],[[7041,11647],[-43,0]],[[6989,11643],[-90,27],[-1,125],[252,-76]],[[7153,11722],[83,8]],[[7246,11725],[44,-7]],[[7362,11689],[102,-79]],[[7386,9749],[-77,-16],[-52,33]],[[9016,9901],[3,11],[-2,11]],[[9013,9935],[-53,-10],[56,-33]],[[9122,9667],[-6,-139],[119,58],[32,228],[44,-298],[29,148]],[[9345,9679],[28,33]],[[9366,9756],[-52,92],[-165,-16]],[[9118,9842],[216,175],[-114,8],[-120,-192]],[[7789,9907],[-5,-9]],[[7530,9562],[31,41]],[[7606,10012],[-41,4]],[[7296,10388],[-156,-104],[156,121]],[[7246,10557],[66,-48]],[[7277,10496],[-154,-41],[-26,112]],[[8148,10428],[30,29]],[[8168,10675],[-30,114],[-52,8],[12,-56]],[[8101,10736],[39,-101]],[[8093,10546],[-47,57],[55,-80]],[[8179,10467],[-103,-10],[49,-48]],[[8127,10409],[20,11]],[[8192,11130],[-12,22]],[[8053,11059],[12,-14],[8,-37]],[[8074,11004],[21,-44]],[[8102,10968],[90,-45],[-37,-71],[74,26]],[[8235,10880],[113,46]],[[8387,10941],[64,52],[-183,-25],[-99,118]],[[3790,11064],[-16,-45],[33,48]],[[8145,11148],[-105,-22]],[[3760,11417],[15,-11]],[[3779,11401],[113,-28]],[[8848,11592],[-4,-11]],[[8893,11548],[0,-94],[29,74]],[[2450,11509],[-23,4]],[[2416,11514],[16,69],[-45,-36]],[[2359,11589],[134,50]],[[2577,11803],[-42,3]],[[2528,11807],[-5,1]],[[2523,11808],[-99,-50]],[[2428,11809],[16,11],[13,10]],[[8549,12022],[10,2]],[[8577,11875],[-8,11]],[[8556,11894],[-51,12]],[[8573,11973],[62,-26]],[[8564,12033],[39,19]],[[8631,12014],[-49,-37]],[[7204,11947],[-89,1]],[[7096,11916],[17,-34]],[[7117,11882],[96,-4]],[[7230,11879],[17,48]],[[7898,12009],[-63,-14]],[[7834,11995],[-49,-26]],[[7786,11927],[137,62]],[[7933,11988],[205,79],[-82,37]],[[8029,12088],[-120,-74]],[[3608,12109],[-58,-69],[82,-12],[-9,79]],[[4213,14197],[29,28],[-41,6]],[[6559,5775],[-36,14],[23,75]],[[6547,5883],[4,130]],[[6551,6019],[18,54],[14,-67]],[[6615,6091],[-23,143]],[[6591,6238],[-1,4]],[[6599,6250],[39,-92],[186,103],[-156,-274]],[[9774,5832],[-97,40],[108,43]],[[6925,6353],[28,-47],[-63,60]],[[11327,6665],[26,-165],[-30,177]],[[11320,6795],[-64,-43],[84,87]],[[7133,6636],[42,141]],[[7175,6777],[62,-79]],[[7237,6698],[-4,-22]],[[7089,6700],[32,-38]],[[7240,6675],[88,18]],[[7328,6693],[122,20]],[[7450,6713],[19,162],[-111,-117]],[[7358,6758],[-151,101],[-59,-58]],[[7148,6801],[-26,-36]],[[5122,6913],[14,50]],[[5229,6997],[28,13]],[[5257,7010],[199,-40]],[[5409,6930],[-110,-8]],[[5299,6922],[-83,-7]],[[1159,7744],[67,-112],[-63,-39],[-111,66],[1,117]],[[1078,7782],[42,6]],[[1120,7788],[13,-21]],[[975,7802],[49,140],[63,-124]],[[529,8052],[-44,25],[111,14]],[[543,8138],[45,26],[29,-26]],[[525,9811],[-36,30]],[[487,9846],[30,150],[48,-144]],[[561,9832],[-36,-21]],[[11502,9882],[-9,-7],[-21,0]],[[1625,10711],[36,-34]],[[1661,10677],[-55,-6]],[[1413,10801],[31,16],[17,0]],[[2424,10020],[27,79],[-114,-108],[44,-157],[73,136]],[[4589,7673],[-14,55],[-37,-10]],[[4538,7718],[-37,70],[-80,-75],[113,-19]],[[4534,7694],[39,-45]],[[4592,7569],[49,-47],[-19,75]],[[4083,12580],[-42,13]],[[4029,12567],[-25,-28],[59,-22]],[[8543,10491],[42,-14]],[[8598,10475],[36,-19]],[[8640,10469],[-57,102],[-42,-79]],[[3292,13381],[64,27]],[[3365,13426],[-36,98],[-46,-88]],[[6759,6444],[27,5],[-1,77]],[[6847,6622],[-64,-24]],[[6783,6598],[-20,-47]],[[6720,6686],[185,45],[-150,53],[-84,-93]],[[6643,6712],[-15,55],[-14,-57]],[[6618,6643],[68,-96],[-41,79]],[[8963,4274],[1,2],[16,-33]],[[11978,5283],[-14,20],[57,5]],[[12024,5306],[10,-44],[-51,18]],[[9424,6223],[-17,56]],[[9407,6279],[75,66],[-9,-66]],[[9473,6279],[-33,-64]],[[13178,7705],[-3,3]],[[13175,7708],[116,93],[-92,-135]],[[7169,7481],[4,-5]],[[7233,7421],[-10,24]],[[7211,7458],[32,32]],[[7215,7426],[9,-6]],[[7414,7441],[10,-4],[3,-10]],[[14041,9200],[-50,49],[-107,-101]],[[13884,9148],[-9,-57],[44,-82]],[[13919,9009],[-13,-33]],[[13906,8976],[-41,-44]],[[13865,8932],[-115,-20],[92,-1]],[[13842,8911],[-208,-229],[79,-183]],[[13713,8499],[-19,-81]],[[13694,8418],[-50,-7]],[[13609,8406],[-44,-40],[47,-14]],[[13651,8364],[28,6]],[[13679,8370],[-122,-180],[32,-145]],[[13589,8045],[-31,25]],[[13545,8091],[-75,69],[23,-58]],[[13501,8051],[-89,-88],[-33,87]],[[13379,8050],[13,43]],[[13392,8093],[18,95],[-61,-75]],[[13349,8113],[-11,6]],[[13338,8119],[5,46]],[[13343,8165],[10,84]],[[13353,8249],[60,-24],[-24,74]],[[13389,8303],[-53,-32]],[[13336,8271],[-68,-80]],[[13268,8191],[38,-116]],[[13306,8075],[-14,-110],[50,76]],[[13342,8041],[16,-207]],[[13358,7834],[-53,20],[-9,-14]],[[13296,7840],[-21,1]],[[13275,7841],[-56,60],[-20,-49]],[[13199,7852],[-74,-131]],[[13080,7848],[-25,182]],[[13055,8030],[126,45]],[[13181,8075],[55,71],[-53,-63]],[[13183,8083],[-70,80]],[[13113,8163],[14,48]],[[13127,8211],[45,48],[-13,20]],[[13159,8279],[16,16]],[[13175,8295],[27,2],[2,42]],[[13204,8339],[17,37]],[[13221,8376],[156,43],[118,-152]],[[13495,8267],[0,-79],[32,90]],[[13527,8278],[-178,270]],[[13349,8548],[19,13]],[[13368,8561],[54,-11]],[[13422,8550],[97,-149],[-37,111]],[[13482,8512],[-41,120]],[[13441,8632],[74,-29],[-42,171],[-34,-129]],[[13439,8645],[-60,-33]],[[13379,8612],[103,228]],[[13482,8840],[26,-32],[26,22]],[[13534,8830],[28,-42]],[[13562,8788],[0,-30]],[[13562,8758],[-77,8],[82,-150],[29,101]],[[13596,8717],[-8,87]],[[13588,8804],[1,10]],[[13589,8814],[117,-10],[-112,82]],[[13594,8886],[113,63]],[[13707,8949],[65,35],[-50,105]],[[13722,9089],[11,22]],[[13733,9111],[42,-13],[24,29]],[[13799,9127],[29,111]],[[13828,9238],[13,-6],[30,13]],[[13871,9245],[137,33],[51,-99]],[[14059,9179],[-10,9]],[[12485,8646],[24,-5],[49,-25]],[[12454,8646],[13,-1],[11,3]],[[12335,8794],[12,-3]],[[12352,8790],[1,-1],[1,0]],[[12254,8861],[12,-5],[6,-5]],[[12281,8842],[26,-23],[4,-6]],[[12325,8799],[2,-2]],[[12328,8796],[2,0]],[[312,9255],[15,13],[44,26]],[[11980,9420],[29,33],[10,-1]],[[12138,9448],[10,3],[15,1]],[[12031,9451],[11,4],[4,-1]],[[12072,9452],[24,9],[21,-2]],[[11951,9453],[11,-6],[8,-2]],[[11894,9458],[9,-2],[24,22]],[[12184,9444],[63,40]],[[12247,9484],[1,-2]],[[12269,9509],[0,2]],[[12269,9511],[17,22]],[[12302,9542],[12,7]],[[12390,9560],[4,-4]],[[12388,9558],[2,2]],[[12400,9548],[5,-13]],[[12412,9530],[16,-8],[6,-6]],[[11967,9752],[-3,-2],[-6,-8]],[[11951,9731],[-2,-6],[0,-4]],[[12004,9777],[0,-1],[-8,-3]],[[12113,10333],[15,-9]],[[12045,10425],[24,-12],[3,-9]],[[12035,10472],[0,-1]],[[12089,10590],[7,-8]],[[11883,10783],[17,1],[0,0]],[[11923,10777],[9,-7],[7,-11]],[[11826,10794],[13,5],[3,0]],[[11848,10799],[16,-17],[17,1]],[[11801,10796],[6,-1],[6,0]],[[11711,10795],[49,-1],[27,5]],[[11437,10884],[21,-12],[11,-1]],[[11397,10894],[25,-2],[10,-6]],[[11493,10873],[6,1],[29,23]],[[11570,10904],[3,3],[5,2]],[[11600,10911],[34,14],[10,-7]],[[11329,10962],[7,-5]],[[7287,11125],[20,20]],[[7319,11154],[-36,-84],[-60,-9],[60,60]],[[8037,11094],[1,-4],[2,-5]],[[11043,11455],[0,-4]],[[7043,11466],[0,3],[0,2]],[[7033,11495],[-8,0]],[[8988,12060],[17,-5]],[[7985,12340],[6,-2]],[[7553,12455],[11,-3]],[[1612,13755],[3,-1]],[[1616,13754],[7,6]],[[1517,13756],[52,4],[27,-4]],[[4968,5856],[-1,5]],[[10658,7607],[-96,-14]],[[10562,7593],[76,37]],[[10638,7630],[10,-1]],[[10858,7880],[2,2],[2,0]],[[3735,8826],[-105,-13],[96,-46]],[[3726,8767],[-89,-17]],[[3637,8750],[-46,76]],[[3591,8826],[27,13]],[[3622,8840],[102,47]],[[3724,8887],[9,-48]],[[5201,8925],[-3,-1],[-8,6]],[[5161,9022],[-73,-74],[71,65]],[[5182,8929],[-94,-135],[151,57]],[[5238,8858],[-6,75]],[[5230,8931],[-5,-6],[-8,4]],[[11782,9097],[-61,33],[54,29]],[[12047,9266],[-9,-2],[8,15]],[[14305,9657],[58,-143]],[[14363,9514],[-45,-28]],[[14318,9486],[-93,-85]],[[14225,9401],[-56,57]],[[14169,9458],[-4,5],[-30,10]],[[14135,9473],[-27,71]],[[14108,9544],[34,91]],[[14137,9643],[-8,2]],[[14129,9645],[35,42],[106,-45]],[[14270,9642],[13,-64],[22,79]],[[756,10379],[-36,100]],[[730,10491],[100,60],[-25,-145]],[[805,10406],[-1,-11]],[[804,10395],[-41,-16]],[[7089,10567],[-92,24],[-26,21]],[[7126,10806],[1,0],[5,-1]],[[7140,10804],[4,0]],[[7163,10791],[2,-1],[10,12]],[[7181,10807],[5,5]],[[7205,10660],[8,8],[13,7]],[[9101,10858],[-4,-6],[-2,-1]],[[9118,10895],[-13,-31]],[[9087,10846],[-47,-89]],[[9041,10742],[-55,-14]],[[8978,10730],[-109,-47]],[[8883,10673],[20,-30],[-87,4]],[[8807,10641],[76,-44],[-46,-77]],[[8845,10503],[61,-98],[-152,-66],[188,23],[-293,-141],[261,48],[-39,-65]],[[8868,10201],[-26,-144],[-46,124],[-96,-35],[89,-154]],[[8758,10031],[-65,45],[56,-65]],[[8697,9992],[-15,20],[10,-41]],[[8825,9927],[111,43],[49,296]],[[8989,10265],[99,-105],[-93,-61],[207,30],[-135,247],[-100,-51],[175,268],[-51,102],[206,-39]],[[9309,10656],[219,255],[76,-142],[125,145],[-110,-132],[23,-128],[81,20],[-73,-199],[94,-11],[32,207],[-101,110],[132,186],[-243,-4],[267,114],[-105,-24],[74,153],[130,-4],[-155,31],[-106,-54],[17,-91],[-75,72],[-171,-269],[26,201],[-108,0],[-20,86],[-112,-113],[88,39],[14,-80],[-90,-120],[-68,32]],[[1631,10866],[-18,-11],[-1,7]],[[1694,9403],[-147,-85],[6,-14],[13,-8]],[[1574,9298],[130,16],[-66,30]],[[1640,9345],[58,44]],[[1173,10012],[-23,-70],[50,9]],[[6065,11479],[-102,47],[275,-78],[-127,-71],[-28,72]],[[4413,11656],[5,7],[2,5]],[[4433,11707],[-29,-4],[-6,-46]],[[6301,11690],[-27,-8],[28,56]],[[6299,11841],[-134,-272],[-77,317],[236,91]],[[6348,12002],[-3,0]],[[6326,12000],[-1,0]],[[6322,12001],[-51,67],[95,-11]],[[6368,12051],[-1,-57]],[[6662,11871],[16,85]],[[6690,11982],[11,77],[50,-217],[-74,25]],[[6671,11759],[-32,83]],[[6639,11850],[5,-2],[4,6]],[[6664,11858],[197,-81],[-30,-63],[-155,44]],[[6581,11874],[-20,-12]],[[6560,11861],[0,-1],[-4,-6]],[[6610,11687],[6,-15]],[[6602,11673],[-30,-54]],[[6544,11642],[-27,20]],[[6514,11670],[-23,-10],[22,-49]],[[6515,11607],[-27,-13]],[[6473,11591],[-69,191]],[[6512,11803],[96,-112]],[[7294,11746],[1,7],[15,3]],[[7318,11758],[7,2],[2,-1]],[[7047,11839],[-2,-3],[-1,3]],[[6688,11967],[-1,4],[2,8]],[[8033,12233],[-4,-9]],[[8015,12187],[118,-25]],[[8133,12164],[-70,55]],[[8017,12205],[-2,-9]],[[8042,12232],[-6,3]],[[6972,12285],[0,-1]],[[6963,12399],[19,-59],[3,-36],[-15,-15]],[[6982,12265],[-12,-19]],[[6943,12241],[-28,160]],[[6940,12406],[4,1]],[[6278,12896],[1,12],[0,4]],[[6349,12929],[99,59],[-95,-23]],[[6275,12917],[-4,-39]],[[2143,13120],[10,-4],[4,2]],[[2150,13083],[132,-110],[-16,-116],[301,104],[-1,103],[-80,-9],[-154,-132],[68,191],[-90,-80],[-52,93],[-103,-37]],[[2171,13122],[43,113],[-73,-110]],[[11872,10556],[65,-27]],[[11942,10529],[51,72],[-196,32],[70,-77]],[[10895,10839],[0,-7]],[[10900,10825],[102,-43]],[[11002,10788],[-63,85],[188,-97],[-95,-122],[86,35],[118,-88],[-44,-70],[-2,90],[-128,21],[57,-249],[87,104],[65,-59],[-14,133],[107,67]],[[11370,10640],[32,62],[-33,-8]],[[11368,10687],[-94,-80],[-103,85],[-21,126],[142,-121],[-123,193],[-81,-78],[-152,113],[-40,-84]],[[9322,10531],[84,21],[-86,3]],[[9285,10481],[-66,-210]],[[9224,10249],[26,-27]],[[9261,10221],[44,113],[20,172]],[[9925,10128],[-61,12],[29,-164],[29,142]],[[9448,10020],[-9,-96],[110,-15],[-41,126]],[[9963,9778],[47,-91]],[[10020,9694],[18,140]],[[10033,9831],[-35,107],[-28,-159]],[[10291,9700],[3,63],[-63,-145],[73,-14],[-13,73]],[[8868,9250],[90,58],[-191,79],[94,-141]],[[8720,7681],[57,-33],[64,78],[74,-132],[23,65],[107,-45]],[[9045,7614],[0,-53]],[[9045,7561],[-61,3],[55,-58],[119,25],[-93,38]],[[9065,7569],[-4,47]],[[9061,7616],[-264,176],[5,-73],[-83,61],[10,-98]],[[9421,7989],[-44,51],[-112,-91],[73,-51],[88,90]],[[5941,8540],[8,19],[-74,72],[-98,-75],[160,-13]],[[4491,8995],[121,-25],[17,81],[-134,-51]],[[7159,9025],[-106,51],[-18,-108],[207,-36],[37,114],[-114,-14]],[[5714,9137],[72,-2],[-87,123],[-74,-103],[88,-19]],[[6001,10362],[-19,-15],[-24,21],[-195,-20],[-75,-214],[-24,140]],[[5676,10276],[24,9],[-4,43],[-21,30],[-108,-150],[28,-140],[157,102],[21,-75],[87,174],[124,-134],[132,235],[-110,-1]],[[4328,10345],[-72,151],[-113,-330],[180,181]],[[5822,10539],[-33,-84],[-106,-65],[53,-31]],[[5736,10359],[164,78],[20,111],[-91,-3]],[[5893,10696],[80,84]],[[6020,10825],[-178,157],[66,-63],[-65,-41],[-11,-143],[54,-64]],[[5650,11199],[-2,0],[-4,-5]],[[5641,11190],[-4,-245],[27,78],[119,-17],[33,144],[-61,58],[-40,-110],[-59,100]],[[3426,11927],[61,124],[-97,51],[13,-138]],[[3335,11908],[-106,75],[19,154],[-79,-121]],[[3175,12003],[38,-170],[56,75]],[[4383,12307],[88,50],[-87,-41]],[[4193,12298],[-30,-22],[35,-16]],[[6042,12577],[-10,-1],[83,-103],[-70,-41]],[[6043,12431],[9,-166],[111,43],[35,45],[-12,10]],[[6166,12350],[-69,-7],[45,90]],[[6152,12436],[81,7],[-2,133],[-110,-4],[60,55],[-82,61],[-51,-115]],[[6372,12545],[-17,-82],[105,51],[-1,65],[-64,-45],[80,108],[-45,106],[-85,-186],[-93,135],[-7,-163],[115,12]],[[5263,12252],[-63,33],[62,-33]],[[5274,12244],[117,-65],[-98,-78],[98,62]],[[5400,12162],[51,37],[88,-144],[-21,-72]],[[5512,11992],[-72,128],[-185,-290],[169,163],[65,-54],[-89,-42],[163,53],[117,-192],[20,144],[123,-1],[108,208],[-115,6],[-101,-170],[-113,56],[69,54],[-96,36],[34,94],[202,112],[14,-140],[42,120],[100,-66],[54,117],[-50,-55],[-71,102],[121,146],[-127,24],[-76,-221],[-99,72],[-200,-187],[31,-80],[-58,72],[67,238],[-136,-119],[-2,120],[-88,-189],[-72,92],[7,-88]],[[4833,12218],[-21,-104],[8,-6]],[[4830,12115],[61,149],[116,9],[-28,133],[-145,-65],[-5,-113]],[[4337,11891],[16,10]],[[4374,11916],[150,195],[-197,-184],[4,-39]],[[4061,12015],[-3,-19]],[[4057,11992],[51,-84]],[[4111,11940],[-37,75]],[[4193,12093],[82,-36],[47,91],[-130,-46]],[[4756,12231],[59,151]],[[4822,12380],[12,18],[-38,-9],[-80,-117],[36,116],[-63,59],[29,-127],[-100,-108],[92,28]],[[4696,12216],[-11,-5],[3,-16]],[[4685,12189],[-5,-4],[-1,-11]],[[4689,12164],[27,-9],[29,50]],[[6099,11005],[9,64],[-104,-45],[20,-134],[50,92],[30,-100],[1,123]],[[6915,10760],[8,126],[-75,-66],[57,-63]],[[8042,11630],[-2,-1],[3,-6]],[[8082,11594],[25,61]],[[8081,11654],[-23,-12]],[[9641,11525],[5,125],[-155,-101],[141,-25]],[[10102,11407],[89,-18],[99,246],[-187,-220]],[[10404,11316],[-93,-92],[160,-144],[61,59],[-130,48],[118,61],[68,103],[-98,-93],[-76,62]],[[10216,10929],[-57,22]],[[10157,10955],[-21,-27],[192,-56]],[[10330,10864],[0,-9]],[[10325,10845],[-19,-29],[35,23],[38,51],[29,-82],[63,90],[-120,26],[30,88],[-111,-11],[86,68],[-160,19],[27,-158]],[[10676,10797],[91,70],[-9,-150],[49,219],[-59,-26],[-78,-115]],[[10049,10684],[309,-2],[32,93],[-222,23],[-124,-105]],[[10186,10433],[98,15],[-135,31],[118,105],[-167,-107],[79,-41]],[[9758,10109],[-7,-96],[117,92],[-75,17]],[[8496,10396],[-5,-1],[-3,-4]],[[8440,10394],[20,188],[-77,30],[7,-105]],[[8390,10487],[-102,-67],[129,-21]],[[8421,10401],[8,-1]],[[8482,10379],[113,-60],[-92,80]],[[8268,10736],[5,-12],[-34,-26]],[[8247,10689],[47,-5]],[[8300,10682],[89,81]],[[8397,10765],[-34,38],[-119,-7],[13,-59]],[[8715,10817],[9,-75],[-216,151],[180,-292],[35,101],[129,16],[-130,123],[-9,-19]],[[8917,10849],[-83,8],[-86,250]],[[8751,11115],[-24,71],[-60,-98]],[[8664,11045],[-26,-64]],[[8629,10975],[-33,-1]],[[8589,10970],[-3,-18]],[[8593,10936],[98,-62]],[[8751,10843],[118,-66],[54,60]],[[8890,11147],[2,-21],[8,1]],[[8919,11131],[133,132]],[[9049,11269],[-6,8],[-3,5]],[[9038,11284],[-24,9],[-38,-9],[-3,-14]],[[8977,11261],[-74,-55]],[[8616,11491],[39,-24]],[[8657,11459],[23,-7],[-12,33],[34,52],[-41,12]],[[8656,11548],[25,115],[-123,-63],[62,-105]],[[9200,10990],[-15,218],[-88,-175],[99,-45]],[[9966,11366],[-23,38],[-11,-50]],[[9942,11330],[10,-26]],[[9958,11292],[73,-12],[-55,80]],[[7287,11349],[83,-1],[-64,39]],[[8655,9631],[-45,122]],[[8597,9770],[90,49]],[[8709,9779],[-74,145],[1,-86],[-171,-31],[61,-41],[-106,-93],[217,-46]],[[9199,9454],[195,-147]],[[9397,9311],[40,99],[-246,56],[-56,-38],[54,28]],[[10372,9184],[-40,-68]],[[10333,9107],[111,0],[-42,63]],[[10399,9181],[-23,16]],[[9508,10242],[67,121],[-146,-117],[58,-32]],[[2878,13359],[96,81],[-84,52],[-268,-99],[-20,-100],[55,89],[218,-21]],[[1886,12895],[242,91],[-32,193],[-136,-31]],[[1948,13153],[-104,3],[31,-191],[-155,63],[36,-81],[-132,-54],[71,-176],[-101,-185],[37,148],[-164,-11],[96,-41],[7,-155],[156,213],[39,-124],[66,72],[12,263],[-82,-149],[-58,147],[177,7]],[[1998,12619],[112,-22],[47,127]],[[2155,12728],[-67,91],[-55,-111],[68,-28],[-103,-61]],[[3935,8832],[-21,90],[-85,-103],[92,12]],[[10428,8635],[237,-68],[-42,82]],[[10612,8645],[-172,39],[-19,-48]],[[12525,5377],[-41,-30]],[[12484,5347],[9,68]],[[12493,5415],[32,-38]],[[13404,7803],[-31,-14],[-17,-20]],[[13356,7769],[4,29],[44,5]],[[13849,8707],[38,-51],[-22,-73]],[[13865,8583],[-61,59],[45,65]],[[13197,8957],[20,-146],[-115,84],[95,62]],[[10877,7426],[58,64],[-101,-44],[43,-20]],[[5265,14249],[43,-44],[-319,-124],[-2,120],[168,98]],[[5155,14299],[50,-28]],[[5205,14271],[60,-22]],[[5334,14329],[-55,-17],[-7,-7]],[[5272,14305],[21,36],[41,-12]],[[5302,14389],[119,101],[93,-91],[-136,-50]],[[5378,14349],[14,22],[-90,18]],[[5123,14770],[98,-143],[-154,46],[56,97]],[[1861,12635],[137,-16]],[[1998,12619],[-9,181],[-128,-165]],[[5618,14693],[-45,-93],[-268,34],[306,165],[7,-106]],[[4654,14872],[-5,-92],[-121,36],[126,56]],[[5897,14969],[-146,-106],[38,249],[89,39],[19,-182]],[[11479,6747],[9,-37],[0,-10]],[[11488,6700],[-38,25],[29,22]],[[1240,7974],[8,18],[27,14]],[[1275,8006],[46,114],[70,-185],[-102,-55],[-49,94]],[[11844,5800],[48,23],[32,-8]],[[11924,5815],[-3,-50]],[[11921,5765],[-76,12]],[[11845,5777],[-1,23]],[[11935,5988],[-36,0],[-23,-42]],[[11876,5946],[-9,2]],[[11867,5948],[-7,30]],[[11860,5978],[0,7],[3,3]],[[11863,5988],[64,104],[208,7],[-166,-305]],[[11969,5794],[-34,194]],[[12400,6237],[-47,-72],[39,-36]],[[12392,6129],[69,-21],[-49,91]],[[12412,6199],[2,22]],[[12414,6221],[80,70],[-94,-54]],[[12217,6630],[-83,2],[-4,-202],[110,46],[21,-86],[125,11],[-26,81],[-87,-55],[58,185],[-109,-95],[-5,113]],[[12463,6592],[-87,38],[-11,-120],[100,58]],[[12465,6568],[64,-60],[-77,-32],[23,-143],[110,-96],[-72,159],[53,182],[-103,14]],[[9364,6543],[25,-49],[-59,22]],[[9330,6516],[-1,14],[35,13]],[[9794,6615],[4,46]],[[9798,6661],[38,-2]],[[9836,6659],[10,-60]],[[9846,6599],[-52,16]],[[9812,6549],[136,-35],[-98,6]],[[9850,6520],[-9,11],[-29,18]],[[9847,6766],[-45,-74]],[[9802,6692],[-74,28],[63,123]],[[9791,6843],[45,-4]],[[9836,6839],[39,-25]],[[9875,6814],[2,-19]],[[9877,6795],[-30,-29]],[[10493,6458],[52,-14]],[[10545,6444],[-34,-23]],[[10511,6421],[-31,5]],[[10480,6426],[13,32]],[[10564,6756],[-131,-5]],[[10433,6751],[-10,85],[88,-55],[92,125]],[[10603,6906],[0,-73]],[[10603,6833],[-39,-77]],[[10558,6704],[6,16]],[[10564,6720],[115,51]],[[10679,6771],[-35,-80]],[[10644,6691],[-58,-56],[-28,69]],[[12474,6802],[-88,8],[-115,-113],[178,-19],[25,124]],[[9716,6968],[87,-48],[-23,-24]],[[9780,6896],[-102,19],[38,53]],[[9349,6982],[44,27]],[[9393,7009],[81,80]],[[9474,7089],[-122,38],[46,-34]],[[9398,7093],[-3,-21]],[[9395,7072],[-63,-83]],[[9332,6989],[-50,-34],[105,-32],[-38,59]],[[10722,7032],[99,-7],[-162,103],[31,-86]],[[10690,7042],[-65,-26],[97,16]],[[10745,6660],[-19,-27],[-27,-3]],[[10699,6630],[-15,48],[61,-18]],[[10689,6858],[25,-56]],[[10714,6802],[-70,25]],[[10644,6827],[30,27]],[[10674,6854],[10,-3],[5,7]],[[11003,6246],[86,-28],[-99,-55]],[[10990,6163],[-22,19],[35,64]],[[11003,5630],[-15,-51],[-34,61]],[[10954,5640],[17,15],[32,-25]],[[10561,6095],[-43,31],[57,17]],[[10575,6143],[10,-38],[-24,-10]],[[10151,7100],[9,-57],[-2,-37]],[[10158,7006],[-27,42],[20,52]],[[10278,7104],[-5,27]],[[10273,7131],[66,-1]],[[10339,7130],[-5,-34]],[[10334,7096],[-56,8]],[[8999,7266],[154,-15],[-144,71]],[[9009,7322],[107,51],[-111,-45]],[[9005,7328],[-16,-18]],[[8989,7310],[-106,-24],[116,-20]],[[5811,7355],[-73,-328],[62,61],[217,156],[-99,-42],[-107,153]],[[12364,7178],[-30,33],[18,29]],[[12352,7240],[49,25],[-37,-87]],[[9670,7286],[8,30],[29,0]],[[9707,7316],[-4,-61],[-33,31]],[[5564,7508],[-61,2],[-50,-172],[111,170]],[[9431,7523],[-23,4]],[[9408,7527],[53,78]],[[9461,7605],[61,-54]],[[9522,7551],[-24,-5],[-7,-21]],[[9491,7525],[-27,-4]],[[9464,7521],[-33,2]],[[9721,7589],[15,7],[56,7]],[[9792,7603],[-12,-70],[-59,56]],[[5276,7746],[-50,83],[-64,-151],[114,68]],[[4696,7941],[-170,18],[52,-90],[118,72]],[[9193,7825],[45,62],[9,-6]],[[9247,7881],[7,-72],[-61,16]],[[8769,8071],[-69,-16],[32,-131],[37,147]],[[4395,8057],[-50,16],[-37,-75],[-36,-84],[88,66]],[[4360,7980],[89,118],[-54,-41]],[[9217,8161],[34,-8],[-24,55]],[[9227,8208],[43,133],[-111,69],[-266,-247],[174,-114],[-87,108],[108,-39],[-12,147],[-70,-64],[86,110],[125,-150]],[[1998,8276],[-72,34],[48,-176],[24,142]],[[8009,8318],[-20,-162],[100,110],[-32,113]],[[8057,8379],[50,123],[-310,-231],[212,47]],[[9510,8393],[70,150],[-139,-6],[0,-69]],[[9441,8468],[0,-63],[69,-12]],[[11152,8559],[-81,31],[14,-96]],[[11085,8494],[52,6],[15,59]],[[1882,8685],[48,-89],[-91,-37],[23,143]],[[1862,8702],[5,-8],[15,-9]],[[2402,9454],[-60,-129],[92,20]],[[2434,9345],[42,78],[-74,31]],[[1843,10419],[-186,105],[-174,-127],[247,-26],[113,48]],[[6445,6275],[-4,201],[-27,-3],[-69,-9],[96,-93],[-85,-111],[89,15]],[[10142,6938],[-80,15],[-25,-129],[105,114]],[[7161,7265],[88,-20],[-116,-78],[28,98]],[[7204,7181],[127,-36],[-129,-63],[2,99]],[[8658,7326],[-26,66],[-42,145],[36,-236],[-6,-78],[38,103]],[[6253,7577],[23,-79],[-94,-20],[141,-42],[-70,141]],[[8827,7622],[-102,-63],[-4,-94],[254,-71],[-164,-20],[175,-6],[-13,82],[-15,102],[-146,-42],[15,112]],[[5662,7833],[-89,-37],[112,-145],[78,65],[121,-83],[-117,102],[-133,-12],[-6,82],[109,-26],[-75,54]],[[8954,7892],[-62,-29],[88,-104],[-26,133]],[[8904,7916],[-192,-106],[130,-16],[62,122]],[[7644,7998],[-110,-76],[82,-92],[28,168]],[[9458,7825],[99,8],[-5,-105],[-66,-18],[32,68],[-141,15],[81,32]],[[8872,8100],[7,116],[-176,7],[27,-124],[142,1]],[[6496,8279],[139,-104],[194,-46],[-333,150]],[[11421,8240],[-85,2],[-64,-192],[122,-143],[221,218],[-204,-57],[94,84],[-127,-13],[43,101]],[[4881,8313],[-109,51],[-67,-173],[176,122]],[[4725,8373],[189,43],[-231,-21],[-33,-138],[75,116]],[[8822,8427],[-172,-88],[231,-106],[60,61],[-64,75],[-20,-106],[-35,164]],[[11648,8460],[-168,33],[89,-119],[-109,6],[149,-67],[39,147]],[[7967,8555],[-153,-11],[125,-67],[28,78]],[[6508,8448],[-173,136],[189,-249],[-16,113]],[[6256,8633],[-87,-36],[67,-163],[83,76],[-67,-9],[4,132]],[[8691,8694],[-153,69],[-19,-95],[172,26]],[[5805,8842],[-114,43],[-55,-92],[169,49]],[[8920,8895],[-89,59],[-75,-107],[164,48]],[[6830,8970],[-24,-70],[127,-26],[-103,96]],[[4979,8945],[-147,28],[29,-123],[118,95]],[[12183,8939],[-154,46],[-38,-70],[192,24]],[[12164,9072],[-221,-51],[196,-32],[25,83]],[[4660,9174],[-47,94],[-35,-136],[82,42]],[[12342,9296],[-207,36],[38,-91],[169,55]],[[5428,9357],[-98,41],[-69,-110],[167,69]],[[4659,9456],[-74,38],[-56,-52],[72,-95],[58,109]],[[8068,9519],[-128,-77],[27,-56],[101,133]],[[6756,9538],[-131,-6],[99,-90],[32,96]],[[8509,9541],[-26,-128],[-201,-56],[203,22],[82,-105],[91,-162],[-34,-269],[52,364],[94,-58],[-38,-75],[185,36],[-408,431]],[[9802,9534],[-179,-110],[-21,-137],[200,247]],[[8406,9474],[-16,77],[-26,58],[-204,-93],[76,-117],[170,75]],[[8614,9586],[-157,27],[127,-82],[30,55]],[[4743,9661],[-182,-76],[36,-57],[146,133]],[[8814,9645],[0,73],[-140,-73],[140,0]],[[4509,9683],[-114,44],[-70,-120],[102,-2],[82,78]],[[5252,9763],[-252,-178],[211,91],[42,55],[-106,-56],[105,88]],[[4679,9780],[-277,-9],[102,-58],[175,67]],[[8972,9705],[-54,77],[-69,-116],[123,39]],[[6008,9672],[-9,138],[-55,-178],[64,40]],[[5169,9736],[112,107],[-319,-182],[207,75]],[[8190,9892],[-65,-73],[140,-6],[-75,79]],[[4188,9879],[-169,4],[-7,-77],[176,73]],[[10460,9970],[-255,-36],[92,-15],[-50,-76],[97,72],[102,15],[-95,-40],[96,-124],[123,98],[-133,-13],[23,119]],[[10820,9960],[-88,9],[-27,-74],[104,-53],[11,118]],[[7060,10083],[10,-92],[105,-21],[-115,113]],[[10874,10063],[-185,52],[-30,-111],[215,59]],[[10659,10098],[-28,98],[-26,-145],[-111,31],[84,-91],[81,107]],[[6275,10214],[-110,17],[-120,-136],[230,119]],[[4457,10148],[-74,107],[67,93],[-130,-96],[68,-121],[69,17]],[[5619,10306],[4,103],[-128,-122],[124,19]],[[10426,10386],[24,-122],[129,15],[21,62],[-97,-49],[-77,94]],[[9922,10407],[-178,-57],[16,-143],[94,139],[29,-122],[71,109],[99,-73],[-131,147]],[[10706,10270],[-67,10],[84,117],[-107,-69],[15,-104],[75,46]],[[5380,10484],[-93,20],[-70,-109],[163,89]],[[6316,10543],[-34,92],[-60,-140],[94,48]],[[6189,10664],[-163,-88],[132,-47],[31,135]],[[5570,10422],[-143,238],[-82,-101],[88,-57],[-133,-172],[50,-49],[220,141]],[[9199,10433],[-17,224],[-88,-248],[105,24]],[[5378,10691],[-185,-116],[34,-48],[151,164]],[[10488,10568],[132,24],[-140,85],[-100,-267],[108,158]],[[9511,10761],[-101,-32],[73,-104],[28,136]],[[6960,10501],[-124,34],[64,20],[177,-7],[-160,-143],[43,96]],[[9967,10789],[105,37],[-59,100],[-116,-276],[60,107],[100,-13],[-90,45]],[[5587,10993],[-161,-51],[56,-40],[105,91]],[[6848,11168],[-74,75],[-26,-120],[100,45]],[[9427,10954],[-122,-90],[8,112],[130,46],[-16,-68]],[[8955,10601],[66,-93],[-99,-23],[33,116]],[[4510,11276],[-46,-75],[-5,-101],[164,93],[-97,-31],[-16,114]],[[5050,11115],[-24,231],[-97,-286],[121,55]],[[4868,11422],[-64,-71],[124,-36],[-60,107]],[[6431,11345],[-30,100],[-73,-161],[103,61]],[[9636,11459],[-110,-6],[-78,-161],[105,8],[-8,94],[45,-89],[-170,-42],[73,-149],[64,128],[-17,-132],[162,319],[-72,-51],[6,81]],[[10750,11307],[-46,139],[-89,-148],[135,9]],[[5586,11510],[-80,35],[-77,-128],[108,-29],[49,122]],[[4553,11621],[-86,-123],[62,-38],[24,161]],[[5329,11474],[134,166],[-315,-173],[172,-55],[9,62]],[[6008,11655],[-17,89],[-154,1],[24,-110],[147,20]],[[3119,11948],[-157,-113],[69,-19],[88,132]],[[5263,12067],[-100,76],[89,72],[-405,-195],[166,-44],[-198,-122],[173,7],[19,-90],[-308,73],[79,123],[-106,6],[-71,-182],[122,-15],[114,-80],[-61,-68],[1,109],[-171,-12],[100,-26],[-89,-47],[107,-72],[233,179],[-46,-143],[283,120],[-127,-3],[151,128],[45,206]],[[5107,12230],[-75,43],[-81,-90],[156,47]],[[3460,12299],[-199,-50],[80,-145],[119,195]],[[6329,11111],[55,17],[82,-164],[-137,147]],[[3533,12526],[-256,-96],[91,-37],[165,133]],[[4430,12894],[-433,120],[155,-182],[103,-47],[175,109]],[[2472,13214],[-98,41],[-67,-83],[130,-35],[35,77]],[[2553,13382],[-63,-71],[87,-55],[-24,126]],[[7880,544],[-88,-73],[83,-34]],[[8066,406],[-83,-77],[86,1]],[[8070,331],[113,46]],[[8387,357],[0,-57],[10,-19]],[[8528,140],[-105,56]],[[8404,178],[-23,-26]],[[8286,227],[-24,23]],[[8222,278],[-86,-30]],[[8136,248],[-11,-15]],[[8134,98],[96,33]],[[8248,41],[-46,-14]],[[8202,27],[-327,6]],[[7875,33],[93,118],[-85,-12],[-85,263],[-189,-362]],[[7609,40],[-94,2]],[[7558,114],[33,43]],[[10235,7],[-110,0]],[[10085,75],[-5,35]],[[6700,539],[10,3],[6,-3]],[[7058,41],[-405,3]],[[6524,48],[-166,1]],[[5927,50],[-317,1]],[[5703,945],[20,7]],[[5160,1645],[40,-10],[25,15]],[[5314,1709],[16,0],[3,-6]],[[5405,1620],[13,-3],[25,10]],[[11595,102],[-73,83],[19,-82]],[[11568,840],[41,-33],[-23,-102],[-17,-488]],[[11597,157],[175,17],[12,-124]],[[9818,269],[-15,2],[-3,2]],[[9320,9],[-88,-1]],[[9120,11],[-161,3]],[[8914,268],[177,4],[-11,36]],[[9874,340],[-56,11]],[[12075,152],[21,-138]],[[12096,14],[-20,41]],[[12012,704],[-93,-180],[54,-146]],[[11836,107],[-10,7]],[[11874,156],[19,41],[-27,6]],[[11761,325],[28,165],[-5,38]],[[11611,642],[84,298]],[[11695,939],[10,-77],[8,80],[-27,53]],[[11694,1039],[18,2]],[[11919,1065],[153,-338]],[[11996,458],[33,47],[32,-113]],[[12141,703],[-17,-39]],[[12084,710],[57,-7]],[[4148,2239],[10,35]],[[1264,8066],[11,-60]],[[1240,7974],[-120,-186]],[[975,7792],[-210,-34]],[[301,8162],[-2,3]],[[778,8840],[41,89]],[[616,7556],[14,-8],[18,-5]],[[5755,5007],[48,-27]],[[5715,4917],[-25,-13]],[[6228,4719],[17,-27],[5,-15]],[[10277,5225],[22,25],[-22,2]],[[10084,5483],[9,-15],[40,30]],[[10357,5620],[84,6]],[[10441,5626],[-71,-25]],[[10670,4149],[-12,-90]],[[10409,3977],[-100,-47]],[[10248,4007],[78,49]],[[10333,4066],[1,1]],[[10485,4171],[-26,148]],[[10530,4309],[163,35]],[[10693,4344],[12,-98]],[[11128,4497],[-24,-60]],[[11104,4437],[-6,-3]],[[11092,4605],[25,50]],[[11117,4655],[53,-47]],[[8883,1599],[1,7]],[[9238,1786],[-8,-41]],[[9162,1529],[3,-20],[-5,-34]],[[9893,1149],[6,-7],[7,-1]],[[10106,1170],[-45,90],[102,5]],[[10398,1407],[-6,-55]],[[10973,1590],[-21,-41],[-8,-7]],[[11067,1159],[-50,-20]],[[11636,1269],[-5,-17]],[[11631,1252],[-27,-61]],[[11632,1097],[1,-8]],[[11661,1005],[-3,-2]],[[11665,937],[-11,-35],[-10,-7]],[[10832,6],[-136,-1]],[[10696,5],[30,25]],[[10647,7],[-105,-1]],[[10664,147],[44,-26]],[[10675,30],[-28,-23]],[[7329,41],[-199,-1]],[[5707,1065],[-17,7],[-11,108]],[[5336,836],[129,68],[-108,-91],[3,-157]],[[5193,533],[-21,34]],[[5153,1044],[20,26]],[[5235,1150],[-5,-14],[-7,-27]],[[5232,1010],[18,-26],[1,-5]],[[5127,2131],[28,8]],[[5212,2192],[48,49]],[[5350,2260],[4,-5]],[[5689,2340],[50,-3]],[[6920,2288],[64,15]],[[7010,2299],[0,-16]],[[6950,2203],[-28,-3],[-44,-26]],[[6820,2208],[11,76]],[[6908,2312],[1,0],[1,-1]],[[6911,2309],[4,-3]],[[6735,2207],[-406,92]],[[6313,2312],[-8,20]],[[6762,2258],[-10,-17]],[[6752,2241],[-12,-22]],[[5479,4291],[9,-80],[-41,65]],[[4977,2957],[-19,-55],[-30,-14]],[[4868,2568],[-8,-6],[-11,-6]],[[4818,2521],[-14,-51],[28,-20]],[[4706,2104],[1,-11],[-2,-6]],[[4662,1929],[-11,-7]],[[4214,1713],[-70,8]],[[4106,1856],[10,6],[3,5]],[[4124,1885],[-8,44],[2,39]],[[4138,2035],[11,-1]],[[3996,4208],[-104,125],[81,98]],[[3902,4522],[2,4]],[[3941,4480],[-49,-18]],[[3896,4740],[-165,126],[27,39]],[[3732,5087],[3,77]],[[3674,5098],[-165,-131],[-222,122]],[[3240,5112],[-30,65]],[[3369,5354],[27,-56]],[[3457,5498],[-2,17],[7,19]],[[2670,5587],[-34,4]],[[2635,5593],[-39,29]],[[2666,5637],[-3,-30]],[[2574,6386],[3,39],[-51,-7]],[[2774,6897],[-66,54]],[[2359,6193],[-12,22]],[[2529,6977],[4,-36],[-16,-16]],[[2071,6662],[-25,121],[19,54]],[[2200,7083],[36,12],[10,-26]],[[2426,7201],[-13,-21]],[[2464,7125],[19,6]],[[2290,7111],[-3,46]],[[2689,7774],[20,12]],[[7121,2628],[-19,32]],[[7104,2713],[46,-49],[3,-31]],[[6962,2761],[48,-82],[55,-39]],[[339,8681],[2,2]],[[328,8747],[2,35]],[[2103,7379],[-4,16]],[[11677,520],[-35,17],[21,-87]],[[11610,217],[-24,373]],[[11773,492],[4,-67],[-24,-93]],[[10343,538],[-90,-60]],[[10287,764],[-104,12],[-55,-30]],[[11156,1388],[-44,19],[47,15]],[[8356,1685],[1,-5]],[[9078,2840],[-6,-3],[-7,-2]],[[8646,2611],[-34,-20],[55,-2]],[[8788,2493],[-35,-57],[105,15]],[[8926,2398],[2,-26],[-27,-50]],[[8630,2246],[-10,-18]],[[8683,2079],[-8,-17]],[[8532,2182],[8,12]],[[8519,2217],[-8,2]],[[7988,2293],[9,-6],[10,-5]],[[8709,2932],[-2,-7]],[[5413,2373],[96,-6]],[[5509,2367],[-91,-19]],[[5271,2249],[50,19]],[[7388,2889],[8,14]],[[7517,3189],[-10,22]],[[7673,3225],[-63,-31],[-74,-3]],[[6970,3329],[19,-55],[-7,-21]],[[5818,2337],[8,4]],[[5814,2383],[-4,22],[42,9]],[[6732,3475],[64,-20],[41,-35]],[[9144,3368],[-61,-71]],[[9011,3398],[1,-6],[2,-15]],[[9237,3536],[57,-5]],[[9529,3976],[5,-143],[29,72]],[[9616,3910],[6,-17]],[[9620,3847],[-75,-42],[54,-45]],[[9461,4358],[30,26]],[[9748,4368],[-11,-40],[-1,-11]],[[8503,4767],[-2,12],[-1,12]],[[10329,4117],[58,69],[77,-67]],[[8526,5056],[-2,15]],[[11548,6633],[-60,67]],[[1939,6462],[-100,-56]],[[3241,8775],[20,-17]],[[3193,8715],[55,-36],[-16,77]],[[524,9448],[23,6]],[[10896,595],[-14,14],[-47,12]],[[10820,712],[98,0],[5,-3]],[[9055,528],[-18,20],[-41,41]],[[8881,594],[-204,13]],[[8667,543],[-15,-24]],[[8652,519],[-12,-35]],[[8781,331],[11,-14],[10,-5]],[[8591,778],[129,-8]],[[8885,746],[36,0]],[[8293,988],[-19,30]],[[8336,901],[-4,14]],[[4646,905],[-10,-8]],[[4483,1310],[55,66]],[[4528,1448],[2,28]],[[4617,1569],[21,-1],[28,-3]],[[4938,1175],[-57,-39],[46,-45]],[[7472,2258],[-25,-4],[-25,1]],[[9820,3804],[94,4]],[[9715,3797],[7,2]],[[9183,3757],[-2,-8],[-36,-35]],[[10060,3928],[5,-7],[-13,-13]],[[4510,4066],[19,-11]],[[4529,4055],[6,-13]],[[4406,3979],[-2,6],[0,5]],[[7494,4683],[3,2],[8,27]],[[9474,4712],[9,-38],[26,5]],[[3874,5208],[19,-26],[2,-4]],[[4144,5219],[-1,13],[13,16]],[[4037,7057],[13,17],[3,9]],[[4094,2020],[0,4],[6,7]],[[4107,1982],[0,0],[-3,3]],[[4122,2040],[13,-4]],[[5109,2129],[5,5]],[[5114,2134],[5,-1]],[[5747,2348],[32,4],[7,-8]],[[6827,2304],[0,3]],[[6827,2307],[73,19]],[[6993,2311],[18,2]],[[7011,2313],[-1,-5]],[[3943,4153],[4,-1],[3,-1]],[[3972,4113],[-11,-26],[-35,-21]],[[6326,2300],[-4,2],[-6,4]],[[5378,14349],[-44,-20]],[[5272,14305],[-11,-7]],[[5261,14298],[-56,-27]],[[5155,14299],[147,90]],[[11906,2026],[17,-19],[12,-31]],[[11935,1976],[-59,-3],[30,53]],[[2022,6964],[-17,92],[96,-35]],[[2101,7021],[-41,-37],[-38,-20]],[[7466,43],[-55,1]],[[7365,250],[45,35]],[[7422,297],[3,4]],[[12105,596],[-44,-204]],[[11038,5138],[114,94],[-115,-5]],[[10638,5672],[2,82],[-55,-47]],[[10584,5702],[19,-42]],[[10212,5714],[90,156],[-64,35],[-161,-128],[-4,93],[-163,-78]],[[9811,5917],[82,65],[170,-23],[-103,-71],[170,14],[-59,144]],[[10074,6105],[221,38],[-104,33],[83,89],[-112,-1],[128,166],[128,33],[-51,-117],[113,80]],[[10511,6421],[-11,-74],[156,119],[-27,-112],[90,-14],[77,159],[-97,131]],[[10745,6660],[165,112],[-57,-89],[76,-38],[67,155],[-352,-109]],[[10679,6771],[35,31]],[[10689,6858],[-44,70],[29,-74]],[[10644,6827],[-41,6]],[[10603,6906],[-8,22]],[[10744,6895],[5,-41],[65,-9]],[[10880,6975],[26,47],[-17,77]],[[11465,6957],[-18,-93]],[[11557,6632],[-3,-21]],[[11545,6601],[-1,-1],[-7,-9]],[[11515,6551],[-3,-1]],[[11487,6527],[-10,-20]],[[10971,6132],[19,31]],[[11003,6246],[-184,-20],[66,-96]],[[10830,5995],[-67,31],[24,-69]],[[12173,6308],[0,-30],[5,-11]],[[12379,6036],[-7,-36],[21,-36]],[[12454,5847],[43,-32],[31,21]],[[12507,5462],[-14,-47]],[[12484,5347],[-32,-62]],[[12453,5281],[-201,-714],[77,-416]],[[12328,4147],[-114,-431]],[[12214,3716],[-21,-11],[-4,-32]],[[12189,3673],[-348,-1154],[65,-493]],[[11935,1976],[-62,-177]],[[11873,1799],[-34,8]],[[11836,1806],[-96,-21],[48,-19]],[[11789,1766],[13,3]],[[11808,1771],[6,4]],[[11827,1776],[3,0],[13,-3]],[[11848,1766],[-3,-27],[4,-25]],[[11851,1709],[35,-1]],[[11886,1708],[107,-146],[43,-400],[167,-201],[-62,-258]],[[11655,1178],[51,165],[-75,-91]],[[11598,1482],[-10,45],[-42,50],[0,-51]],[[11341,1291],[-42,-25]],[[11134,1185],[3,94]],[[11135,1282],[-149,76],[-86,-99]],[[10876,1301],[212,150],[-20,79],[102,-8]],[[11216,1530],[119,65],[-94,146],[142,-60],[-129,113]],[[11243,1833],[128,15],[-24,82],[-123,-59],[28,132],[-160,22]],[[11101,2233],[56,228],[-113,-189]],[[10725,2201],[-12,77],[-2,-84]],[[10495,2019],[-16,39],[-19,-11]],[[10390,2074],[-156,-97],[-136,284]],[[10098,2261],[68,47]],[[10218,2367],[64,-36],[-82,-97],[79,-57],[-44,-86],[133,185],[-71,182],[184,-284],[-200,399],[56,84],[-78,62],[45,168],[-105,-66]],[[10110,2991],[82,30],[-65,-6]],[[10112,3182],[122,256],[-118,181],[35,154]],[[10515,3617],[40,-133],[-32,116]],[[10559,3586],[31,-224],[126,-83],[86,-312],[105,-33],[-251,664],[-33,-99],[-57,108]],[[11032,3829],[44,25],[11,23]],[[11095,3923],[45,35],[-41,3]],[[11115,4020],[50,9]],[[11219,4017],[1,-51]],[[11242,3844],[28,-14],[54,35],[-78,-22]],[[11262,3965],[4,49]],[[11234,4184],[-167,-3],[135,-64]],[[11164,4040],[-30,32]],[[11020,4343],[113,-95],[0,111],[342,-5],[32,124]],[[11495,4479],[-306,98]],[[11117,4655],[-20,121]],[[11169,4777],[-30,-28],[59,21]],[[11273,4820],[58,73],[122,-38],[-185,62]],[[4201,2351],[29,34]],[[12156,7026],[-46,46]],[[12113,7102],[46,7]],[[12007,6736],[-95,0]],[[11991,6856],[70,112]],[[12093,6955],[66,44]],[[11998,6563],[-68,76]],[[11934,6653],[59,50],[80,-75]],[[12418,7305],[-33,-7]],[[12179,7120],[108,173]],[[12342,7252],[10,-12]],[[12364,7178],[12,-88]],[[2196,7126],[0,-12]],[[2105,7011],[-4,10]],[[2022,6964],[-3,-103]],[[2013,6820],[-7,-38]],[[1336,6943],[-38,-74]],[[1337,8302],[46,-26]],[[5257,7010],[14,22]],[[5141,7213],[-45,27]],[[5170,7147],[4,-32]],[[5136,6963],[-52,-17]],[[9077,6993],[6,-13],[20,-1]],[[9601,6215],[-17,55],[-73,-5]],[[9487,6270],[-14,9]],[[9407,6279],[-25,-78]],[[9356,6198],[-69,-49]],[[9279,6448],[51,68]],[[9364,6543],[36,49]],[[9583,6600],[215,61]],[[9794,6615],[-311,-171],[367,76]],[[9812,6549],[34,50]],[[9836,6659],[-34,33]],[[9847,6766],[87,-62]],[[9983,6593],[40,-385],[-169,209],[-205,-233]],[[9299,6147],[30,6],[61,2]],[[9468,5505],[-8,1]],[[9386,5470],[-113,14]],[[9317,5711],[23,-70]],[[9329,5593],[48,-44],[120,46]],[[9528,5611],[112,37]],[[9640,5648],[-122,-140]],[[9336,4979],[-16,5],[-20,-14]],[[9300,4970],[-18,12]],[[9256,5008],[78,70],[-190,37]],[[9166,5122],[62,38]],[[9218,5166],[-46,-15]],[[9139,5170],[-58,42],[88,69]],[[9187,5283],[20,-2],[57,57]],[[9412,5316],[-89,-70],[42,-157]],[[9426,5040],[5,-44]],[[9466,5102],[-90,75],[175,-27],[121,155],[-170,-59],[134,114],[-109,-5],[184,54],[191,-38],[-13,-235]],[[9869,5115],[-165,-7]],[[9647,5104],[-144,-121]],[[9493,4987],[-67,53]],[[9918,5524],[32,20]],[[10520,4451],[-56,-96]],[[10259,4148],[-75,92],[3,61]],[[10088,4401],[4,5],[14,19]],[[10204,4486],[-34,-110],[150,-123],[-63,206]],[[10513,4637],[-57,-172],[72,105]],[[10438,3926],[-37,-12],[61,-29]],[[10693,4344],[-3,32]],[[10048,3773],[-42,-18]],[[10023,3728],[-37,4]],[[9888,2487],[-17,-52],[73,5]],[[9967,2445],[76,-45],[-45,108]],[[10141,2503],[61,-101]],[[10145,2311],[-38,59],[-18,-111]],[[10112,2173],[111,-262],[117,55]],[[10381,1907],[9,-10]],[[10372,1846],[-13,-59]],[[10342,1812],[-55,96],[-137,-56],[19,-74],[-154,-8],[182,-102],[54,134],[92,-22]],[[10362,1771],[-64,-122]],[[10250,1612],[-111,26]],[[10135,1630],[-3,-8]],[[10130,1617],[11,-47],[23,50]],[[10187,1580],[23,-32]],[[10187,1466],[-157,-102],[-192,27]],[[9788,1380],[-22,36],[-89,19]],[[9548,2038],[-8,61]],[[9540,2109],[1,247],[121,151]],[[9674,2499],[44,70],[47,-92],[-26,145]],[[9599,2854],[20,61],[-75,56]],[[9638,3149],[-38,-88],[80,-52],[-74,-37],[145,-106],[-64,-98]],[[9433,2424],[-14,141]],[[9666,2687],[-87,-183],[-142,-76]],[[8705,1622],[35,-34]],[[8749,1575],[-6,-4]],[[10199,1325],[-40,36],[45,20]],[[11215,1916],[-49,-55]],[[11075,1865],[-14,73],[-26,0]],[[11004,1965],[217,-40]],[[11174,1643],[83,23],[-3,-104],[-168,-6],[55,99],[-80,-24]],[[11053,1609],[-7,-86],[-66,-24]],[[11087,1084],[38,84]],[[11333,1186],[-2,18]],[[11393,1231],[-3,-22],[-28,-21]],[[10391,257],[2,56]],[[4874,623],[-7,2],[-29,13]],[[6332,2255],[7,-4]],[[6652,2206],[15,0]],[[5933,4124],[22,-20],[20,-25]],[[5939,3896],[-56,-62],[127,-1]],[[6193,3679],[193,-259]],[[6385,3415],[-66,3],[-57,30],[84,-75]],[[6431,3305],[39,8]],[[6612,3136],[-4,-48]],[[6123,2614],[15,-204],[-91,-31]],[[6034,2533],[18,109]],[[6012,2620],[-123,12],[138,-122]],[[5952,2406],[-24,68],[0,-74]],[[5803,2372],[-173,246],[136,-235],[-207,2],[-50,-18]],[[5336,2353],[-141,-131]],[[5185,2206],[-71,-72]],[[5064,2084],[-106,-48]],[[4952,2030],[-22,-22]],[[4802,1940],[26,75],[-132,30]],[[6336,3570],[-82,39],[-44,86]],[[4242,2860],[-98,62]],[[4047,3041],[-62,67]],[[2195,7102],[2,-15]],[[3880,8394],[1,-35]],[[7752,5153],[-67,-32],[9,45]],[[226,8553],[62,52]],[[2363,8270],[-114,-2],[95,-41]],[[2281,8367],[10,-29],[86,-44]],[[2073,8768],[100,-82]],[[2142,8613],[-3,-63]],[[1649,8439],[152,-15],[-42,166]],[[1825,8848],[37,-146]],[[1882,8685],[-50,228]],[[2233,8584],[-57,4],[-22,24]],[[2226,8682],[-58,23],[-14,14]],[[2327,9065],[-16,73]],[[2299,9050],[6,-25],[30,-18]],[[2830,9737],[-8,25]],[[2811,9734],[-21,-98]],[[3116,9587],[-20,-54]],[[3135,9515],[-3,67]],[[3293,9649],[50,18],[-17,28]],[[3315,9684],[-4,-4]],[[3292,9715],[16,8],[14,37]],[[3229,9535],[30,-72]],[[3284,9431],[12,63]],[[3296,9494],[48,13]],[[3498,9054],[42,61]],[[3577,9106],[53,68]],[[3722,9191],[-54,-152]],[[3591,8826],[-7,54]],[[3710,8949],[14,-62]],[[992,10282],[-62,38],[59,-65]],[[480,9851],[-54,98]],[[403,9971],[-9,8]],[[362,10102],[-68,58]],[[294,10160],[14,22]],[[508,10682],[-3,36]],[[794,10841],[4,2],[7,3]],[[2804,11929],[-35,5]],[[2006,10820],[5,12]],[[8502,1789],[39,-8]],[[8442,1976],[-77,68]],[[8273,2131],[19,10]],[[8419,2075],[6,-40]],[[7357,2901],[-55,-1],[6,-48]],[[7132,2868],[-26,4],[-19,-14]],[[6967,3355],[3,13],[-4,10]],[[8011,3395],[77,0]],[[8217,3358],[1,0]],[[7877,3393],[-5,11],[2,13]],[[7899,3422],[106,-25]],[[6462,2217],[8,4]],[[6752,2241],[75,66]],[[7011,2313],[37,-6]],[[6473,3640],[26,18]],[[6704,3613],[-48,-33]],[[9148,3224],[-49,22],[37,17]],[[11295,3586],[25,12],[2,37]],[[9452,4445],[11,4],[5,-10]],[[9335,4835],[-27,15],[-30,10]],[[11223,3963],[14,-8]],[[11225,4552],[29,-164],[-38,135]],[[11167,4447],[-63,-10]],[[8006,4708],[24,-18],[45,9]],[[11744,5184],[58,-31]],[[11685,5226],[4,-72],[54,27]],[[11803,5231],[67,120],[-89,76],[14,170],[-48,-168],[-89,12],[36,-136],[-74,51],[70,-113],[-179,34],[-110,176],[31,65],[75,-66],[-75,131],[-144,-28],[-121,138],[-125,-78],[232,-73],[235,-315]],[[11522,5213],[2,-3]],[[11524,5183],[-150,45],[-14,-163],[134,10],[31,105]],[[11529,5192],[84,-195],[-24,221],[68,17]],[[9575,5789],[8,-2]],[[9645,5673],[-5,-25]],[[9640,5648],[-36,41]],[[7396,6449],[-30,61],[-27,-58]],[[7305,6446],[-14,12]],[[7674,6947],[-34,117]],[[10268,7422],[3,-11]],[[10281,7391],[-25,-135]],[[10110,7286],[0,1]],[[10110,7295],[100,133],[-145,-8]],[[9917,7441],[54,49]],[[10051,7452],[-59,-72]],[[9811,7295],[-77,-27],[1,96]],[[10424,7555],[-1,60]],[[10452,7626],[17,-23]],[[10672,7535],[79,-80]],[[10750,7266],[-108,-59],[138,33]],[[10824,7185],[-25,-4],[-5,-43]],[[10626,7197],[84,121],[-111,40],[8,89]],[[10478,7593],[84,0]],[[10638,7630],[21,42],[26,8]],[[10431,7410],[-65,-5]],[[9877,7715],[-9,34]],[[10231,8619],[6,-2],[5,-2]],[[10346,8378],[-65,64]],[[3200,8978],[125,25]],[[10696,8981],[36,-5]],[[861,9455],[-55,-25]],[[1326,9524],[-89,45]],[[1439,9056],[-46,17]],[[1336,9107],[54,138]],[[1369,9259],[-13,-26],[-53,6]],[[1373,8300],[-25,13]],[[444,9444],[0,8]],[[569,9616],[4,15]],[[578,9747],[-15,40]],[[554,9799],[-29,12]],[[2606,11700],[-69,21],[-14,87]],[[9961,5785],[61,-33],[-87,6]],[[9835,5733],[-4,1],[-28,-15]],[[9874,6238],[106,-98]],[[5295,6818],[4,104]],[[1510,10632],[30,36]],[[1661,10677],[10,3]],[[9876,7869],[-21,-8]],[[9768,7999],[18,-2]],[[4534,7694],[18,16],[-14,8]],[[6817,6570],[-34,28]],[[8690,575],[25,-11]],[[8710,506],[-58,13]],[[8394,21],[-192,6]],[[8299,60],[28,6]],[[8367,49],[27,-28]],[[8154,138],[67,33]],[[8201,249],[-65,-1]],[[9915,3824],[3,-7],[1,-3]],[[4529,4055],[25,38]],[[9650,2085],[59,28]],[[9724,2092],[50,-53],[78,174],[-77,-35]],[[9722,2143],[-37,143],[3,-102]],[[11003,3195],[-2,50],[-55,121],[-91,-6],[114,-113]],[[10241,6979],[-83,27]],[[10151,7100],[122,31]],[[10278,7104],[-27,-18]],[[10323,7071],[11,25]],[[10339,7130],[11,50]],[[10378,7150],[-9,-26],[46,-38]],[[6570,2220],[33,-11]],[[8228,3345],[-9,-30],[-2,-4]],[[8209,3292],[-1,-2],[-1,-18]],[[11513,5222],[4,-3]],[[11667,5233],[17,-1],[0,-2]],[[11037,5202],[67,0],[-67,-50]],[[9877,5517],[-80,-8]],[[9751,5557],[139,-43]],[[9918,5507],[-1,5]],[[9589,5785],[51,-20],[7,-86]],[[7773,6678],[-28,91]],[[7827,6713],[3,-5]],[[2018,6847],[-1,-5],[-1,-5]],[[10517,7685],[58,-62],[-88,23]],[[12370,9469],[-20,23],[-13,-15]],[[12322,9557],[4,4]],[[12375,9570],[15,-10]],[[456,9490],[41,32],[5,22]],[[506,9551],[3,6],[3,3]],[[12024,9825],[-10,17],[-49,38]],[[11971,9884],[22,10],[22,2]],[[12096,9904],[-12,-23]],[[3986,8715],[-31,53]],[[4004,8701],[-12,10]],[[379,10004],[-1,3],[2,18]],[[382,10040],[0,3]],[[10771,7912],[4,2]],[[10778,7916],[4,4]],[[10792,7925],[117,15]],[[10966,7912],[9,-11],[51,7]],[[11152,8762],[-3,7]],[[14059,9179],[-19,-58]],[[14040,9121],[-29,-50],[29,-62]],[[14040,9009],[-23,-2]],[[14017,9007],[-133,141]],[[14017,9189],[3,-26]],[[13694,8418],[-15,-48]],[[14108,9544],[21,101]],[[10893,7985],[-132,-19]],[[10768,8069],[55,-28],[26,52]],[[10949,8121],[-4,62],[-53,-36]],[[10910,8268],[79,-10]],[[10993,8263],[-112,62]],[[10957,8364],[140,-64]],[[804,10395],[36,25],[-35,-14]],[[9824,7772],[-44,-83],[-28,60]],[[9730,7814],[-42,11]],[[9702,7371],[5,-55]],[[9670,7286],[-31,-32]],[[9529,7215],[-75,-1]],[[9409,7323],[-8,17],[-78,12]],[[9308,7441],[94,-60]],[[10647,2591],[-25,-15]],[[10618,2579],[-108,39],[27,-99],[219,84],[-68,75],[-38,-75]],[[10539,7185],[11,24]],[[10556,7217],[51,-28]],[[9300,7805],[-53,76]],[[9193,7825],[-3,-4]],[[9343,7863],[-37,-56]],[[9507,8421],[-66,47]],[[9510,8393],[2,12]],[[3569,9110],[1,-2]],[[597,10240],[-13,72],[-70,-59],[50,-148],[31,122]],[[3758,8691],[-121,59]],[[3726,8767],[61,142]],[[3810,8675],[-52,-17]],[[11501,10651],[18,0],[16,4]],[[11587,10678],[11,-67]],[[10692,7905],[34,90]],[[10738,7960],[-20,-36]],[[9593,7688],[5,9]],[[9623,7783],[102,3],[-15,-58]],[[9715,7623],[46,50],[31,-70]],[[9721,7589],[-5,3]],[[9407,7472],[1,55]],[[9431,7523],[51,-66]],[[9491,7525],[61,3],[-30,23]],[[9461,7605],[-5,3]],[[9494,7460],[-30,61]],[[9431,7180],[100,17]],[[9610,7082],[-38,-53]],[[9523,7018],[30,-76],[-72,-24]],[[9513,6869],[18,19],[41,1]],[[9689,6768],[-5,-95],[-95,35]],[[9989,6018],[-12,-25],[-94,37]],[[7328,6693],[-91,5]],[[7175,6777],[-27,24]],[[7358,6758],[75,2],[17,-47]],[[10292,7298],[193,47],[-140,-63]],[[12902,6831],[-21,-41],[-5,-17]],[[12774,6239],[-3,-18],[-42,-84]],[[12466,7001],[-44,35],[-30,-4]],[[12418,7079],[66,-46]],[[12473,7243],[20,3],[7,35]],[[12338,7463],[91,139]],[[12449,7541],[0,-14]],[[12864,6979],[-43,81],[27,138],[9,-183],[149,181]],[[13865,8932],[-9,-12],[-14,-9]],[[13306,8075],[32,44]],[[13349,8113],[24,-17],[19,-3]],[[13379,8050],[-37,-9]],[[13343,8165],[-75,26]],[[13336,8271],[17,-22]],[[13358,7834],[-20,-26],[-42,32]],[[13275,7841],[-31,-25],[-45,36]],[[13055,8030],[21,58]],[[13076,8088],[33,3],[-5,50]],[[13104,8141],[9,22]],[[13183,8083],[-2,-8]],[[13527,8278],[-12,-9],[-20,-2]],[[13221,8376],[128,172]],[[13482,8512],[-42,39],[-18,-1]],[[13368,8561],[11,51]],[[13439,8645],[1,-4],[1,-9]],[[13482,8840],[17,4],[35,-14]],[[13562,8758],[8,-32],[26,-9]],[[13589,8814],[-8,50],[13,22]],[[13707,8949],[-9,72],[24,68]],[[13733,9111],[15,36],[51,-20]],[[13828,9238],[22,40],[21,-33]],[[14363,9514],[-34,-25]],[[14329,9489],[-11,-3]],[[14169,9458],[-43,-55],[9,70]],[[11965,8204],[-30,26],[-26,-4]],[[11765,8034],[76,7],[38,-9]],[[11888,8024],[-58,-56]],[[11198,7518],[21,-84],[-43,76]],[[10477,6896],[-225,-78]],[[10355,6927],[50,-26],[15,73]],[[10576,7049],[-27,-34],[42,2]],[[10106,6644],[-80,-106],[-28,59]],[[9938,6763],[-61,32]],[[9875,6814],[52,29]],[[9791,6843],[-11,53]],[[9716,6968],[77,38]],[[9880,6969],[-44,-130]],[[9643,7244],[114,-48],[47,49]],[[10766,7483],[-53,53],[73,-49]],[[10757,7711],[-114,-14],[-37,129]],[[10623,7863],[30,24],[36,-30]],[[11768,9491],[-137,-73],[13,83]],[[2408,10947],[-2,-44],[23,-2]],[[2724,11911],[57,-47],[-29,-27]],[[9045,7614],[16,2]],[[9065,7569],[-17,-45],[-3,37]],[[11844,5800],[25,62],[55,-47]],[[11921,5765],[48,29]],[[11863,5988],[-88,30],[85,-40]],[[11867,5948],[-162,-194],[-214,95],[154,-112],[-105,-60],[87,-103],[98,38],[-60,109],[180,56]],[[11935,5988],[-8,-98],[-51,56]],[[12400,6237],[14,-16]],[[12412,6199],[-33,-35],[13,-35]],[[12463,6592],[-1,-5],[3,-19]],[[10493,6458],[-60,293]],[[10564,6756],[0,-36]],[[10558,6704],[-69,-124],[148,-79],[-92,-57]],[[9349,6982],[-11,3],[-6,4]],[[9395,7072],[-2,-63]],[[9474,7089],[-59,-2],[-17,6]],[[10722,7032],[-17,9],[-15,1]],[[11003,5630],[94,72],[-104,-16],[-96,-73],[57,27]],[[10561,6095],[-103,-207],[235,160],[-118,95]],[[8999,7266],[-14,25],[4,19]],[[9005,7328],[4,-6]],[[4395,8057],[-26,-14],[-9,-63]],[[9217,8161],[-1,15],[11,32]],[[8009,8318],[33,25],[15,36]],[[11152,8559],[-47,-20],[-20,-45]],[[2402,9454],[31,-80],[1,-29]],[[7875,33],[-266,7]],[[11903,1468],[-18,-124],[-25,-96],[89,-52],[-46,272]],[[10005,1505],[-130,23],[51,212],[-124,-46],[64,-89],[-59,-179],[198,79]],[[10035,1932],[-90,-46],[-5,-74],[46,69],[79,-97],[-30,148]],[[11351,2145],[-55,78],[-23,-167],[78,89]],[[9654,2408],[-28,-77],[-38,68],[-27,-158],[102,38],[-9,129]],[[10675,2470],[-136,37],[148,-108],[-12,71]],[[11445,2453],[-14,144],[59,10],[-229,43],[-60,-75],[195,-23],[-95,-175],[-74,14],[57,-61],[161,123]],[[10829,2653],[-84,54],[35,-98],[15,-108],[34,152]],[[11374,2716],[-47,39],[109,56],[-175,-7],[7,-92],[106,4]],[[5325,2705],[53,60],[-115,100],[87,-316],[-226,117],[79,-125],[208,-11],[-86,175]],[[10362,2942],[-105,194],[-125,-50],[78,-19],[25,-127],[127,2]],[[11862,3205],[-51,-63],[40,-266],[11,329]],[[5789,3451],[-93,-9],[1,-171],[122,1],[0,151],[-63,-73],[33,101]],[[11665,3435],[-165,-21],[152,-36],[13,57]],[[5857,3568],[-123,-40],[200,-187],[-77,227]],[[5376,3469],[-102,53],[228,90],[-188,23],[-65,-98],[-5,-166],[208,-19],[-3,65],[-134,-38],[61,90]],[[11595,4964],[-36,80],[-154,-4],[81,-88],[109,12]],[[12010,5143],[-157,-83],[304,-9],[-6,85],[-157,-73],[16,80]],[[12255,5398],[-73,-104],[167,-44],[-94,148]],[[11128,6875],[-112,-121],[75,-102],[96,106],[-108,-19],[49,136]],[[10153,6574],[82,30],[-68,-138],[-14,108]],[[8609,21],[-18,0]],[[11559,2],[-18,2]],[[11850,0],[-24,1]],[[12096,14],[-29,-14]],[[2270,6102],[-1,1]],[[11581,7037],[-68,-177],[235,-124]],[[12291,7351],[-11,11]],[[12694,7727],[21,50]],[[12781,7809],[6,16]],[[12808,7824],[32,-11]],[[11323,3],[-13,0]],[[11231,3],[-36,1]],[[10696,5],[-49,2]],[[10521,5],[-65,1]],[[3956,3410],[-22,32]],[[3883,4274],[-6,8]],[[3876,4284],[-5,6]],[[3720,4627],[-44,44]],[[3497,4914],[-15,12]],[[3460,4970],[-23,23],[0,0],[-64,28]],[[3115,5089],[-17,2]],[[3028,5160],[-112,84]],[[2843,5307],[-13,8]],[[2729,5429],[-73,38]],[[2607,5491],[-17,9]],[[2155,6205],[-186,116]],[[1956,6323],[-43,20]],[[12510,8417],[-3,-30]],[[12502,8245],[-449,-114],[-40,-229]],[[12,10227],[1,7]],[[11,10238],[-5,14]],[[2,10347],[0,21]],[[0,10401],[1,9]],[[18,10481],[5,14]],[[25,10506],[0,2]],[[29,10546],[11,42]],[[45,10648],[4,16]],[[50,10665],[14,7]],[[93,10685],[83,49]],[[197,10754],[3,8]],[[294,10935],[101,265],[193,137]],[[294,10160],[-36,16]],[[258,10176],[-82,-27],[-85,20]],[[598,11364],[41,-2],[169,93]],[[808,11455],[3,31],[36,36]],[[1032,11553],[9,29],[18,10]],[[1062,11598],[13,42],[30,19]],[[1309,11750],[-1,5]],[[1308,11762],[115,63]],[[1422,11832],[-1,5]],[[1421,11841],[-2,13]],[[2367,5843],[-5,7]],[[4521,697],[-19,22],[-35,25]],[[4415,789],[-20,17],[-10,1]],[[4362,808],[-7,7],[-3,25]],[[4113,1597],[-1,36],[-4,30]],[[4062,2000],[-2,3],[2,35]],[[4058,2105],[-1,11],[10,25]],[[4004,3040],[-2,3],[-2,10]],[[3854,4015],[1,8]],[[3826,4427],[-18,64]],[[3806,4493],[-13,10]],[[3789,4507],[-10,7]],[[3841,4375],[-11,32]],[[3538,4864],[-16,10],[-1,1]],[[3196,5069],[-7,3],[-17,5]],[[2818,5324],[-6,5],[-4,3]],[[2799,5341],[-4,4],[-11,44]],[[2364,5771],[10,33],[0,11]],[[2353,5865],[2,14]],[[2287,5965],[23,50],[-2,13]],[[1909,6346],[-5,3]],[[13255,7604],[-72,-256]],[[13141,7696],[5,-2]],[[13152,7690],[48,-34]],[[13589,8045],[-185,-242]],[[13356,7769],[-83,-148],[-63,35]],[[13175,7708],[-12,-10]],[[12247,9484],[22,27]],[[12079,10065],[1,-13]],[[8,10297],[0,9],[-1,8]],[[211,10779],[9,8],[17,20]],[[241,10812],[12,34],[5,29]],[[266,10901],[2,4],[3,4]],[[1419,12713],[-1,97]],[[1418,12822],[-1,21]],[[3539,14180],[76,43]],[[4023,14407],[67,-9]],[[11873,1799],[13,-91]],[[1417,12428],[1,53]],[[1418,12549],[0,54]],[[1418,12910],[0,84]],[[4601,13583],[12,0],[11,-39]],[[5038,13706],[200,56],[-187,20],[174,3],[-138,138],[362,-322]],[[9811,11669],[75,13],[47,-30]],[[12594,5411],[-69,-34]],[[12816,6520],[-4,-9],[0,-12]],[[12851,7819],[2,24],[39,31]],[[13906,8976],[24,-206],[-117,41],[36,-104]],[[13865,8583],[-93,13],[20,-133],[-79,36]],[[14017,9007],[-129,102],[31,-100]],[[13127,8211],[9,34],[23,34]],[[13175,8295],[5,35],[24,9]],[[13562,8788],[26,16]],[[14329,9489],[-15,-100],[-89,12]],[[14270,9642],[21,15],[14,0]],[[12008,7896],[-154,-176],[-205,-370]],[[11639,7325],[17,-103],[-71,-124]],[[11586,7085],[88,-166],[-83,149]],[[5261,14298],[4,-49]],[[12214,3716],[-25,-43]],[[13076,8088],[17,26],[11,27]],[[14040,9121],[24,-18],[-24,-94]]],"transform":{"scale":[0.00042040545707216223,0.00030246227679010655],"translate":[-92.88722053747172,42.4935463574385]},"objects":{"wi_presettlement_veg2":{"type":"GeometryCollection","geometries":[{"arcs":[[[0,1]],[[2,3,4]],[[5,6,7]],[[8,9]],[[10,11,12,13,14,15,16,17]],[[18,19,20,21]],[[22,23,24,25,26,27,28,29]],[[30,31]],[[32,33,34,35,36,37,38]],[[39,40]],[[41,42,43,44,45,46,47,48]],[[49,50]],[[51,52]],[[53,54]],[[55,56]],[[57,58]],[[59,60,61]],[[62,63]],[[64,65]],[[66,67,68,69]],[[70,71,72,73,74,75,76,77,78,79,80,81,82,83,84]],[[85,86,87,88,89,90]],[[91,92]],[[95,96]],[[97,98,99,100,101]],[[102,103]],[[104,105]],[[106,107,108,109,110,111,112,113,114,115,116,117,118,119,120,121,122,123,124,125,126],[3101]],[[129,130,131,132,133,134,135,136,137,138,139,140,141,142,143,144,145,146,147,148,149,150,151,152,153,154,155,156,157,158,159,160,161,162,163,164,165,166,167,168,169,170,171,172,173,174,175,176,177,178,179,180,181,182,183,184,185,186,187,188,189,190,191,192,193,194,195,196,197,198,199,200,201,202,203,204,205,206,207,208,209,210,211,212,213,214,215,216,217,218,219,220,221,222,223,224,225,226,227,228,229,230,231,232,233,234,235,236,237,238,239,240,241,242,243,244,245,246,247,248,249,250,251,252,253,254,255,256,257,258,259,260,261,262,263,264,265,266,267,268,269,270,271,272,273,274,275,276,277,278,279,280,281,282,283,284,285,286,287,288,289,290,291,292,293,294,295,296,297,298,299,300,301,302,303,304,305,306,307,308,309,310,311,312,313,314,315,316,317,318,319,320,321,322,323,324,325,326,327,328,329,330,331,332,333,334,335,336,337,338,339,340,341,342,343,344,345,346,347,348,349,350,351,352,353,354,355,356,357,358,359,360,361,362,363,364,365,366,367,368,369,370,371,372,373,374,375,376,377,378,379,380,381,382,383,384,385,386,387,388,389,390,391,392,393,394,395,396,397,398,399,400,401,402,403,404,405,406,407,408,409,410,411,412,413,414,415,416,417,418,419,420,421,422,423,424,425,426,427,428,429,430,431,432,433,434,435,436,437,438,439,440,441,442,443,444,445,446,447,448,449,450,451,452,453,454,455,456,457,458,459,460,461,462,463,464,465,466,467,468,469,470,471,472,473,474,475,476,477,478,479,480,481,482,483,484,485,486,487,488,489,490,491,492,493,494,495,496,497,498,499,500,501,502,503,504,505,506,507,508,509,510,511,512,513,514,515,516,517,518,519,520,521,522,523,524,525,526,527,528,529,530,531,532,533,534,535,536,537,538,539,540,541,542,543,544,545,546,547,548,549,550,551,552,553,554,555,556,557,558,559,560,561,562,563,564,565,566,567,568,569,570,571,572,573,574,575,576,577,578,579,580,581,582,583,584,585,586,587,588,589,590,591,592,593,594,595,596,597,598,599,600,601,602,603,604,605,606,607,608,609,610,611,612,613,614,615,616,617,618,619,620,621,622,623,624,625,626,627,628,629,630,631,632,633,634,635,636,637,638,639,640,641,642,643,644,645,646,647,648,649,650,651,652,653,654,655,656,657,658,659,660,661,662,663,664,665,666,667,668,669,670,671,672,673,674,675,676,677,678,679,680,681,682,683,684,685,686,687,688,689,690,691,692,693,694,695,696,697,698,699,700,701,702,703,704,705,706,707,708,709,710,711,712,713,714,715,716,717,718,719,720,721,722,723,724,725,726,727,728,729,730,731,732,733,734,735,736,737,738,739,740,741,742,743,744,745,746,747,748,749,750,751,752,753,754,755,756,757,758,759,760,761,762,763,764,765,766,767,768,769,770,771,772,773,774,775,776,777,778,779,780,781,782,783,784,785,786,787,788,789,790,791,792,793,794,795,796,797,798,799,800,801,802,803,804,805,806,807,808,809,810,811,812,813,814,815,816,817,818,819,820,821,822,823,824,825,826,827,828,829,830,831,832,833,834,835,836,837,838,839,840,841,842,843,844,845,846,847,848,849,850,851,852,853,854,855,856,857,858,859,860,861,862,863,864,865,866,867,868,869,870,871,872,873,874,875,876,877,878,879,880,881,882,883,884,885,886,887,888,889,890,891,892,893,894,895,896,897,898,899,900,901,902,903,904,905,906,907,908,909,910,911,912,913,914,915,916,917,918,919,920,921,922,923,924,925,926,927,928,929,930,931,932,933],[127,128],[934],[935,936,937,938,939,940,941],[942],[943],[944,945,946],[947,948,949],[950,951],[952,953,954,955,956,957,958],[1393,1394,1395,1396,1397,1398,1399,1400],[1405,1406],[1407,1408],[1409,1410],[1411,1412,1413,1414],[1415,1416,1417,1418],[1423,1424,1425,1426],[1429,1430],[1433,1434,1435,1436,1437,1438,1439,1440],[1447,1448,1449,1450,1451,1452,1453,1454,1455],[1456,1457,1458,1459,1460,1461,1462,1463,1464,1465,1466,1467,1468,1469,1470,1471,1472,1473,1474,1475,1476,1477,1478,1479,1480,1481,1482,1483,1484,1485,1486,1487,1488,1489,1490],[1496,1497,1498,1499],[1514,1515,1516,1517,1518,1519,1520,1521,1522,1523,1524,1525,1526,1527,1528,1529,1530,1531,1532,1533,1534,1535],[1536,1537],[1540,1541],[1542,1543,1544,1545,1546,1547,1548,1549,1550,1551,1552,1553,1554,1555,1556,1557,1558,1559,1560,1561,1562,1563,1564,1565,1566,1567,1568,1569,1570,1571,1572,1573,1574],[1628,1629,1630,1631,1632,1633,1634,1635,1636,1637],[1642,1643,1644,1645,1646,1647,1648,1649,1650,1651,1652,1653,1654,1655,1656,1657,1658,1659,1660,1661,1662,1663,1664],[1665,1666,1667,1668,1669,1670,1671,1672,1673,1674,1675,1676,1677,1678],[1685,1686,1687,1688,1689,1690,1691,1692,1693,1694,1695,1696,1697,1698,1699,1700,1701,1702,1703,1704,1705,1706],[1719,1720,1721,1722,1723,1724,1725,1726,1727,1728,1729,1730,1731,1732,1733,1734,1735,1736],[1737,1738,1739,1740,1741,1742,1743,1744,1745,1746,1747,1748,1749,1750,1751,1752,1753,1754,1755,1756,1757,1758,1759,1760],[1789,1790,1791,1792,1793],[1794,1795,1796,1797],[1800,1801,1802,1803,1804,1805],[1806,1807,1808,1809,1810,1811],[1812,1813],[1814,1815,1816,1817,1818,1819],[1833,1834],[1850,1851],[1852,1853,1854,1855],[1856,1857],[1858,1859,1860,1861],[1883,1884],[1919,1920],[1950,1951],[1960,1961,1962,1963],[2826],[2837],[2985,2986,2987,2988],[2989,2990,2991,2992,2993,2994,2995,2996],[3019],[3020],[3023,3024],[3029],[3030],[3034],[3035],[3036],[3037,3038,3039,3040,3041,3042,3043,3044],[3047],[3048],[3049],[3050],[3051],[3052],[3053],[3054,3055],[3064],[3065],[3066],[3067],[3068],[3069],[3070,3071,3072,3073,3074,3075],[3076],[3077,3078],[3079,3080],[3081,3082,3083,3084,3085],[3086],[3087],[3088,3089],[3090,3091],[3092,3093,3094,3095],[3096],[3097],[3098],[3099],[3100],[3102,3103],[3104],[3134],[3161],[3162],[3163],[3164],[3165],[3166],[3167],[3168],[3169],[3170],[3171],[3172],[3173],[3174],[3175],[3176],[3177],[3178],[3179],[3180],[3181],[3182],[3184],[3185],[3186],[3187],[3188],[3189],[3190],[3191],[3192],[3193],[3194],[3195],[3196],[3197]],[[959,960]],[[961,962,963,964]],[[965,966,967]],[[968,969,970]],[[971,972]],[[973,974]],[[975,976,977,978,979,980,981,982,983,984,985,986,987,988,989,990,991,992,993,994,995]],[[996,997,998]],[[999,1000,1001,1002,1003,1004,1005,1006,1007,1008,1009,1010,1011,1012,1013,1014,1015,1016,1017,1018,1019,1020,1021,1022,1023,1024,1025,1026,1027,1028,1029,1030,1031,1032,1033,1034,1035,1036,1037,1038,1039,1040,1041,1042,1043,1044,1045,1046,1047,1048,1049,1050,1051,1052,1053,1054,1055,1056,1057,1058,1059,1060,1061,1062,1063,1064,1065,1066,1067,1068,1069,1070,1071,1072,1073,1074,1075,1076,1077,1078,1079,1080,1081,1082,1083,1084,1085,1086,1087,1088,1089,1090,1091,1092,1093,1094,1095,1096,1097,1098,1099,1100,1101,1102,1103,1104,1105,1106,1107,1108,1109,1110,1111,1112,1113,1114,1115,1116,1117,1118,1119,1120,1121,1122,1123,1124,1125,1126,1127,1128,1129,1130,1131,1132,1133,1134,1135,1136,1137,1138,1139,1140,1141,1142,1143,1144,1145,1146,1147,1148,1149,1150,1151,1152,1153,1154,1155],[1156],[2125,2126,2127,2128,2129,2130],[2159,2160,2161,2162,2163,2164,2165,2166,2167,2168,2169,2170,2171,2172,2173],[3107],[3108],[3198]],[[1157,1158,1159,1160,1161,1162,1163,1164,1165,1166,1167,1168,1169,1170,1171,1172,1173,1174,1175]],[[1176,1177,1178,1179,1180,1181,1182,1183,1184,1185,1186,1187,1188,1189,1190,1191,1192,1193,1194,1195,1196,1197,1198,1199,1200,1201,1202,1203,1204,1205,1206,1207,1208,1209,1210],[3199]],[[1211,1212]],[[1213,1214,1215,1216,1217,1218,1219,1220,1221,1222,1223,1224,1225,1226,1227,1228,1229,1230,1231,1232,1233,1234,1235,1236,1237,1238,1239,1240,1241,1242,1243,1244,1245,1246,1247,1248,1249,1250,1251,1252,1253,1254,1255,1256,1257,1258,1259,1260,1261,1262,1263,1264,1265,1266,1267,1268,1269,1270,1271,1272,1273,1274,1275,1276,1277,1278,1279,1280,1281,1282,1283,1284,1285,1286,1287,1288,1289,1290,1291,1292,1293,1294,1295,1296,1297,1298,1299,1300,1301,1302,1303,1304,1305,1306,1307,1308,1309,1310,1311,1312,1313,1314,1315,1316,1317,1318,1319,1320,1321,1322,1323,1324,1325,1326,1327,1328,1329,1330,1331,1332,1333,1334,1335,1336,1337,1338,1339,1340,1341,1342,1343,1344,1345,1346,1347,1348,1349,1350,1351,1352,1353,1354,1355,1356,1357,1358,1359,1360,1361,1362,1363,1364,1365,1366,1367,1368,1369,1370,1371,1372,1373,1374,1375],[2599,2600,2601,2602],[2637,2638],[2639,2640],[2651,2652,2653,2654,2655,2656,2657,2658,2659,2660,2661,2662],[2740,2741],[3200],[3201]],[[1376,1377,1378]],[[1379,1380,1381,1382,1383,1384,1385,1386,1387,1388,1389,1390,1391,1392]],[[1401,1402]],[[1403,1404]],[[1419,1420,1421,1422]],[[1427,1428]],[[1431,1432]],[[1441,1442,1443,1444,1445,1446]],[[1491,1492,1493]],[[1494,1495]],[[1500,1501]],[[1502,1503,1504,1505,1506,1507,1508,1509]],[[1510,1511,1512,1513]],[[1538,1539]],[[1575,1576,1577]],[[1578,1579,1580]],[[1581,1582,1583]],[[1584,1585,1586,1587,1588,1589,1590,1591,1592,1593,1594,1595,1596]],[[1597,1598,1599]],[[1600,1601,1602,1603]],[[1604,1605,1606]],[[1607,1608,1609]],[[1610,1611]],[[1612,1613]],[[1614,1615,1616,1617]],[[1620,1621,1622,1623,1624,1625,1626,1627]],[[1638,1639]],[[1640,1641]],[[1679,1680,1681,1682,1683,1684]],[[1707,1708]],[[1709,1710]],[[1711,1712]],[[1713,1714]],[[1717,1718]],[[1761,1762,1763,1764,1765,1766]],[[1767,1768,1769,1770,1771,1772]],[[1773,1774]],[[1775,1776]],[[1777,1778]],[[1779,1780,1781,1782,1783,1784,1785,1786,1787,1788]],[[1798,1799]],[[1820,1821,1822,1823,1824,1825]],[[1826,1827,1828,1829,1830,1831,1832]],[[1835,1836,1837]],[[1838,1839]],[[1840,1841]],[[1842,1843,1844,1845,1846,1847,1848,1849]],[[1862,1863,1864,1865]],[[1866,1867]],[[1868,1869,1870,1871]],[[1872,1873,1874,1875,1876]],[[1877,1878]],[[1879,1880,1881,1882]],[[1885,1886]],[[1887,1888]],[[1889,1890,1891,1892,1893,1894,1895,1896,1897,1898,1899]],[[1900,1901,1902,1903,1904,1905]],[[1906,1907,1908,1909,1910,1911]],[[1912,1913,1914,1915,1916,1917,1918]],[[1921,1922]],[[1923,1924]],[[1925,1926]],[[1927,1928,1929,1930,1931,1932,1933]],[[1936,1937]],[[1938,1939]],[[1940,1941]],[[1942,1943]],[[1944,1945]],[[1946,1947]],[[1948,1949]],[[1952,1953,1954,1955,1956,1957,1958,1959]],[[1964,1965]],[[1966,1967,1968,1969,1970,1971,1972,1973,1974,1975]],[[1976,1977,1978]],[[1979,1980,1981,1982,1983,1984,1985,1986,1987,1988,1989,1990]],[[1991,1992]],[[1993,1994,1995]],[[1996,1997,1998]],[[1999,2000]],[[2001,2002,2003]],[[2004,2005]],[[2006,2007,2008]],[[2009,2010,2011]],[[2012,2013,2014]],[[2015,2016,2017,2018,2019,2020,2021,2022,2023,2024,2025,2026,2027]],[[2028,2029,2030,2031,2032,2033]],[[2034,2035,2036,2037,2038,2039,2040,2041,2042,2043,2044,2045,2046]],[[2047,2048,2049,2050,2051]],[[2052,2053]],[[2054,2055,2056]],[[2057,2058]],[[2059,2060]],[[2061,2062]],[[2063,2064,2065,2066]],[[2067,2068]],[[2069,2070]],[[2071,2072,2073,2074,2075,2076,2077,2078,2079,2080,2081,2082,2083]],[[2084,2085,2086,2087,2088,2089,2090,2091,2092,2093,2094,2095,2096,2097,2098,2099,2100,2101,2102,2103,2104,2105,2106,2107,2108,2109,2110]],[[2111,2112,2113,2114,2115,2116]],[[2117,2118,2119,2120,2121,2122]],[[2123,2124]],[[2131,2132]],[[2133,2134,2135,2136,2137,2138,2139,2140]],[[2141,2142,2143,2144,2145,2146,2147,2148,2149,2150,2151,2152,2153,2154]],[[2155,2156,2157,2158]],[[2174,2175]],[[2176,2177,2178,2179,2180,2181]],[[2182,2183,2184,2185]],[[2186,2187,2188,2189,2190,2191,2192,2193]],[[2194,2195,2196,2197,2198,2199,2200,2201,2202,2203,2204,2205,2206,2207,2208,2209,2210,2211,2212,2213,2214,2215,2216,2217,2218,2219,2220,2221,2222,2223,2224,2225,2226,2227,2228,2229,2230,2231,2232,2233,2234,2235,2236,2237,2238,2239,2240,2241,2242,2243,2244,2245,2246,2247,2248,2249,2250,2251,2252,2253,2254,2255,2256,2257,2258,2259,2260,2261,2262,2263,2264,2265,2266,2267,2268,2269,2270,2271,2272,2273,2274,2275,2276,2277,2278,2279],[2335,2336,2337,2338,2339,2340],[2873,2874]],[[2280,2281,2282,2283,2284,2285,2286,2287,2288,2289]],[[2290,2291,2292,2293,2294,2295,2296,2297,2298,2299,2300,2301,2302,2303,2304,2305,2306,2307,2308,2309,2310,2311,2312,2313,2314,2315,2316,2317,2318,2319,2320,2321,2322,2323,2324,2325,2326,2327,2328,2329,2330,2331,2332,2333,2334],[2355,2356],[3160]],[[2341,2342,2343,2344]],[[2345,2346,2347,2348,2349,2350,2351,2352]],[[2353,2354]],[[2357,2358]],[[2359,2360,2361,2362]],[[2363,2364,2365,2366]],[[2367,2368]],[[2369,2370]],[[2371,2372]],[[2373,2374,2375]],[[2376,2377]],[[2378,2379]],[[2380,2381,2382,2383]],[[2384,2385,2386,2387,2388,2389,2390,2391,2392,2393,2394,2395,2396,2397,2398,2399,2400,2401]],[[2402,2403,2404,2405,2406,2407]],[[2408,2409]],[[2410,2411,2412,2413]],[[2414,2415,2416,2417,2418,2419,2420,2421,2422,2423,2424,2425,2426,2427,2428,2429,2430,2431,2432,2433,2434,2435,2436,2437,2438,2439,2440,2441,2442,2443,2444,2445,2446,2447],[2476,2477,2478,2479,2480,2481,2482,2483]],[[2448,2449]],[[2450,2451,2452,2453,2454,2455]],[[2456,2457,2458]],[[2461,2462]],[[2463,2464]],[[2465,2466]],[[2467,2468,2469]],[[2470,2471,2472]],[[2473,2474,2475]],[[2484,2485]],[[2486,2487,2488,2489]],[[2490,2491]],[[2492,2493,2494,2495,2496,2497,2498,2499,2500,2501,2502,2503,2504,2505,2506,2507]],[[2508,2509,2510,2511,2512,2513,2514,2515]],[[2516,2517,2518,2519]],[[2520,2521,2522,2523]],[[2524,2525,2526,2527]],[[2528,2529,2530,2531,2532,2533,2534,2535]],[[2536,2537,2538,2539]],[[2540,2541,2542]],[[2543,2544]],[[2545,2546,2547,2548,2549,2550,2551,2552,2553,2554,2555,2556,2557,2558,2559,2560]],[[2561,2562]],[[2563,2564,2565,2566]],[[2567,2568,2569,2570]],[[2571,2572,2573,2574,2575,2576,2577,2578,2579,2580,2581,2582,2583,2584,2585,2586,2587,2588,2589,2590,2591,2592]],[[2593,2594]],[[2595,2596,2597,2598]],[[2603,2604]],[[2605,2606]],[[2607,2608,2609,2610,2611,2612,2613,2614,2615,2616]],[[2617,2618,2619,2620,2621,2622,2623,2624,2625,2626,2627,2628,2629,2630,2631,2632,2633,2634]],[[2635,2636]],[[2641,2642,2643,2644,2645,2646]],[[2647,2648,2649,2650]],[[2663,2664,2665,2666]],[[2667,2668]],[[2669,2670,2671,2672]],[[2673,2674]],[[2675,2676,2677,2678,2679,2680,2681,2682,2683,2684,2685,2686,2687]],[[2688,2689,2690,2691,2692,2693,2694,2695,2696,2697,2698,2699,2700,2701,2702,2703,2704]],[[2705,2706,2707,2708,2709,2710,2711,2712,2713]],[[2714,2715]],[[2716,2717,2718,2719]],[[2720,2721,2722,2723]],[[2724,2725,2726,2727]],[[2728,2729,2730,2731,2732,2733]],[[2734,2735]],[[2736,2737]],[[2742,2743,2744]],[[2745,2746]],[[2747,2748,2749,2750,2751,2752,2753,2754]],[[2755,2756,2757,2758,2759,2760,2761,2762,2763,2764,2765,2766,2767,2768]],[[2769,2770,2771,2772,2773,2774,2775,2776]],[[2777,2778,2779,2780,2781,2782],[2886]],[[2783,2784,2785,2786]],[[2787,2788,2789,2790]],[[2791,2792,2793]],[[2794,2795]],[[2796,2797,2798,2799,2800,2801,2802]],[[2803,2804,2805,2806,2807,2808]],[[2809,2810,2811,2812,2813,2814,2815,2816]],[[2817,2818,2819,2820,2821]],[[2822,2823,2824,2825]],[[2827,2828,2829,2830]],[[2831,2832,2833,2834]],[[2835,2836]],[[2838,2839,2840,2841,2842,2843,2844,2845,2846]],[[2847,2848,2849,2850,2851]],[[2852,2853]],[[2854,2855,2856,2857,2858]],[[2859,2860]],[[2861,2862,2863,2864]],[[2865,2866]],[[2867,2868,2869,2870,2871,2872]],[[2875,2876,2877,2878,2879,2880,2881,2882,2883]],[[2884,2885]],[[2887,2888,2889,2890]],[[2891,2892,2893,2894,2895,2896]],[[2897,2898]],[[2899,2900]],[[2901,2902,2903,2904]],[[2905,2906]],[[2907,2908]],[[2909,2910,2911]],[[2912,2913,2914,2915]],[[2916,2917,2918,2919,2920,2921,2922,2923,2924,2925]],[[2926,2927,2928,2929]],[[2930,2931]],[[2932,2933,2934,2935]],[[2936,2937,2938,2939]],[[2940,2941]],[[2942,2943,2944,2945]],[[2946,2947]],[[2948,2949]],[[2950,2951,2952,2953]],[[2954,2955,2956,2957]],[[2958,2959,2960,2961]],[[2962,2963]],[[2964,2965]],[[2966,2967]],[[2968]],[[2969]],[[2970]],[[2971]],[[2972,2973]],[[2974,2975,2976,2977,2978]],[[2979,2980,2981,2982,2983,2984]],[[2997,2998,2999]],[[3000,3001]],[[3002,3003]],[[3004,3005,3006,3007,3008,3009]],[[3010,3011,3012]],[[3013,3014,3015]],[[3016,3017]],[[3018]],[[3021,3022]],[[3025,3026,3027,3028]],[[3031,3032,3033]],[[3045,3046]],[[3056,3057]],[[3058,3059]],[[3060,3061]],[[3062]],[[3063]],[[3105,3106]],[[3109]],[[3110]],[[3111,3112]],[[3113,3114]],[[3115,3116]],[[3117,3118,3119,3120]],[[3121,3122,3123]],[[3124,3125,3126,3127]],[[3128,3129]],[[3130,3131,3132,3133]],[[3135,3136]],[[3137,3138]],[[3139,3140]],[[3141,3142,3143,3144]],[[3145,3146,3147]],[[3148,3149]],[[3150,3151,3152,3153,3154,3155]],[[3156,3157]],[[3158,3159]],[[3183]]],"type":"MultiPolygon","properties":{"CONSD_POLY":"Oak/Xeric Forest","Shape_Leng":18007723.4834,"Shape_Area":48702736917.2},"id":0},{"arcs":[[[-17,3202]],[[-21,3203]],[[-35,3204]],[[-1576,3205,-839,3206,-837,3207,-835,3208,-833,3209,3210,3211,3212,3213,3214,3215,3216,3217,3218,3219,3220,3221,-829,3222,-825,3223,-1579,3224,3225,3226,-1582,3227,3228,3229,3230,3231,3232,-1508,3233,3234,3235,3236,-1585,3237,-1596,3238,-789,3239,-1598,3240,3241,3242,3243,-1601,3244,3245,3246,3247,3248,-1605,3249,-785,3250,-783,3251,-779,3252,-775,3253,-773,3254,-771,3255,-769,3256,-767,3257,-765,3258,3259,3260,3261,3262,3263,3264,-759,3265,-757,3266,-755,3267,3268,3269,-753,3270,-751,3271,3272,3273,3274,-749,3275,-747,3276,-745,3277,-743,3278,-741,3279,3280,-736,3281,-734,3282,-732,3283,-1608,3284,3285,3286,-727,3287,-725,3288,-723,3289,-719,3290,-717,3291,-715,3292,-713,3293,-709,3294,-705,3295,-697,3296,3297,-694,3298,-1611,3299,-1613,3300,-692,3301,-690,3302,3303,3304,3305,3306,3307,3308,-41,3309,3310,3311,3312,3313,3314,3315,3316,-1615,3317,-1617,3318,-48,3319,-1619,3320,3321,3322,3323,-51,3324,-53,3325,-55,3326,-57,3327,-846,3328]],[[-43,3329]],[[3330,-45]],[[-863,3331,-861,3332,-859,3333,-855,3334,-853,3335,-851,3336,-59,3337,3338,3339,3340,3341,3342,3343,3344]],[[-901,3345,-899,3346,-897,3347,3348,3349,3350,3351,-1920,3352,3353,3354,3355,3356,3357,-62,3358,3359,3360]],[[-1967,3361,3362,3363,-64,3364,-66,3365,-70,3366,-127,3367,3368]],[[3369,-68]],[[-1943,3370,-1905,3371,-1945,3372,-1947,3373,3374,3375,3376,-84,3377,-1949,3378]],[[3379,-93,3380,-95,3381,-97,3382,3383,-116,3384,-114]],[[3385,-108]],[[3386,-110]],[[3387,-112]],[[-145,3388]],[[-173,3389,-1922,3390,3391,3392]],[[-179,3393,3394]],[[-182,3395]],[[-184,3396]],[[-186,3397]],[[-188,3398]],[[-190,3399]],[[-192,3400]],[[-214,3401]],[[-216,3402]],[[-222,3403]],[[-228,3404]],[[-232,3405,3406]],[[-240,3407]],[[-242,3408]],[[-248,3409]],[[-258,3410]],[[-290,3411,-288,3412,3413,-285,3414,-279,3415,-277,3416,-275,3417,-273,3418,-1926,3419,-271,3420,-269,3421,-267,3422,-1928,3423,-1933,3424,-1935,-1937,3425,-1939,3426,-1941,3427,-292,3428]],[[-281,3429,-283,3430]],[[-306,3431,3432,3433,-304,3434,-302,3435,-300,3436,-294,3437,-1992,3438,-1994,3439,-1997,3440,3441,3442,3443,-2000,3444,-2002,3445,-2005,3446,-2007,3447,3448,-2010,3449,-308,3450,3451,3452]],[[-296,3453]],[[-318,3454,-316,3455]],[[-320,3456,-1977,3457]],[[-326,3458]],[[-330,3459,-328,3460]],[[-334,3461,-1965,3462]],[[-344,3463]],[[-353,3464,3465,3466,3467,3468]],[[3469,3470,3471,3472,3473,3474,-388,3475,-386,3476,-384,3477,-380,3478,-376,3479,-374,3480,-1867,3481,-1869,3482,3483,3484,3485,3486,-1873,3487,-1878,3488,-1880,3489,3490,3491,3492,3493],[4371,4372]],[[-378,3494]],[[-396,3495]],[[-427,3496,-425,3497,3498,3499,-1863,3500,3501,3502,3503,-405,3504,-403,3505,-401,3506,-399,3507,3508,3509,3510,3511,3512,3513,3514,3515,3516,3517,3518]],[[-409,3519]],[[-421,3520]],[[-430,3521]],[[-447,3522]],[[-452,3523]],[[-455,3524]],[[-1539,3525,-466,3526]],[[-474,3527,-472,3528]],[[-477,3529]],[[-480,3530]],[[-494,3531,-1432,3532]],[[-503,3533]],[[-506,3534]],[[-508,3535]],[[-510,3536]],[[-514,3537]],[[-518,3538,3539]],[[-520,3540]],[[-524,3541,-1495,3542]],[[-526,3543]],[[-528,3544]],[[-530,3545]],[[-532,3546,3547,3548,-534,3549]],[[-536,3550]],[[-543,3551,-541,3552]],[[-559,3553]],[[-562,3554]],[[-569,3555,-567,3556,-1428,3557,-565,3558,3559]],[[-574,3560,-580,3561]],[[-576,3562]],[[-578,3563]],[[-585,3564,3565,3566]],[[-594,3567]],[[-596,3568]],[[3569,-600]],[[-603,3570]],[[-607,3571]],[[-609,3572]],[[3573,-612]],[[-1377,3574,-615,3575]],[[-619,3576]],[[-621,3577]],[[-623,3578]],[[-625,3579,-629,3580]],[[-627,3581]],[[-637,3582,-635,3583,3584,-631,3585]],[[-633,3586,3587]],[[-650,3588]],[[-664,3589]],[[-675,3590]],[[-711,3591]],[[-721,3592]],[[-739,3593]],[[-777,3594]],[[-781,3595]],[[-798,3596]],[[-843,3597]],[[-848,3598,3599]],[[-857,3600]],[[-868,3601,3602,3603,3604,-870,3605]],[[-875,3606]],[[-877,3607]],[[3608,3609,3610,3611,3612,3613,-887,3614]],[[-889,3615]],[[-892,3616]],[[-894,3617]],[[-2048,3618,-2051,3619,-2053,3620,3621,-913,3622,3623,3624,3625,3626,3627,-1975,3628,-1973,3629,-1971,3630,3631,3632,-2055,3633,3634,-1007,3635,-2058,3636,-2060,3637,-1005,3638,-1003,3639,-2062,3640]],[[-921,3641]],[[-1147,3642,-923,3643,-2124,3644]],[[-929,3645,-927,3646,-925,3647,-1145,3648,-1143,3649,3650,3651,-2145,3652,3653,3654,3655,3656,3657,3658,-2485,3659,-2487,3660,-2489,3661,3662,3663,3664,3665,3666,3667,3668,3669,3670,3671,3672,3673]],[[-937,3674]],[[-939,3675]],[[-941,3676]],[[-947,3677]],[[3678,3679,3680,3681,-965,3682,3683,3684]],[[-2175,3685,-991,3686,-989,3687,3688,3689,-967,3690,-971,3691,3692,3693,-995,3694,-993,3695]],[[3696,-973,3697,-979]],[[-981,3698,-975,3699,3700]],[[-977,3701]],[[-987,3702]],[[-998,3703,3704]],[[-1010,3705]],[[-1012,3706]],[[-1023,3707]],[[-1028,3708]],[[-1037,3709]],[[-1064,3710]],[[-1071,3711,-2377,3712,-1069,3713,-1067,3714]],[[-1076,3715]],[[-1080,3716]],[[-1082,3717]],[[-1088,3718]],[[-1092,3719]],[[-1106,3720]],[[-1113,3721,-1111,3722,-1109,3723,3724,3725,3726,3727]],[[-1115,3728]],[[-1117,3729]],[[-1119,3730]],[[-1122,3731]],[[-1124,3732]],[[-1126,3733]],[[-1133,3734]],[[-1135,3735]],[[-1137,3736]],[[-2068,3737,-1153,3738,-1151,3739,-1149,3740,-2070,3741]],[[-1155,3742]],[[3743,-1159]],[[-1161,3744]],[[-1163,3745]],[[-1165,3746]],[[3747,-1167]],[[-1169,3748]],[[-1171,3749]],[[-1176,3751]],[[3752,-1178]],[[-1180,3753,3754]],[[-1188,3755,-1184,3756]],[[-1186,3757]],[[-1190,3758]],[[-1199,3759]],[[-1205,3760,-1207,3761]],[[3762,-1222]],[[-1227,3763]],[[-2729,3764,3765,-1236,3766,3767,3768,3769]],[[-2733,3770,3771,3772,3773,-2743,3774,-2746,3775,3776,-1239,3777]],[[-1241,3778]],[[-1243,3779]],[[-1246,3780]],[[-1248,3781]],[[-1250,3782,3783]],[[-1252,3784]],[[-1254,3785,-2735,3786]],[[-1258,3787]],[[-1261,3788]],[[-1263,3789]],[[-1281,3790]],[[-1283,3791,-2606,3792,-2608,3793,-2616,3794,-2614,3795,-2612,3796,-2618,3797]],[[-1285,3798,-2562,3799]],[[-1287,3800]],[[-1289,3801]],[[-1293,3802,3803]],[[-1295,3804,3805]],[[-1297,3806]],[[-1301,3807]],[[-1306,3808,3809,3810]],[[-1309,3811]],[[-1311,3812]],[[-1313,3813,3814,3815]],[[-1315,3816]],[[-1317,3817]],[[-1320,3818]],[[-2541,3819,-1328,3820,-1326,3821]],[[-1330,3822]],[[-1341,3823,3824]],[[-1346,3825]],[[-1353,3826,-2544,3827,-1349,3828]],[[-1351,3829]],[[-1356,3830]],[[-1358,3831]],[[-1360,3832]],[[-1362,3833]],[[-1367,3834]],[[-1373,3835]],[[-1375,3836]],[[-1380,3837]],[[-1394,3838]],[[-1397,3839,-1402,3840,-1404,3841]],[[-1400,3842]],[[-1406,3843]],[[-1408,3844]],[[-1410,3845]],[[-1412,3846]],[[-1416,3847]],[[-1418,3848]],[[-1420,3849]],[[-1424,3850,-1426,3851]],[[-1430,3852]],[[-1434,3853]],[[-1440,3854,-1438,3855,-1436,3856]],[[-1442,3857]],[[-1448,3858,-1453,3859,-1451,3860,3861]],[[-1457,3862]],[[-1459,3863,-1490,3864,-1492,3865]],[[-1464,3866]],[[-1476,3867]],[[-1479,3868]],[[-1488,3869,-1501,3870,-1484,3871,3872,3873]],[[-1486,3874]],[[-1497,3875,-1499,3876]],[[-1503,3877]],[[-1511,3878]],[[-1515,3879]],[[-1518,3880,-1522,3881]],[[-1537,3882]],[[-1541,3883]],[[-1543,3884]],[[-1545,3885]],[[-1547,3886]],[[-1549,3887]],[[-1574,3888,3889,-1623,3890,-1551,3891,3892,3893,3894,3895]],[[-1708,3896,-1710,3897,-1712,3898,-1714,3899,-1717,3900,-1559,3901,-1555,3902,-1553,3903,-1718,3904,-1569,3905,-1567,3906,-1565,3907,-1563,3908,-1561,3909]],[[-1621,3910,-1627,3911]],[[-1629,3912,-1637,3913,-1639,3914,-1635,3915,-1641,3916,-1633,3917,-1631,3918]],[[-1643,3919]],[[-1666,3920,-1678,3921,-1668,3922]],[[-1680,3923]],[[-1684,3924]],[[-1686,3925]],[[-1694,3926]],[[-1701,3927,-1705,3928,-1778,3929,-1703,3930]],[[-1720,3931]],[[-1774,3932,-1734,3933,-1732,3934,-1730,3935,-1726,3936,-1724,3937,-1722,3938]],[[-1728,3939]],[[-1736,3940]],[[-1738,3941]],[[-1740,3942,3943,3944,-1776,3945,-1760,3946,3947,3948]],[[-1744,3949,-1799,3950]],[[-1748,3951]],[[-1750,3952]],[[-1752,3953]],[[-1754,3954]],[[-1756,3955]],[[-1762,3956,3957,3958]],[[-1768,3959,3960,3961]],[[-1780,3962]],[[-1782,3963]],[[-1790,3964]],[[-1792,3965]],[[-1795,3966]],[[-1801,3967,-1805,3968,-1803,3969]],[[-1807,3970,-1811,3971,-1809,3972]],[[-1813,3973]],[[-1815,3974]],[[-1817,3975]],[[-1821,3976]],[[-1827,3977,3978,3979]],[[-1834,3980]],[[-1836,3981,-1839,3982,3983,3984,3985,3986,3987,-1841,3988,3989,3990,3991,3992,3993,3994,3995,3996,3997,3998,3999,4000,4001,4002]],[[-1843,4003]],[[-1845,4004,4005,4006]],[[-1847,4007]],[[-1851,4008]],[[-1853,4009,-1855,4010]],[[-1857,4011]],[[-1859,4012]],[[-1861,4013]],[[-1884,4014]],[[-1886,4015]],[[-1888,4016,-1890,4017,-1899,4018,-1897,4019,-1901,4020,-1907,4021,-1911,4022,-1909,4023]],[[-1913,4024,4025,4026,4027,4028,4029]],[[-1924,4030]],[[-1951,4031]],[[-1953,4032,-1959,4033]],[[-1961,4034]],[[-1963,4035]],[[-1980,4036]],[[-1986,4037]],[[-2013,4038,4039,4040,4041]],[[-2016,4042]],[[-2020,4043,4044,4045]],[[-2023,4046]],[[-2029,4047]],[[-2033,4048,-2031,4049,-2112,4050,4051,4052,4053,4054,4055,4056,4057,4058,4059,4060,4061,4062,4063,4064,4065,4066,4067,4068,4069,4070,-2118,4071,-2122,4072]],[[-2035,4073]],[[-2064,4074]],[[-2072,4075,4076,-2085,4077,4078,4079,4080,4081]],[[-2087,4082]],[[-2089,4083]],[[-2106,4084]],[[-2110,4085]],[[-2120,4086]],[[-2126,4087]],[[-2132,4088,-2134,4089]],[[-2142,4090]],[[-2153,4091]],[[-2156,4092]],[[-2160,4093]],[[-2177,4094]],[[-2183,4095]],[[-2187,4096,4097]],[[-2193,4098]],[[-2195,4099]],[[-2198,4100]],[[-2202,4101]],[[-2204,4102]],[[-2207,4103]],[[-2209,4104]],[[-2216,4105,-2358,4106,-2214,4107,-2218,4108]],[[-2221,4109]],[[-2241,4110]],[[-2245,4111]],[[-2379,4112,-2257,4113]],[[-2267,4114]],[[-2269,4115]],[[-2281,4116]],[[-2283,4117]],[[-2288,4118]],[[-2291,4119]],[[-2295,4120]],[[-2298,4121,4122,-2449,4123]],[[-2474,4124,-2306,4125,-2304,4126,-2300,4127,4128,4129]],[[-2302,4130]],[[-2312,4131,-2310,4132,-2370,4133,-2372,4134]],[[-2336,4135]],[[-2340,4136,-2338,4137]],[[-2342,4138,4139]],[[-2344,4140,4141]],[[-2346,4142,-2354,4143]],[[-2352,4144,-2374,4145]],[[-2356,4146]],[[4147,4148,-2360,4149]],[[-2364,4150,-2368,4151]],[[-2381,4152]],[[-2385,4153]],[[-2457,4154,4155,-2460,4156,-2462,4157,-2464,4158,-2466,4159,-2468,4160,-2391,4161,-2389,4162,-2387,4163,4164,4165,4166,-2471,4167,-2441,4168,-2439,4169,4170,4171]],[[-2393,4172,-2395,4173]],[[-2397,4174,4175,4176]],[[-2403,4177]],[[-2409,4178,-2411,4179,-2415,4180,-2447,4181,-2445,4182,-2443,4183,4184]],[[-2419,4185]],[[-2491,4186,-2493,4187,-2422,4188,-2495,4189]],[[-2424,4190]],[[-2426,4191]],[[-2428,4192]],[[-2430,4193,-2432,4194]],[[-2434,4195]],[[-2451,4196,4197,4198,4199,4200]],[[-2477,4201]],[[-2480,4202]],[[-2482,4203]],[[-2505,4204]],[[-2507,4205]],[[-2509,4206]],[[-2517,4207,4208,4209,-2513,4210,-2511,4211,-2521,4212,-2519,4213]],[[-2525,4214]],[[-2529,4215,-2535,4216]],[[-2531,4217]],[[-2537,4218]],[[-2546,4219,4220,4221]],[[-2551,4222,-2549,4223,-2590,4224,-2594,4225]],[[-2555,4226]],[[-2557,4227]],[[-2564,4228]],[[-2568,4229,4230,4231,4232,4233,4234,4235]],[[-2572,4236]],[[-2574,4237]],[[-2604,4238,-2576,4239]],[[-2578,4240]],[[-2581,4241]],[[-2588,4242,4243,-2585,4244,-2583,4245,4246,4247,4248,4249,4250]],[[-2592,4251]],[[-2596,4252]],[[-2598,4253]],[[-2600,4254]],[[-2602,4255]],[[-2610,4256]],[[-2620,4257]],[[-2622,4258,4259],[4892]],[[-2624,4260]],[[-2626,4261]],[[-2630,4262,4263,4264]],[[-2642,4265,-2646,4266,-2644,4267,-2634,4268,-2632,4269,4270,4271,4272,4273]],[[-2636,4274]],[[-2638,4275]],[[-2640,4276]],[[-2648,4277]],[[-2652,4278,4279]],[[-2664,4280]],[[-2668,4281]],[[-2670,4282,-2674,4283]],[[-2676,4284,4285]],[[-2678,4286]],[[-2680,4287]],[[-2684,4288,4289,4290,4291,4292]],[[-2687,4293]],[[-2689,4294]],[[-2695,4295]],[[-2698,4296]],[[-2701,4297,4298]],[[-2703,4299]],[[-2706,4300]],[[-2709,4301]],[[-2713,4302,-2711,4303,4304]],[[-2715,4305,-2717,4306]],[[-2719,4307,4308,4309]],[[-2721,4310]],[[-2725,4311]],[[-2737,4312,-2739,4313,-2741,4314]],[[-2748,4315]],[[-2750,4316]],[[-2752,4317]],[[-2754,4318]],[[-2756,4319]],[[-2760,4320,-2758,4321]],[[-2762,4322]],[[-2764,4323]],[[-2766,4324]],[[-2768,4325]],[[-2770,4326,-2776,4327,-2774,4328]],[[-2778,4329]],[[-2780,4330]],[[-2782,4331]],[[-2784,4332]],[[4333,4334]],[[4337,4338]],[[4339,4340]],[[4341,4342,4343,4344,4345,4346]],[[4347,4348,4349,4350]],[[4351,4352]],[[4353,4354]],[[4355,4356]],[[4357,4358]],[[4359,4360,4361,4362,4363,4364]],[[4365,4366]],[[4367,4368]],[[4369,4370]],[[4373,4374]],[[4377,4378]],[[4379,4380]],[[4381,4382,4383]],[[4384,4385,4386]],[[4387,4388]],[[4389,4390]],[[4391,4392,4393]],[[4394,4395]],[[4396,4397,4398,4399,4400,4401,4402,4403,4404,4405,4406,4407,4408,4409]],[[4410,4411]],[[4412,4413]],[[4416,4417]],[[4418,4419,4420,4421]],[[4422,4423]],[[4424,4425]],[[4426,4427]],[[4428,4429,4430,4431]],[[4432,4433]],[[4434,4435,4436,4437,4438,4439,4440,4441]],[[4442,4443,4444,4445]],[[4446,4447,4448,4449]],[[4450,4451,4452,4453,4454,4455,4456,4457,4458,4459]],[[4460,4461,4462,4463,4464,4465,4466,4467,4468,4469]],[[4470,4471,4472,4473,4474,4475]],[[4476,4477,4478,4479,4480,4481]],[[4482,4483]],[[4484,4485,4486,4487]],[[4488,4489]],[[4490,4491,4492]],[[4493,4494,4495]],[[4496,4497]],[[4498,4499]],[[4500,4501,4502]],[[4503,4504,4505]],[[4506,4507]],[[4508,4509,4510,4511,4512,4513]],[[4516,4517,4518,4519]],[[4520,4521]],[[4522,4523,4524,4525]],[[4526,4527,4528,4529]],[[4530,4531]],[[4532,4533]],[[4534,4535,4536,4537]],[[4538,4539]],[[4540,4541]],[[4542,4543]],[[4544,4545]],[[4546,4547,4548,4549]],[[4550,4551]],[[4552,4553]],[[4554,4555]],[[4556,4557]],[[4558,4559]],[[4560,4561]],[[4562,4563,4564,4565,4566,4567,4568,4569,4570,4571]],[[4572,4573,4574,4575,4576,4577]],[[4578,4579]],[[4580,4581]],[[4582,4583,4584,4585,4586,4587]],[[4588,4589]],[[4590,4591,4592,4593,4594,4595,4596,4597]],[[4598,4599,4600,4601]],[[4602,4603,4604,4605,4606,4607,4608,4609]],[[4610,4611,4612,4613]],[[4614,4615]],[[4616,4617]],[[4618,4619]],[[4620,4621]],[[4622,4623,4624,4625,4626,4627]],[[4628,4629]],[[4630,4631]],[[4632,4633]],[[4634,4635]],[[4636,4637]],[[4638,4639]],[[4640,4641,4642,4643]],[[4644,4645]],[[4646,4647]],[[4648,4649,4650,4651]],[[4652,4653]],[[4654,4655]],[[4656,4657]],[[4658,4659,4660,4661]],[[4662,4663]],[[4664,4665]],[[4666,4667]],[[4668,4669,4670,4671,4672,4673,4674,4675]],[[4676,4677,4678,4679]],[[4680,4681,4682]],[[4683,4684,4685]],[[4686,4687]],[[4688,4689]],[[4690,4691]],[[4692,4693]],[[4694,4695]],[[4696,4697,4698,4699]],[[4700,4701]],[[4702,4703]],[[4704,4705]],[[4706,4707]],[[4708,4709]],[[4710,4711]],[[4712,4713,4714,4715]],[[4716,4717]],[[4718,4719]],[[4720,4721]],[[4722,4723,4724,4725,4726,4727,4728,4729,4730,4731]],[[4732,4733,4734]],[[4735,4736,4737,4738,4739,4740]],[[4741,4742]],[[4743,4744,4745,4746]],[[4747,4748,4749,4750]],[[4751,4752,4753,4754]],[[4755,4756,4757,4758]],[[4759,4760]],[[4761,4762]],[[4763,4764]],[[4765,4766]],[[4767,4768]],[[4769,4770]],[[4771,4772]],[[4773,4774,4775,4776,4777,4778,4779]],[[4780,4781]],[[4782,4783]],[[4784,4785]],[[4786,4787]],[[4788,4789]],[[4790,4791]],[[4792,4793]],[[4794,4795]],[[4796,4797]],[[4798,4799]],[[4800,4801]],[[4802,4803,4804,4805,4806,4807,4808,4809,4810,4811,4812,4813,4814,4815,4816,4817,4818,4819,4820,4821,4822,4823]],[[4824,4825,4826,4827]],[[4828,4829,4830,4831]],[[4832,4833]],[[4834,4835]],[[4836,4837]],[[4838,4839]],[[4840,4841]],[[4842,4843]],[[4844,4845]],[[4846,4847]],[[4848,4849]],[[4850,4851]],[[4852,4853]],[[4854,4855]],[[4856,4857]],[[4858,4859]],[[4860,4861]],[[4862,4863]],[[4864,4865]],[[4866,4867]],[[4868,4869]],[[4870,4871]],[[4872,4873]],[[4874,4875]],[[4876,4877]],[[4878,4879]],[[4880,4881]],[[4882,4883]],[[4884,4885]],[[4886,4887]],[[4888,4889,4890,4891]],[[4893,4894,4895,4896,4897,4898,4899,4900,4901,4902,4903,4904,4905,4906,4907,4908,4909,4910,4911,4912,4913,4914,4915,4916,4917,4918,4919,4920,4921,4922,4923,4924]],[[4925,4926,4927,4928,4929,4930]],[[4931,4932,4933,4934]],[[4935,4936]],[[4937,4938]],[[4939,4940]],[[4941,4942]],[[4943,4944]],[[4945,4946]],[[4947,4948]],[[4949,4950]],[[4951,4952,4953,4954]],[[4955,4956]],[[4957,4958]],[[4959,4960,4961,4962,4963,4964]],[[4965,4966,4967,4968]],[[4969,4970,4971,4972]],[[4973,4974]],[[4975,4976,4977,4978,4979,4980]],[[4981,4982,4983,4984,4985,4986]],[[4987,4988]],[[4989,4990,4991,4992,4993]],[[4994,4995]],[[4996,4997]],[[4998,4999]],[[5000,5001]],[[5002,5003]],[[5004,5005]],[[5006,5007]],[[5010,5011]],[[5012,5013]],[[5014,5015]],[[5016,5017]],[[5018,5019]],[[5020,5021]],[[5022,5023]],[[5024,5025]],[[5026,5027]],[[5028,5029]],[[5030,5031]],[[5032,5033]],[[5034,5035]],[[5036,5037]],[[5038,5039]],[[5040,5041]],[[5042,5043]],[[5044,5045]],[[5046,5047]],[[5048,5049]],[[5050,5051]],[[5052,5053]],[[5054,5055]],[[5056,5057]],[[5058,5059]],[[5060,5061]],[[5062,5063]],[[5064,5065]],[[5066,5067]],[[5068,5069,5070,5071]],[[5072,5073]],[[5074,5075]],[[5076,5077]],[[5078,5079]],[[5080,5081]],[[5082,5083]],[[5084,5085]],[[5086,5087]],[[5088,5089]],[[5090,5091]],[[5092,5093]],[[5094]],[[5095]],[[5096,5097]],[[5098,5099]],[[5100,5101]],[[5102,5103]],[[5104,5105]],[[5106,5107]],[[5108,5109]],[[5110,5111]],[[5112,5113]],[[5114,5115]],[[5116,5117]],[[5118,5119]],[[5120,5121]],[[5122,5123]],[[5124,5125]],[[5126,5127]],[[5128,5129]],[[5130,5131]],[[5132,5133,5134,5135]],[[5136,5137]],[[5138,5139]],[[5140,5141]],[[5142,5143]],[[5144,5145]],[[5146,5147]],[[5148,5149]],[[5150,5151]],[[5152,5153,5154,5155]],[[5156,5157]],[[5158,5159]],[[5160,5161]],[[5162,5163]],[[5164,5165]],[[5166,5167]],[[5168,5169]],[[5170,5171]],[[5172,5173]],[[5174,5175]],[[5176,5177]],[[5178,5179]],[[5180,5181]],[[5182,5183]],[[5184,5185]],[[5186,5187]],[[5188,5189]],[[5190,5191]],[[5192,5193]],[[5194,5195]],[[5196,5197]],[[5198,5199]],[[5200,5201]],[[5202,5203]],[[5204,5205]],[[5206,5207]],[[5208,5209]],[[5210,5211]],[[5212,5213]],[[5214,5215]],[[5216,5217]],[[5218,5219]],[[5220,5221]],[[5222,5223]],[[5224,5225]],[[5226,5227]],[[5228,5229]],[[5230,5231]],[[5232,5233]],[[5234,5235]],[[5236,5237]],[[5238,5239]],[[5240,5241]],[[5242,5243]],[[5244,5245,5246,5247]],[[5248,5249,5250,5251]],[[5252,5253]],[[5254,5255,5256,5257]],[[5258,5259]],[[5260,5261]],[[5262,5263]],[[5264,5265]],[[5266,5267]],[[5268,5269]],[[5270,5271,5272,5273]],[[5274,5275]],[[5276,5277]],[[5278,5279]],[[5280,5281]],[[5282,5283]],[[5284,5285]],[[5286,5287]],[[5288,5289]],[[5290,5291]],[[5292,5293]],[[5294,5295,5296,5297,5298,5299,5300,5301]],[[5302,5303]],[[5304,5305]],[[5306,5307]],[[5308,5309]],[[5310,5311]],[[5312,5313]],[[5314,5315]],[[5316,5317]],[[5318,5319]],[[5320,5321]],[[5322,5323]],[[5324,5325]],[[5326]],[[5327,5328,5329,5330]],[[5331,5332]],[[5333,5334]],[[5335,5336]],[[5337,5338]],[[5339,5340]],[[5341,5342]],[[5343,5344]],[[5345,5346]],[[5347,5348]],[[5349,5350]],[[5351,5352]],[[5353,5354]],[[5355,5356]],[[5357,5358]],[[5359,5360]],[[5361,5362]],[[5363,5364]],[[5365,5366]],[[5367,5368,5369,5370,5371,5372]],[[5373,5374]],[[5375,5376]],[[5377,5378]],[[5379,5380,5381,5382,5383,5384]],[[5385,5386]],[[5387,5388]],[[5389,5390]],[[5391,5392]],[[5393,5394]],[[5395,5396]],[[5397,5398]],[[5399,5400]],[[5401,5402]],[[5403,5404]],[[5405,5406]],[[5407,5408]],[[5409,5410]],[[5411,5412]],[[5413,5414]],[[5415,5416]],[[5417,5418]],[[5419,5420]],[[5421,5422]],[[5423,5424]],[[5425]],[[5426]],[[5427]],[[5428,5429,5430,5431]],[[5432,5433,5434,5435,5436,5437]],[[5438,5439]],[[5440,5441]],[[5442,5443]],[[5444,5445]],[[5446]],[[5447,5448]],[[5449,5450]],[[5451,5452,5453,5454]],[[5455,5456]],[[5457]],[[5458,5459]],[[5460,5461]],[[5462,5463]],[[5464,5465]],[[5466,5467]],[[5468,5469]],[[5470,5471]],[[5472,5473]],[[5474,5475]],[[5476,5477]],[[5478,5479]],[[5480,5481]],[[5482,5483]],[[5484,5485]],[[5486,5487]],[[5488,5489]],[[5490,5491]],[[5492,5493]],[[5494,5495]],[[5496,5497]],[[5498,5499,5500,5501]],[[5502,5503]],[[5504,5505]],[[5506,5507]],[[5508,5509]],[[5510,5511,5512,5513]],[[5514,5515,5516,5517,5518,5519]],[[5520,5521]],[[5522,5523]],[[5524,5525]],[[5526,5527]],[[5528,5529]],[[5530,5531]],[[5532,5533]],[[5534,5535,5536,5537]],[[5538,5539,5540,5541,5542,5543,5544,5545]],[[5546,5547]],[[5548,5549]],[[5550,5551]],[[5552,5553]],[[5554,5555]],[[5556,5557]],[[5558,5559]],[[5560,5561]],[[5562,5563]],[[5564,5565]],[[5566,5567,5568,5569]],[[5570,5571]],[[5572,5573]]],"type":"MultiPolygon","properties":{"CONSD_POLY":"Other/Water","Shape_Leng":6611689.49747,"Shape_Area":2961332126.75},"id":1},{"arcs":[[[-74,5574,5575,5576]],[[5577,-4391,5578,-4389,5579,-4387,5580,5581,5582,5583,5584,5585,5586,5587,5588,5589,5590,5591,5592,5593,5594,5595,-82,5596,-80,5597,5598,5599,5600,5601,5602,5603,5604,5605,5606,5607,5608,5609,5610,5611,5612,-88,5613,5614,5615,5616,5617,5618,-102,5619,5620,5621,5622,5623,5624,5625,5626,-106],[6968,6969,6970,6971],[6972],[6973,6974],[7001]],[[-100,5627]],[[-118,5628]],[[-123,5629]],[[-125,5630]],[[-130,-934,5631,-932,5632,5633,-3673,5634,-3671,5635,5636,-3668,5637,-3666,5638,-3664,5639,-3662,-2488,-3660,-2486,-3659,5640,5641,-3656,5642,-3654,-2143,-4091,-2155,5643,-5029,5644,5645,5646,-1129,5647,5648,5649,-5031,5650,-3727,5651,-3725,5652,-1107,-3721,-1105,5653,-5033,5654,5655,5656,-1099,5657,5658,5659,-5035,5660,5661,5662,5663,5664,-1095,5665,-1093,-3720,-1091,5666,-1089,-3719,-1087,5667,-3814,-1312,-3813,-1310,-3812,-1308,5668,-3810,5669,-1304,5670,-1302,-3808,-1300,5671,-5037,5672,-3803,-1292,5673,-2532,-4218,-2530,-4217,-2534,5674,-1290,-3802,-1288,-3801,-1286,-3800,-2563,-3799,-1284,-3798,-2635,-4268,-2643,-4274,5675,-4272,5676,-2627,-4262,-2625,-4261,-2623,-4260,-4259,-2621,-4258,-2619,-3797,-2611,-4257,-2609,-3793,-2607,-3792,-1282,-3791,-1280,5677,5678,-1269,5679,-5039,5680,-1267,5681,-1265,5682,-1259,-3788,-1257,5683,-5041,5684,-5043,5685,-1255,-3787,-2736,-3786,-1253,-3785,-1251,-3784,-3783,-1249,-3782,-1247,-3781,-1245,5686,-2947,5687,-2771,-4329,-2773,5688,-3776,-2747,-3775,-2745,5689,-3773,5690,-3771,-2732,5691,-2730,-3770,5692,-3768,5693,-1234,5694,5695,-1231,5696,5697,5698,5699,5700,5701,5702,5703,5704,5705,-1213,5706,-4674,5707,-4680,5708,-4678,5709,-4683,5710,5711,-4686,5712,5713,5714,5715,5716,5717,-4664,5718,-4660,5719,-4658,5720,-4656,5721,-4654,5722,-4650,5723,-4648,5724,-4646,5725,-4644,5726,-5045,5727,-4642,5728,-4640,5729,-4638,5730,-4636,5731,-4634,5732,-4632,5733,-4630,5734,-4626,5735,-2704,-4300,-2702,-4299,5736,-5047,5737,-2681,-4288,-2679,-4287,-2677,-4286,5738,-5049,5739,-5051,5740,-5053,5741,-2671,-4284,-2675,-4283,-2673,5742,-2691,5743,-4624,5744,-4622,5745,-4618,5746,5747,5748,-4612,5749,-1172,-3750,-1170,-3749,-1168,5750,-4600,5751,-4586,5752,-4598,5753,-4590,5754,-4582,5755,-4580,5756,-4576,5757,-4568,5758,-4560,5759,-4554,5760,-4552,5761,-4548,5762,-4540,5763,-4536,5764,-4532,5765,-2238,5766,-2236,5767,5768,5769,5770,5771,-2234,5772,-2232,5773,-4988,5774,-2226,5775,-2888,5776,-2890,5777,-2224,5778,-2222,-4110,-2220,5779,-2365,-4152,-2369,-4151,-2367,5780,-2892,5781,-2896,5782,-2894,5783,-2212,5784,-2898,5785,5786,-2188,-4098,5787,-2900,5788,-4990,5789,-4993,5790,5791,5792,5793,5794,-4995,5795,5796,5797,5798,5799,5800,-2108,5801,-2104,5802,-4997,5803,5804,-2101,5805,5806,5807,-2099,5808,-2135,-4089,-2133,-4090,-2141,5809,-2139,5810,5811,5812,-4999,5813,5814,5815,-2137,5816,-2097,5817,-2095,5818,-2093,5819,5820,5821,-2902,5822,5823,-5001,5824,-5003,5825,5826,-2904,5827,5828,5829,-5005,5830,5831,5832,-5007,5833,5834,5835,5836,5837,5838,-2036,-4074,-2047,5839,5840,-5009,5841,5842,5843,5844,5845,5846,5847,5848,5849,5850,5851,5852,5853,5854,5855,5856,5857,5858,5859,5860,-339,5861,-5011,5862,-5013,5863,-337,5864,5865,5866,-335,-3463,-1966,-3462,-333,5867,-331,-3461,-327,-3459,-325,5868,-323,5869,-321,-3458,-1979,5870,-314,5871,-312,5872,5873,-309,-3450,-2012,5874,5875,-2906,5876,-2003,-3445,-2001,-3444,5877,5878,5879,-1998,-3440,-1996,5880,-1931,5881,-2908,5882,-2910,5883,-264,5884,-2825,5885,-5015,5886,-1917,5887,-1915,5888,-5017,5889,-5019,5890,-2913,5891,-2917,5892,-2927,5893,-2931,5894,-2929,5895,-2925,5896,-2923,5897,-2921,5898,-2933,5899,-2935,5900,-2919,5901,-2915,5902,-2937,5903,-5021,5904,-2939,5905,-5023,5906,-2941,5907,-5025,5908,-218,5909,-180,-3395,-3394,-178,5910,-5027,5911,-176,5912,-3391,-1923,-3390,-172,5913,-170,5914,-2846,5915,-2943,5916,-2945,5917,-2844,5918,-156,5919,-154,5920,-150,5921,-148,5922,-142,5923,-140,5924,-138,5925,-136,5926,-134,5927],[-4031,-1925],[-4087,-2119,-4071,6306,-4067,6307,-4057,6308,-4055,6309,-5097,6310,-4040,6311,-2113,-4050,-2030,-4048,-2034,-4073,-2121],[-2065,-4075,-2067,6320,-2949,6321,-5101,6322,-5103,6323],[6378,-5165,6379,-5167,6380,-4934,6381,-5169,6382,-5171,6383,-5173,6384,-4304,-2710,-4302,-2708,6385,-5175,6386,-5177,6387,-5179,6388,-5181,6389,-5183,6390,-5185,6391,-5187,6392,-5189,6393,-4908,6394,-4906,6395,-4904,6396,-5191,6397,-5193,6398,-5195,6399,-5197,6400,-5199,6401,-5201,6402,-5203,6403,-5205,6404,-5207,6405,-5209,6406,-4924,6407,-4922,6408,-5211,6409,-5213,6410,-5215,6411,-5217,6412,-5219,6413,-5221,6414,-2560,6415,-2957,-2501,6416,-4821,6417,-5223,6418,-4817,6419,-5225,6420,-4807,6421,-4805,6422,-5227,6423,-5229,6424,-5231,6425,-2420,-4186,-2418,6426,-2416,-4180,-2414,6427,-2959,6428,-2961,6429,-4165,6430,-2401,6431,-2437,6432,-5115,6433,-5117,6434,-2435,-4196,-2433,-4194,-2429,-4193,-2427,-4192,-2425,-4191,-2423,-4188,-2508,-4206,-2506,-4205,-2504,6435,-2955,6436,-5119,6437,-5121,6438,-2558,-4228,-2556,-4227,-2554,6439,-5123,6440,-2552,-4226,-2595,-4225,-2589,-4251,6441,-2579,-4241,-2577,-4239,-2605,-4240,-2575,-4238,-2573,-4237,-2593,-4252,-2591,-4224,-2548,6442,-5125,6443,-5127,6444,-5129,6445,-5131,6446,-5133,6447,-5135,6448,-5137,6449,-5139,6450,-5141,6451,-5143,6452,-5145,6453,-5147,6454,-5149,6455,-5151,6456,-5153,6457,-5155,6458,-5157,6459,-5159,6460,-5161,6461,-5163,6462,-4930,6463],[-2452,-4201,6465,-4199,6466,-4197,-2456,6467,-5081,6468,-5083,6469,-2454,6470],[-5390,6477,-4208,-2520,-4213,-2524,6478,-5392,6479,-2522,-4212,-2510,-4207,-2516,6480,-2514,-4210,6481,-5394,6482],[-5420,6483,-2569,-4236,6484,-4234,6485,-5422,6486,-5424,6487,-2538,-4219,-2540,6488],[-2565,-4229,-2567,6489],[-4254,-2597,-4253,-2599],[-4275,-2637],[-4281,-2667,6493,-2649,-4278,-2651,6494,-2665],[-2669,-4282],[-4307,-2720,-4310,6508,-5321,6509,-5323,6510,-5325,6511,-4308,-2718,-4306,-2716],[-5313,6512,-5315,6513,-2722,-4311,-2724,6514,-5317,6515,-5319,6516],[-2726,-4312,-2728,6517],[-4318,-2751,-4317,-2749,-4316,-2755,-4319,-2753],[-4320,-2769,-4326,-2767,-4325,-2765,-4324,-2763,-4323,-2761,-4322,-2757],[-4330,-2783,-4332,-2781,-4331,-2779],[-2786,6518],[-2973,6532,-2834,6533,6534,6535,6536,6537],[-2951,6557,6558,6559,-2953,6560],[-2963,6561,-5259,6562],[-5448,6563,-5450,6564,-2965,6565],[-2967,6566,-5487,6567],[-2969],[-2970],[-2971],[-2972],[-2975,6568,-2978,6569,6570],[-2980,6571,-2984,6572,-2982,6573],[-4374,-4375],[-4665,-4666],[-4727,6717,-4725,6718,-4731,6719],[-5354,6744,-4827,6745,-5356,6746,-5358,6747,-5360,6748,-5362,6749,-5364,6750,-5366,6751,-5368,6752,-5372,6753,-5370,6754,-5374,6755,-5376,6756],[-4891,6764],[-5309,6790,-5311,6791,-4962,6792],[-4980,6800,-4978,6801],[-4986,6803,-4984,6804],[-5055,6805,-5057,6806],[-5059,6807,-5061,6808,-5063,6809,-5065,6810,-5067,6811],[-5069,6812,-5071,6813,-5073,6814,-5075,6815],[-5077,6816],[-5079,6817],[-5085,6818,-5087,6819,-5089,6820],[-5091,6821],[-5093,6822],[-5095],[-5096],[-5099,6823,6824,6825,6826,6827],[-5105,6828],[-5107,6829],[-5109,6830],[-5111,6831],[-5113,6832],[-5233,6833,-5235,6834],[-5237,6835],[-5239,6836,6837],[-5241,6838,-5243,6839],[-5245,6840,-5247,6841],[-5249,6842,-5251,6843,-5253,6844],[-5255,6845,-5257,6846],[-5261,6847,-5263,6848,-5265,6849,-5267,6850],[-5269,6851],[-5271,6852,-5273,6853,-5275,6854,-5277,6855],[-5279,6856,-5281,6857],[-5283,6858,-5285,6859],[-5287,6860,-5289,6861,-5291,6862],[-5293,6863],[-5295,6864,-5303,6865,-5301,6866,-5299,6867,-5297,6868],[-5305,6869],[-5307,6870],[-5327],[-5328,6871,-5330,6872,-5332,6873],[-5334,6874],[-5336,6875],[-5338,6876],[-5340,6877,-5342,6878,-5344,6879,-5346,6880],[-5348,6881],[-5350,6882],[-5352,6883],[-5378,6884],[-5380,6885,-5384,6886,-5386,6887,-5388,6888,-5382,6889],[-5396,6890,-5398,6891,-5400,6892,-5402,6893],[-5404,6894],[-5406,6895,-5408,6896,-5410,6897,-5412,6898,-5414,6899,-5416,6900,-5418,6901],[-5426],[-5427],[-5428],[-5429,6902,-5431,6903,-5433,6904,-5437,6905,-5435,6906],[-5439,6907,-5441,6908,-5443,6909],[-5445,6910],[-5447],[-5452,6911,-5454,6912,-5456,6913],[-5458],[-5459,6914],[-5461,6915,-5463,6916,-5465,6917],[-5467,6918,-5469,6919],[-5471,6920,-5473,6921,-5475,6922],[-5477,6923],[-5479,6924],[-5481,6925,-5483,6926],[6927,-5485,6928],[-5489,6929],[-5491,6930,-5493,6931],[6949,6950],[7004,7005,7006,7007,7008,7009],[7030,7031,7032,7033],[7034],[7039],[7048],[7049],[7052],[7053,7054],[7055,7056],[7058,7059],[7060,7061],[7069],[7073],[7074],[7075],[7076],[7077],[7078],[7079],[7081],[7082],[7084],[7085],[7086],[7088],[7089],[7090],[7091],[7092],[7093],[7094],[7095],[7098],[7100],[7101],[7102],[7103],[7104],[7105],[7106],[7107],[7108],[7109],[7110],[7111],[7112],[7113],[7114],[7115],[7116],[7117],[7118],[7119],[7120],[7121],[7122],[7123],[7124],[7125],[7126],[7127],[7128],[7129],[7130],[7131],[7132],[7133],[7134],[7135],[7136],[7138],[7139],[7140],[7143],[7144],[7145],[7146],[7147],[7148],[7149],[7150],[7151],[7152],[7153],[7154],[7155],[7156],[7158],[7159],[7160],[7161]],[[-132,5928]],[[-146,-3389,-144,5929]],[[-152,5930]],[[-160,5931,-158,5932,5933]],[[-163,5934,5935]],[[-166,5936,-2850,5937]],[[-169,5938]],[[-3393,5939,-174]],[[-194,5940,-206,5941,-4699,5942,-204,5943,-202,5944]],[[-4703,5945,-196,5946,-200,5947,-198,5948]],[[-208,5949,-210,5950]],[[-212,5951]],[[-4691,5952,-1831,5953,-224,5954,-220,5955,-4693,5956,-4006,5957]],[[-226,5958,5959]],[[-230,5960,-1828,-3980,5961,-4689,5962]],[[-250,5963,-234,5964]],[[-236,5965,-238,5966]],[[-246,5967,5968,5969]],[[-254,5970,-1823,5971]],[[-256,5972]],[[-260,5973]],[[-262,5974]],[[-3423,-266,5975,5976,5977,5978,-1929]],[[-286,-3414,5979]],[[-2836,5980,-298,5981]],[[-3432,-305,-3434,5982]],[[-3453,5983,-3451,-307]],[[-329,-3460]],[[-341,5984,-4707,5985]],[[-347,5986,-345,-3464,-343,5987,-4705,5988]],[[-2797,5989,-359,5990,-1876,5991]],[[-808,5992,-806,5993,-804,5994]],[[-2795,5995,-812,5996]],[[-3648,-924,-3643,-1146]],[[-926,-3647]],[[5997,-4396,5998,-3683,-964,5999,-4795,6000,6001,6002,6003,6004,6005,6006,6007,6008,6009,6010,6011,6012,6013,6014,-4797,6015,6016,-1990,6017,-1988,6018,6019,6020,6021,-4768,6022,-1984,6023,6024,6025,6026,6027,6028,6029,6030,6031,6032,6033,6034,6035,6036,6037,6038,6039,6040,6041,6042,6043,6044,6045,6046,6047,6048,-2043,6049,6050,-2018,6051,-2027,6052,6053,6054,6055,6056,6057,6058,6059,6060,6061,6062,6063,6064,6065,6066,6067,-4770,6068,6069,-4772,6070,6071,6072,6073,6074,6075,6076,-4774,6077,-4715,6078,6079,6080,6081,6082,-4781,6083,6084,-4783,6085,-4785,6086,-2157,-4093,-2159,6087,6088,-4787,6089,-2279,6090,-4789,6091,-4791,6092,6093,-2275,6094,-2273,6095,-4740,6096,-4746,6097,-4738,6098,6099,6100,-2259,6101,-2404,-4178,-2408,6102,-2406,6103,-2253,6104,-2251,6105,-4793,6106,-2249,6107,-2247,6108,-2243,6109,-2239,6110,-4528,6111,-4522,6112,-4518,6113,-999,-3705,6114,-4508,6115,-4506,6116,-4502,6117,-4498,6118,6119,6120,6121,6122,6123,-4492,6124,-4486,6125,-4478,6126,-4450,6127,-4444,6128,-4432,6129,-4438,-4460,6130,-4458,6131,6132,6133,6134,-4462,6135,-4434,6136,-4428,6137,-4426,6138,-4424,6139,-4418,6140,-4416,6141,-4414,6142,-4412,6143,-4402,6144],[-4400,6653],[6940],[7010,7011],[7062,7063],[7070],[7083],[7087],[7096],[7097],[7099]],[[-4140,6145,6146,-2292,-4120,-2335,-2334,6147,-2181,6148,-2179,6149,-2289,-4119,-2287,6150,-4766,6151,-2285,6152,6153,-984,6154,-982,-3701,6155,-4422,6156,-4150,-2363,6157,6158,-2866,6159,-2868,6160,-4141,-2343]],[[-1015,6161]],[[-1020,6162,-1018,6163]],[[-1034,6164,-1026,6165,-1024,-3708,-1022,6166,6167,6168,-2328,6169,-2326,6170,6171,6172],[7057]],[[-3710,-1036,6173,-1038]],[[-1048,6174]],[[-4835,6175,-2314,6176,-2347,-4144,-2355,-4143,-2353,-4146,-2376,6177,-4837,6178,-4839,6179,-4841,6180,-4843,6181,-2350,6182,-2307,-4125,-2476,6183,-4129,6184,-4845,6185,-4847,6186,-4849,6187,-4851,6188,-4853,6189,-4855,6190,6191,6192,-4857,6193,-2879,6194,6195,6196,-4859,6197,-3824,-1340,6198,-1338,6199,-1336,6200,-1334,6201,6202,-1331,-3823,-1329,-3820,-2543,6203,6204,6205,-1324,6206,-4861,6207,-1318,-3818,-1316,-3817,-1314,-3816,6208,-4863,6209,-4865,6210,-1083,-3718,-1081,-3717,-1079,6211,6212,-1065,-3711,-1063,6213,-1061,6214,-1057,6215,-1050,6216,6217,6218,-2322,6219,-2320,6220,6221],[-2384,6373,-2382,-4153],[-2885,6556],[-4867,6758,-4869,6759,-4871,6760],[-4873,6761],[7066,7067],[7068]],[[-1052,6222,6223]],[[-1059,6224]],[[-1068,-3714]],[[-1070,-3713,-2378,-3712]],[[-1073,6225,6226]],[[-1085,6227]],[[-1103,6228,-1101,6229,6230,6231]],[[-1141,6232,-1139,6233,-2149,6234]],[[-1363,-3834,-1361,-3833,-1359,-3832,-1357,-3831,-1355,6235,-2881,6236,-2526,-4215,-2528,6237,-4877,6238,-4879,6239,6240,6241,-4881,6242,-4883,6243,-1192,6244,-1371,6245,-1369,6246,-4885,6247]],[[-1203,6248,-1195,6249]],[[-1201,6250,-1197,6251]],[[-1229,6252]],[[-1276,6253,-1274,6254,-1272,6255,6256,6257]],[[-1278,6258]],[[-1298,-3807,-1296,-3806,6259]],[[-1322,6260]],[[-3821,-1327]],[[-1343,6261]],[[-3826,-1345,6262,-4831,6263,-4833,6264,-1347]],[[-2545,-3827,-1352,-3830,-1350,-3828]],[[-1365,6265]],[[-1520,6266]],[[-1557,6267]],[[-3909,-1562]],[[-1564,-3908]],[[-3907,-1566]],[[-1648,6268]],[[-2792,6269,-1663,6270,-1661,6271,-2790,6272,-1651,6273]],[[-2788,6274,-4687,6275,-1653,6276]],[[-1655,6277]],[[-1657,6278]],[[-1659,6279]],[[-3948,6280,-1758,6281]],[[-1825,6282]],[[-3978,-1833,6283,-4695,6284,-1849,6285]],[[-1852,-4009]],[[-2818,6286,6287,-1882,6288,6289]],[[-1895,6290,6291]],[[-1903,6292]],[[-4025,-1919,6293]],[[-1955,6294,6295,6296]],[[-4709,6297,-1982,6298]],[[-4053,6300,-2115,6301,-2014,-4042,6302]],[[-2025,6303,6304,6305]],[[-4049,-2032]],[[-2038,6312]],[[-2082,6313,6314,6315,6316,-2040,6317,6318,-2860,-2091,6319]],[[-2077,6324,6325,6326]],[[-2079,6327,6328,6329,6330]],[[-4076,-2084,6331]],[[-2117,6332,-4051]],[[-4072,-2123]],[[-2127,-4088,-2131,6333,-2129,6334]],[[-3651,6335,-2147,6336]],[[-2151,6337,-4717,6338,6339,6340]],[[-4094,-2174,6341,-2161]],[[-2165,6342]],[[-2169,6343,-2167,6344,6345]],[[-2184,-4096,-2186,6346]],[[-2191,6347]],[[-4733,6348,-2196,-4100,-2280,6349]],[[-2210,-4105,-2208,-4104,-2206,6350,-4742,6351,-2200,6352]],[[-2228,6353]],[[-2230,6354]],[[-2255,6355]],[[-2265,6356,-4762,6357,-2263,6358,-2261,6359]],[[-2271,6360]],[[-2277,6361,6362]],[[-2872,6363,-4122,-2297,6364]],[[-2319,6365,6366]],[[-2324,6367]],[[-2330,6368,6369,6370,6371,-2332,6372]],[[-4136,-2341,-4138,-2337]],[[-2339,-4137]],[[-4171,6374,-2399,6375,-4176,6376,-2469,-4160,-2467,-4159,-2465,-4158,-2463,-4157,-2461,-4156,6377]],[[-4179,-2410,-4185,6464,-2412]],[[-2431,-4195]],[[-2440,-4169]],[[-4183,-2444]],[[-4182,-2446]],[[-4181,-2448]],[[-4155,-2459,6471]],[[-4167,6472,-2472]],[[-2479,6473,-2483,-4204,-2481,-4203]],[[-3661,-2490]],[[-2497,6474]],[[-4823,6475,-2499,6476]],[[-2512,-4211]],[[-4214,-2518]],[[-4216,-2536]],[[-2550,-4223]],[[-4230,-2571,6490]],[[-2584,-4245]],[[-2586,-4244]],[[-2587,-4243]],[[-3796,-2613]],[[-3795,-2615]],[[-3794,-2617]],[[-4263,-2629,6491]],[[-4270,-2631,-4265,6492]],[[-2633,-4269]],[[-4267,-2645]],[[-2657,6495,-2655,6496,-2653,-4280,6497]],[[-2660,6498,-4950,6499,6500,-2662,6501]],[[-4289,-2683,6502]],[[-2693,6503,-4956,6504,-2685,-4293,6505]],[[-4291,6506,-2699,-4297,-2697,6507]],[[-2742,-4314,-2740,-4313,-2738,-4315]],[[-2759,-4321]],[[-2775,-4328]],[[-2777,-4327]],[[-2804,6519]],[[-2806,6520,-4701,6521]],[[-2808,6522,-4029,6523,-4027,6524]],[[-2810,6525]],[[-2823,6526]],[[-2827]],[[-2828,6527]],[[-2830,6528]],[[-2832,6529,6530,6531]],[[-2838]],[[-2839,6538,-2848,6539,6540,-2842,6541,6542]],[[-2853,6543,-2855,6544,6545]],[[-2858,6546]],[[-2862,6547]],[[-2864,6548]],[[6549,-4496,6550,-2870,6551]],[[-2874,6552]],[[-2876,6553,6554]],[[-2883,6555]],[[-2887]],[[-3944,6574]],[[-3985,6575]],[[-3987,6576]],[[-3468,6577,6578,6579]],[[-4383,6580,6581]],[[-4059,6582]],[[-4065,6583,-4061,6584]],[[-4063,6585]],[[-4069,6586]],[[-4748,6587,6588,6589,6590,6591,6592,6593,6594,-4752,6595,-4754,6596,6597,6598,-4756,6599,-4758,6600,6601,6602,6603,6604,6605,6606,-4760,6607,6608,6609,6610,6611,6612,6613,6614,6615,-4393,6616,6617,6618,6619,6620,6621,6622,6623,6624,6625,6626,6627,6628,6629,6630,6631,6632,6633,6634,6635,6636,6637,6638,6639,6640,6641,6642,6643,6644,6645,6646,6647,6648,6649]],[[-3681,6650]],[[-3685,6651]],[[6652,-4398]],[[-4404,6654]],[[-4406,6655]],[[6658,-4420]],[[6659,-4430]],[[-4436,6660]],[[-4440,6661]],[[-4442,6662]],[[-4446,6663]],[[-4448,6664]],[[-4452,6665,6666]],[[-4454,6667,6668]],[[6669,-4456]],[[6670,-4466,6671]],[[6672,-4468]],[[-4470,6673]],[[-4480,6674]],[[-4482,6675]],[[-4488,6676]],[[6677,-4520]],[[-4530,6678]],[[6680,-4550]],[[-4564,6681]],[[-4566,6682]],[[-4570,6683]],[[6684,-4572]],[[6685,-4574]],[[-4578,6686]],[[-4584,6687]],[[-4588,6688]],[[6689,-4592]],[[6690,-4594]],[[-4596,6691]],[[6692,-4602]],[[-4875,6693,-4221,6694]],[[-4232,6695]],[[-4247,6697]],[[-4249,6698]],[[-4628,6699]],[[-4652,6700]],[[-4662,6701]],[[6702,-4670]],[[6703,-4672]],[[-4676,6704]],[[-4697,6705]],[[-4711,6706,6707,6708]],[[-4713,6709]],[[-4719,6710,6711,6712,6713,-4721,6714,6715]],[[-4723,6716]],[[-4729,6720]],[[-4736,6721]],[[-4744,6722]],[[6723,6724,6725,6726,6727,6728,6729,-4764,6730,6731,6732]],[[-4799,6733,-4801,6734,6735,6736]],[[-4803,6737]],[[-4809,6738]],[[-4811,6739]],[[-4813,6740]],[[-4815,6741]],[[-4819,6742]],[[-4825,6743]],[[-4829,6757]],[[-4887,6762]],[[-4889,6763]],[[-4893]],[[-4894,6765]],[[-4896,6766]],[[-4902,6767,-4900,6768,-4898,6769,-4958,6770]],[[-4910,6771,-4954,6772]],[[-4936,6773,-4914,6774,-4912,6775]],[[-4916,6776,-4918,6777]],[[-4938,6778,-4940,6779,-4942,6780,-4944,6781,-4946,6782,-4948,6783,-4920,6784]],[[-4926,6785]],[[-4928,6786]],[[-4932,6787]],[[-4952,6788]],[[-4960,6789]],[[-4964,6793]],[[-4970,6795,-4968,6796,-4974,6797,-4972,6798]],[[-4976,6799]],[[-4982,6802]],[[6932,6933,6934]],[[6935,6936]],[[6937,6938]],[[6939]],[[6941,6942,6943]],[[6944,6945]],[[6946,6947]],[[6948]],[[6951]],[[6952]],[[6953]],[[6954,6955]],[[6956,6957]],[[6958,6959,6960,6961]],[[6962,6963,6964,6965,6966,6967]],[[6975,6976]],[[6977,6978,6979,6980]],[[6981,6982]],[[6983,6984,6985,6986,6987,6988]],[[6989,6990,6991,6992]],[[6993,6994,6995,6996]],[[6997,6998,6999,7000]],[[7002,7003]],[[7012,7013]],[[7014,7015,7016,7017]],[[7018,7019]],[[7020,7021]],[[7022,7023]],[[7024,7025]],[[7026,7027,7028,7029]],[[7035,7036]],[[7037,7038]],[[7040,7041,7042,7043,7044,7045]],[[7046,7047]],[[7050,7051]],[[7064,7065]],[[7071]],[[7072]],[[7080]],[[7137]],[[7141]],[[7142]],[[7157]]],"type":"MultiPolygon","properties":{"CONSD_POLY":"Pine/Northern Mesic/Boreal","Shape_Leng":16982593.1894,"Shape_Area":52747192580.7},"id":2},{"arcs":[[[-3590,-663,7162,-661,7163,-5495,7164,-659,7165,-657,7166,-3003,7167,-3005,7168,-3011,7169,7170,-3014,7171,-3008,7172,7173,7174,7175,-5,-3017,7176,-665]],[[7177,-8,7178,-643]],[[-676,-3591,-674,7179,-672,7180,-10,7181,-32,7182,-688,7183,-682,7184,-680,7185,-678,7186]],[[-13,7187,-597,-3569,-595,-3568,-593,7188]],[[-15,7189]],[[-648,7190,-646,7191,-22,-3204,-20,7192,-654,7193,-652,7194],[-3019]],[[7195,7196,-24]],[[-37,7197,-28,7198,-1392,7199,-1390,7200,-1386,7201,-5497,7202,-3026,7203,-1421,-3850,-1423,7204]],[[-30,7205]],[[7206,-39,7207]],[[-1616,-3317,7208,-49,-3319]],[[-2282,-4117,-2290,-6150,-2178,-4095,-2182,-6148,-2333,-6372,7209,-6957,7210,-6545,-2859,-6547,-2857,7211,-119,-5629,-117,-3384,7212,-3688,-988,-3703,-986,7213,-6153,-2284,-4118],[-2865,-6549,-2863,-6548],[-3110],[-3111]],[[-121,7214]],[[-244,7215,-5969,7216]],[[-252,7217]],[[-274,-3418]],[[-382,7218]],[[-391,7219]],[[-394,7220,7221]],[[-423,7222,-419,7223,-415,7224,-3961,7225,-1772,7226,-1864,-3500,7227,7228]],[[-1783,-3964,-1781,-3963,-1789,7229,7230,-431,-3522,-429,7231,7232]],[[-481,-3531,-479,7233,-486,7234,-483,7235]],[[-496,7236]],[[-498,7237]],[[-504,-3534,-502,7238]],[[-555,7239]],[[-3555,-561,7240,-563]],[[-3557,-566,-3558,-1429]],[[-3556,-568]],[[-589,7241,7242,-3032,7243,-3028,7244]],[[-591,7245]],[[7246,7247,-1378,-3576,-614]],[[7248,-639,7249,-617,7250]],[[7251,-670]],[[-684,7252]],[[-686,7253]],[[-695,-3298,7254]],[[-699,7255,-703,7256,-701,7257]],[[-3291,-718]],[[-728,-3287,7258]],[[-730,7259,-3285,-1610,7260]],[[-3280,-740,-3594,-738,7261]],[[-3057,7262,-3260,7263,-763,7264,-761,7265,-3264,7266,-3262,7267]],[[-3256,-770]],[[-1603,7268,-5501,7269,-787,7270,7271]],[[-810,7272]],[[-814,7273]],[[-816,7274]],[[-818,7275]],[[-821,7276]],[[-827,7277]],[[-831,7278,-3221,7279,-3219,7280,-3217,7281]],[[-3209,-834]],[[-865,7282]],[[-4346,7283,-3602,-867,7284]],[[-872,7285]],[[-876,-3607,-874,7286,-878,-3608]],[[-880,7287,-4364,7288,-885,7289]],[[-882,7290]],[[-5503,7291,-5505,7292,-895,-3618,-893,-3617,-891,7293]],[[-909,7294,-907,7295,-903,7296]],[[-905,7297]],[[-911,7298]],[[-916,7299]],[[-1154,-3738,-2069,-3742,-2071,-3741,-1148,-3645,-2125,-3644,-922,-3642,-920,7300,-3106,7301,-918,7302,-2049,-3641,-2063,-3640,-1002,7303,-1156,-3743]],[[-943]],[[-944]],[[-954,7304,-956,7305]],[[-958,7306]],[[-970,7307,-3692]],[[-983,-6155]],[[-3694,7308,-996]],[[-3639,-1004]],[[-1014,7309,-1016,-6162]],[[-1140,-6233]],[[-1144,-3649]],[[-1150,-3740]],[[-3739,-1152]],[[-1384,7310,-1382,7311]],[[-1388,7312]],[[-1395,-3839,-1401,-3843,-1399,7313]],[[-1414,7314]],[[-1417,-3848,-1419,-3849]],[[-3852,-1425]],[[-1427,-3851]],[[-1444,7315]],[[-1455,7316]],[[-1474,7317,-1472,7318,-1470,7319,-1468,7320,-1466,7321,-3059,7322,-1462,7323,-3061,7324,-1482,7325,-1480,-3869,-1478,7326],[-3063],[-3064]],[[-1506,7327,7328]],[[-3233,7329,-1509]],[[-3880,-1536,7330,-1516]],[[-1524,7331,-1526,7332]],[[-1530,7333]],[[-1586,-3237,7334]],[[-1589,7335]],[[-1646,7336]],[[-1676,7337,-1672,7338,-1670,7339]],[[-3927,-1693,7340,-1691,7341,-1689,7342,-1687,-3926,-1707,7343,-1697,7344,-1695]],[[-1746,7345]],[[-1770,7346]],[[-1820,7347,-1818,-3976,-1816,-3975]],[[-4032,-1952]],[[-6297,7348,-6955,-1956]],[[-3362,-1976,-3628,7349]],[[-6335,-2128]],[[-6334,-2130]],[[-2171,7350,-2162,-6342,-2173,7351]],[[-2180,-6149]],[[-4767,-6151,-2286,-6152]],[[-2331,-6373]],[[-6158,-2362,7352]],[[-2986,7353,-2988,7354]],[[-2990,7355,-2996,7356,-2998,7357,7358,-2994,7359,-2992,7360,-3001,7361]],[[-3020]],[[-3021]],[[-3022,7362,-3024,7363]],[[-3030]],[[-3031]],[[-3035]],[[-3036]],[[-3037]],[[-3038,7364,-3044,7365,-3046,7366,-3042,7367,-3040,7368]],[[-3048]],[[-3049]],[[-3050]],[[-3051]],[[-3052]],[[-3053]],[[-3054]],[[-3055,7369]],[[-3065]],[[-3066]],[[-3067]],[[-3068]],[[-3069]],[[-3070]],[[-3071,7370,-3073,7371]],[[-3077]],[[-3078,7372]],[[-3080,7373]],[[-3082,7374,7375,-3084,7376]],[[-3087]],[[-3088]],[[-3089,7377]],[[-3091,7378]],[[-3093,7379]],[[-3095,7380]],[[-3097]],[[-3098]],[[-3099]],[[-3100]],[[-3101]],[[-3102]],[[-3103,7381]],[[-3105]],[[-3108]],[[-3109]],[[-3211,7382]],[[-3215,7383,-3213,7384]],[[-3229,7385,7386]],[[-3235,7387]],[[-3246,7388,7389]],[[-3248,7390,7391]],[[-3342,7392]],[[-3344,7393]],[[-5499,7394]],[[7395,-6946,7396,7397,-6943,7398,-6948]],[[7399,7400]],[[7401,7402]]],"type":"MultiPolygon","properties":{"CONSD_POLY":"Prairie","Shape_Leng":4987946.32027,"Shape_Area":6193645716.23},"id":3},{"arcs":[[[-7177,-3018,-4,7403,-668,7404,-5507,7405,-666]],[[7406,-7206,-29,-7198,-36,-3205,-34]],[[-3514,7407,-3510,7408,-5533,7409,-3508,-398,-7221,-393,7410,-2812,7411,-2821,7412,-6992,7413,-7013,7414,-7000,7415,-7015,7416,-7017,7417,-6996,7418,-6028,7419,-6026,7420,-6024,-1983,-6298,-4710,-6299,-1981,-4037,-1991,-6017,7421,-1957,-6956,-7349,-6296,7422,-5535,7423,-5537,7424,-3376,7425,-3374,-1948,-3373,-1946,-3372,-1904,-6293,-1902,-4020,-1896,-6292,7426,-7019,7427,-1893,7428,-1891,-4017,-1889,-4024,-1908,-4021,-1906,-3371,-1944,-3379,-1950,-3378,-83,-5596,7429,-5594,7430,-5592,7431,-5590,7432,-6934,7433,-4369,7434,-4335,7435,7436,7437,-7401,7438,7439,-5539,7440,-5547,7441,-5549,7442,-5545,7443,-5543,7444,-5541,7445,7446,-7208,-38,-7205,-1422,-7204,-3029,-7244,-3034,7447,-7242,-588,7448,-586,-3567,7449,-572,7450,-5551,7451,-557,7452,-1445,-7316,-1443,-3858,-1447,7453,-549,7454,-539,7455,-537,-3551,-535,-3549,7456,-3547,-531,-3546,-529,-3545,-527,-3544,-525,-3543,-1496,-3542,-523,7457,-521,-3541,-519,-3540,7458,7459,-3120,7460,-453,-3524,-451,7461,-449,7462,-443,7463,-441,7464,-439,7465,-437,7466,-435,7467,-3151,7468,-3957,-1767,7469,-1765,7470,-3155,7471,-3153,7472,-433,7473,-5553,7474,-1784,-7233,7475,-3518,7476,-3516,7477],[-1683,7655,-1681,-3924,-1685,-3925],[-3991,7663,-3989,-1842,-3988,-6577,-3986,-6576,-3984,7664,-3999,7665,-3997,7666,-3995,7667],[-6529,-2829,-6528,-2831],[-3157,7728],[-5555,7787,-5557,7788],[-6961,7881,-6967,7882,-6965,7883],[-7021,7895],[-7023,7896],[7905],[7908],[7910],[7911],[7912],[7913],[7915],[7916],[7918],[7921],[7922],[7923],[7924]],[[-3320,-47,7478,-3321,-1620]],[[-5603,7479,-72,7480]],[[-5601,7481,-76,7482,-5576,7483]],[[-5599,7484,-78,7485]],[[-5597,-81]],[[-89,-5613,7486]],[[-5605,7487,-91,7488,-7036,7489]],[[-3385,-115]],[[-1021,-6164,-1017,-7310,-1013,-3707,-1011,-3706,-1009,7490,-3634,-2057,7491,-7402,7492,-3632,7493,-1969,7494,-3368,-126,-5631,-124,-5630,-122,-7215,-120,-7212,-2856,-6544,-2854,-6546,-7211,-6958,-7210,-6371,7495,-6167]],[[-128,-129]],[[-133,-5929,-131,-5928]],[[-135,-5927]],[[-137,-5926]],[[-139,-5925]],[[-141,-5924]],[[-2843,-6541,7496,-5935,-162,7497,-5933,-157,-5919]],[[-159,-5932]],[[-5937,-165,7498,-2851]],[[-167,-5938,-2849,7499]],[[-289,-3412]],[[-1942,-3427,-1940,-3426,-1938,-1936,-3425,-1932,-5881,-1995,-3439,-1993,-3438,-293,-3428]],[[-5874,-310]],[[-5865,-336,-5867,7500]],[[-357,7501,-355,7502,-6579,7503,-3466,7504,-349,7505,-6976,7506,-5860,7507,-6978,7508,-6982,7509,-6980,7510,-6984,7511,-6038,7512]],[[-351,7513]],[[-3484,7514,-1871,7515,-361,7516,-2802,7517,-2800,7518,7519]],[[-368,7520,7521,-3140,7522,-3142,7523,-5531,7524,-3144,7525,-365,7526,-363,7527,-3146,7528]],[[-3148,7529,-372,7530,-3149,7531,-370,7532]],[[-389,-3475,7533]],[[-397,-3496,-395,-7222]],[[-400,-3507]],[[-402,-3506]],[[-404,-3505]],[[-3502,7534,-1865,-7227,-1771,-7347,-1769,-3962,-7225,-414,7535,-412,7536,-410,-3520,-408,7537,-406,-3504,7538]],[[-416,-7224,-418,7539]],[[-420,-7223,-422,-3521]],[[-424,-7229,7540,-3498]],[[-3497,-426]],[[-445,7541,-5527,7542]],[[-461,7543,-459,7544,-457,7545,-3118,7546,-3122,7547,-516,7548,-512,7549,-5511,7550,-5513,7551,-3125,7552,-5515,7553,-5519,7554,-5517,7555,-3127,7556,-492,7557,-490,7558,-5521,7559,-5523,7560],[-3129,7725,-3131,7726,-3133,7727],[7906],[7907],[7909]],[[-467,-3526,-1540,-3527,-465,7561,-463,7562]],[[-1513,7563,-469,7564]],[[-475,-3529,-471,7565,-488,7566]],[[-482,-7236]],[[-500,7567]],[[-533,-3550]],[[-5509,7568,-547,7569,-545,7570]],[[-551,7571]],[[-553,7572]],[[-570,-3560,7573]],[[-582,7574,-3565,-584,7575]],[[-3585,7576,-3587,-632]],[[-636,-3583]],[[-7165,-5496,-7164,-660]],[[-7163,-662]],[[-7187,-677]],[[-7186,-679]],[[-7185,-681]],[[-7254,-685,-7253,-683,-7184,-687]],[[-698,-3296,-704,-7256]],[[-7258,-700]],[[-7257,-702]],[[-707,7577]],[[-3272,-750,-3275,-3274,7578]],[[-3268,-754,-3270,7579]],[[-760,-3265,-7266]],[[-762,-7265]],[[-764,-7264,-3259]],[[-819,-7276,-817,-7275,-815,-7274,-813,-5996,-2796,-5997,-811,-7273,-809,-5995,-803,7580,-801,7581,-799,-3597,-797,7582,-5529,7583,-3136,7584,-793,7585,-791,7586,-1594,7587,-3138,7588,-1592,7589,-1590,-7336,-1588,7590,-7328,-1505,7591,-3231,7592,-7386,-3228,-1584,7593,-3226,7594,-1580,-3224,-824,7595,-822,-7277,-820],[7914],[7917],[7919],[7920]],[[-795,7596]],[[-5994,-805]],[[-5993,-807]],[[-3208,-836]],[[-3207,-838]],[[-3206,-1578,7597,-840]],[[-844,-3598,-842,7598]],[[-908,-7295]],[[-914,-3622,7599]],[[-928,-3646]],[[-930,-3674,-5634,7600]],[[-949,7601]],[[-3690,7602,-968]],[[-3687,-990]],[[-2176,-3696,-992,-3686]],[[-994,-3695]],[[-6163,-1019]],[[-6166,-1025]],[[-1031,7603,-1029,-3709,-1027,-6165,-1033,7604]],[[-1049,-6175,-1047,7605,-1043,7606,-1039,-6174,-1035,-6173,7607,-6171,-2325,-6368,-2323,-6219,7608,-7065,7609,-6217]],[[-1041,7610]],[[-1045,7611]],[[-1056,7612,-6223,-1051,-6216]],[[-1054,7613]],[[-1058,-6215,-1060,-6225]],[[-6214,-1062]],[[-6227,7614,-1074]],[[-6212,-1078,7615]],[[-5668,-1086,-6228,-1084,-6211,-4866,-6210,-4864,-6209,-3815]],[[-1094,-5666]],[[-1096,-5665,7616]],[[-1098,7617,-5663,7618,-5571,7619,-5661,-5036,-5660,7620,-5658]],[[-6230,-1100,-5657,7621]],[[-5655,-5034,-5654,-1104,-6232,7622,7623]],[[-1127,-3734,-1125,-3733,-1123,-3732,-1121,7624,-5569,7625,-5649,7626]],[[-6715,-4722,-6714,7627,-1131,7628]],[[-3650,-1142,-6235,-2148,-6336]],[[-4878,-6238,-2527,-6237,-2880,-6194,-4858,-6193,7629,-6191,-4856,-6190,-4854,-6189,-4852,-6188,-4850,-6187,-4848,-6186,-4846,-6185,-4128,-2299,-4124,-2450,-4123,-6364,-2871,-6551,-4495,7630,-4500,7631,-4514,7632,7633,-1209,7634,-1193,-6244,-4884,-6243,-4882,-6242,7635,-6240,-4880,-6239],[-4800,-6737,7779,-6735,-4802,-6734],[-5573,7797]],[[-5679,7636,-1270]],[[-1273,-6255]],[[-5675,-2533,-5674,-1291]],[[-5673,-5038,-5672,-1299,-6260,-3805,-1294,-3804]],[[-5671,-1303]],[[-5670,-3809,-1305]],[[-5669,-1307,-3811]],[[-1321,-3819,-1319,-6208,-4862,-6207,-1323,-6261]],[[-6203,7637,-1332]],[[-6201,-1335]],[[-1337,-6200]],[[-6199,-1339]],[[-1439,-3855]],[[-1449,-3862,7638]],[[-1460,-3866,-1494,7639,-3873,7640,-3116,7641]],[[-1517,-7331,-1535,7642,-1533,7643,-1531,-7334,-1529,7644,-1527,-7332,-1523,-3881]],[[-1519,-3882,-1521,-6267]],[[-1525,-7333]],[[-5525,7645,-1625,7646,-3889,-1573,7647,-1571,7648]],[[-3241,-1600,7649]],[[-3245,-1604,-7272,7650,-7389]],[[-1606,-3249,-7392,7651]],[[-1644,-3920,-1665,7652,-2793,-6274,-1650,7653]],[[-6273,-2789,-6277,-1652]],[[-1662,-6271]],[[-1674,7654]],[[-7344,-1706,-3928,-1700,7656,-1698]],[[-3931,-1702]],[[-1742,7657]],[[-1763,-3959,7658]],[[-7226,-3960,-1773]],[[-1786,7659]],[[-7230,-1788,7660]],[[-1796,-3967,-1798,7661]],[[-1837,-4003,7662]],[[-2798,-5992,-1875,7668,-3486,7669,7670]],[[-1898,-4019]],[[-1900,-4018]],[[-1910,-4023]],[[-4022,-1912]],[[-1930,-5979,7671,-5977,7672,-2911,-5883,-2909,-5882]],[[-1934,-3424]],[[-1989,-6018]],[[-2009,7673,-5875,-2011,-3449,-6300]],[[-2081,7674,-6330,7675,-2024,-4047,-2022,7676,-4045,7677,-6314]],[[-6050,-2042,7678,-6316,7679]],[[-2045,7680]],[[-2074,7681,-4081,7682]],[[-6068,7683,-6064,7684,-6062,7685,-6060,7686,-6325,-2076,7687,-6707,-4712,-6709,7688,-6069,-4771]],[[-6328,-2078,-6327,7689]],[[-2861,-6319,7690,-5820,-2092]],[[-5818,-2096]],[[-2100,-5808,7691,-5806]],[[-4998,-5803,-2103,7692,-5804]],[[-5810,-2140]],[[-3652,-6337,-2146]],[[-2163,-7351,-2170,-6346,7693]],[[-7352,-2172]],[[-2189,-5787,7694]],[[-6094,-6362,-2276]],[[-2296,-4121,-2294,7695,-6146,-4139,-2345,-4142,-6161,-2873,-6365]],[[-2303,-4131,-2301,-4127]],[[-2349,7696,-2308,-6183]],[[-6176,-4836,-6222,7697,-6366,7698,-2315]],[[-2317,7699]],[[-6220,-2321]],[[-2327,-6170]],[[-6369,-2329,-6169,7700]],[[-4842,-6180,-4840,-6179,-4838,-6178,-2375,-4145,-2351,-6182,-4844,-6181]],[[-4147,-2357]],[[-2867,-6159,-7353,-2361,-4149,7701,-4476,7702,-4484,7703,-4490,7704,-6552,-2869,-6160]],[[-2475,-4130,-6184]],[[-4951,-6499,-2659,7705,-6500]],[[-2814,7706]],[[-2816,7707]],[[-2819,-6290,7708]],[[-2841,7709,-6542]],[[-2944,-5916,-2845,-5918]],[[-6196,7710,-2877,-6555,7711]],[[-5828,-2903,-5822,7712]],[[-2905,-5827,7713,-5823]],[[-5901,-2934,-5899,-2920]],[[-2922,-5898]],[[-5893,-2926,-5896,-2928]],[[-5900,-2936]],[[-5917,-2946]],[[-6561,-2952]],[[-2954,-6560,7714,-6558]],[[-2977,7715,-6570]],[[-2983,-6573]],[[-2985,-6572]],[[-7360,-2993]],[[-7358,-3000,7716,-3114,7717]],[[7718,-7173,-3007,7719,-3112,7720]],[[-7172,-3016,7721,-3009]],[[-7170,-3013,7722]],[[-7369,-3039]],[[-7368,-3041]],[[-7366,-3043,-7367,-3047]],[[-7372,-3072]],[[-7371,-3076,7723,-3074]],[[-7376,7724,-3085]],[[-3135]],[[-6054,7729,-7025,7730,-7027,7731,-3159,7732,-7029,7733,-6056,7734]],[[-3161]],[[-3243,7735]],[[-3893,7736]],[[-3895,7737]],[[-3993,7738]],[[-4001,7739]],[[-3512,7740]],[[-3471,7741,-3493,7742]],[[-3473,7743]],[[-3491,7744]],[[-5879,7745,-3442,7746]],[[-3452,-5984]],[[-3624,7747]],[[-4079,7748]],[[-6135,7749,-6133,7750,-4463]],[[-6672,-4465,7751]],[[7752,-4472]],[[-4474,7753]],[[-6124,7754,-6122,7755,-6120,7756,-4493]],[[-5643,-3655]],[[-3658,7757,-5641]],[[-5637,7758,-3669]],[[-5635,-3672]],[[-4510,7759]],[[-6079,-4714,-6710,-4716,-6078,-4780,7761,-4778,7762,-4776,7763,-6081,7764]],[[-4788,-6089,7765,-4734,-6350,-6090]],[[-4749,-6650,7766,7767,7768,7769,-6588,-4751,7770]],[[-6597,-4753,-6595,7771]],[[-6596,-4755]],[[-4765,-6730,7772,-6731]],[[-6084,-4782,-6083,7773,-5798,7774,-5796,-4996,-5795,7775,-5793,7776,-5563,7777,-5791,-4992,7778]],[[-5831,-5006,-5830,7780]],[[-5833,7781,-5834,-5008]],[[-5842,-5010,-5841,7782,-7038,7783,-6046,7784,-5850,7785,-5848,7786]],[[-6058,7789,-5559,7790]],[[-5561,7791,-7051,7792,-5812,7793]],[[-5565,7794,-7061,7795]],[[-5567,7796]],[[-6340,7798,-6712,7799,-5646,7800]],[[-5771,7801,-5769,7802]],[[-6076,7803,-5800,7804]],[[-5815,7805]],[[-5836,7806]],[[-5838,7807,-7047,7808]],[[-5844,7809,-7041,7810]],[[-7045,7811,-7043,7812,-5846,7813]],[[-5852,7814,-6044,7815]],[[-5854,7816]],[[-5856,7817]],[[-5858,7818]],[[-6287,7819]],[[-6535,7820,-6531,7821,-6537,7822]],[[-6305,7823]],[[-5583,7824]],[[-5587,7825]],[[-5609,7826,-5607,7827]],[[-5611,7828]],[[-5616,7829,-5618,7830]],[[-5621,7831]],[[-6592,7832]],[[-6611,7833,-6604,7834,-6602,7835]],[[-6606,7836,-6609,7837]],[[-6613,7838]],[[-6615,7839]],[[-6618,7840,7841,7842,-6620,7843]],[[-6628,7844,-6626,7845]],[[-6632,7846,-6630,7847,-6634,7848]],[[-6636,7849]],[[-6639,7850]],[[-6642,7851]],[[7852,-6644]],[[-6646,7853]],[[-6648,7854]],[[-6725,7855,7856]],[[7857,-6728]],[[-6002,7858]],[[-6006,7859,-6004,7860]],[[-6020,7861]],[[-6030,7862,-6034,7863,-6032,7864]],[[-6036,7865]],[[-6040,7866,-6988,7867]],[[-6986,7868,-7003,7869,-6042,7870]],[[-6048,7871]],[[-6066,7872]],[[-6072,7873]],[[-6074,7874]],[[-6100,7875]],[[-6205,7876]],[[-6257,7877]],[[-6825,7878,-6827,7879]],[[-6959,7880]],[[-6963,7884]],[[-6969,7885,-6971,7886]],[[-6973]],[[-6974,7887]],[[-6990,7888,-6994,7889,-6998,7890]],[[-7002]],[[-7005,7891,-7009,7892]],[[-7007,7893]],[[-7011,7894]],[[-7031,7897,-7033,7898]],[[-7035]],[[-7040]],[[-7049]],[[-7050]],[[-7053]],[[-7054,7899]],[[-7056,7900]],[[-7058]],[[-7059,7901]],[[-7063,7902]],[[-7067,7903]],[[-7069]],[[7904,-7175]],[[7925]]],"type":"MultiPolygon","properties":{"CONSD_POLY":"Southern Mesic Forest","Shape_Leng":8507688.57024,"Shape_Area":17959182442.1},"id":4},{"arcs":[[[-7167,-656,7926,-2,-7721,-3113,-7720,-3006,-7168,-3004]],[[-7,-644,-7179]],[[7927,-598,-7188,-12]],[[-5498,-7202,-1385,-7312,-1381,-3838,-1393,-7199,-27,7928,-18,-3203,-16,-7190,-14,-7189,-592,-7246,-590,-7245,-3027,-7203]],[[7929,-25,-7197]],[[-61,7930,-3359]],[[-7484,-5575,-73,-7480,-5602]],[[-7483,-75,-5577]],[[-5600,-7486,-77,-7482]],[[-5598,-79,-7485]],[[7931,-85,-3377,-7425,-5536,-7423,-6295,-1954,-4034,-1958,-7422,-6016,-4798,-6015]],[[-87,7932,-5614]],[[-7829,-5610,-7828,-5606,-7490,-7037,-7489,-90,-7487,-5612]],[[-7832,-5620,-101,-5628,-99,7933,-5622]],[[-5624,7934,-104,7935]],[[-5923,-147,-5930,-143]],[[-149,-5922]],[[-153,-5931,-151,-5921]],[[-5920,-155]],[[-7498,-161,-5934]],[[-6540,-2852,-7499,-164,-5936,-7497]],[[-2847,-5915,-5939,-168,-7500,-6539]],[[-171,-5914]],[[-3392,-5913,-175,-5940]],[[-5911,-177,-5912,-5028]],[[-185,-3397,-183,-3396,-181,-5910,-217,-3403,-215,-3402,-213,-5952,-211,-5950,-207,-5941,-193,-3401,-191,-3400,-189,-3399,-187,-3398]],[[-5945,-201,-5947,-195]],[[-197,-5946,-4704,-5949]],[[-199,-5948]],[[-203,-5944]],[[-5942,-205,-5943,-4698,-6706,-4700]],[[-209,-5951]],[[-3406,-231,-5963,-4690,-5962,-3979,-6286,-1848,-4008,-1846,-4007,-5957,-4694,-5956,-219,-5909,-5026,-5908,-2942,-5907,-5024,-5906,-2938,-5903,-2914,-5891,-5020,-5890,-5018,-5889,-1914,-4030,-6523,-2807,-6522,-4702,-6521,-2805,-6520,-2809,-6525,-4026,-6294,-1918,-5887,-5016,-5886,-2824,-6527,-2826,-5885,-263,-5975,-261,-5974,-259,-3411,-257,-5973,-255,-5972,-1822,-3977,-1826,-6283,-1824,-5971,-253,-7218,-251,-5965,-233,-3407],[-4356,-4357]],[[-5955,-223,-3404,-221]],[[-5959,-225,-5954,-1830]],[[-1829,-5961,-229,-3405,-227,-5960]],[[-3408,-239,-5966,-235,-5964,-249,-3410,-247,-5970,-7216,-243,-3409,-241]],[[-5967,-237]],[[-245,-7217,-5968]],[[-265,-5884,-2912,-7673,-5976]],[[-268,-3422]],[[-270,-3421]],[[-272,-3420,-1927,-3419]],[[-3417,-276]],[[-3416,-278]],[[-280,-3415,-284,-3430]],[[-287,-5980,-3413]],[[-5982,-297,-3454,-295,-3437,-299,-5981,-2837]],[[-301,-3436]],[[-303,-3435]],[[-311,-5873]],[[-313,-5872]],[[-1978,-3457,-319,-3456,-315,-5871]],[[-317,-3455]],[[-322,-5870]],[[-324,-5869]],[[-332,-5868]],[[-5014,-5863,-5012,-5862,-338,-5864]],[[-5861,-7507,-6977,-7506,-348,-5989,-4706,-5988,-342,-5986,-4708,-5985,-340]],[[-346,-5987]],[[-350,-7505,-3465,-352,-7514]],[[-354,-3469,-6580,-7503]],[[-356,-7502]],[[-6995,-7889,-6993,-7413,-2820,-7709,-6289,-1881,-3489,-1879,-3488,-1877,-5991,-358,-7513,-6037,-7866,-6035,-7863,-6029,-7419],[-1887,-4016],[-7926]],[[-2803,-7517,-360,-5990]],[[-3482,-1868,-3481,-373,-7530,-3147,-7528,-362,-7516,-1870]],[[-7527,-364]],[[-366,-7526,-3143,-7523,-3141,-7522]],[[-7521,-367]],[[-7533,-369,-7529]],[[-371,-7532,-3150,-7531]],[[-375,-3480]],[[-379,-3495,-377,-3479]],[[-381,-3478,-383,-7219]],[[-3477,-385]],[[-7412,-2811,-6526,-2817,-7708,-2815,-7707,-2813,-7411,-392,-7220,-390,-7534,-3474,-7744,-3472,-7743,-3492,-7745,-3490,-1883,-6288,-7820,-2822]],[[-7538,-407]],[[-411,-7537]],[[-7536,-413]],[[-7540,-417]],[[-7232,-428,-3519,-7476]],[[-5554,-7474,-432,-7231,-7661,-1787,-7660,-1785,-7475]],[[-7468,-434,-7473,-3152]],[[-436,-7467]],[[-438,-7466]],[[-7465,-440]],[[-7464,-442]],[[-7463,-448,-3523,-446,-7543,-5528,-7542,-444]],[[-7462,-450]],[[-7461,-3119,-7546,-456,-3525,-454]],[[-7545,-458]],[[-7544,-460]],[[-7561,-5524,-7560,-5522,-7559,-489,-7566,-470,-7564,-1512,-3879,-1514,-7565,-468,-7563,-462]],[[-464,-7562]],[[-3528,-473]],[[-478,-3530,-476,-7567,-487,-7234]],[[-484,-7235,-485]],[[-491,-7558]],[[-3537,-509,-3536,-507,-3535,-505,-7239,-501,-7568,-499,-7238,-497,-7237,-495,-3533,-1433,-3532,-493,-7557,-3126,-7552,-5512,-7550,-511]],[[-513,-7549,-515,-3538]],[[-7459,-3539,-517,-7548,-3124]],[[-522,-7458]],[[-538,-7456]],[[-548,-7569,-5510,-7571,-544,-3553,-540,-7455]],[[-542,-3552]],[[-546,-7570]],[[-7454,-1446,-7453,-556,-7240,-554,-7573,-552,-7572,-550]],[[-5552,-7451,-571,-7574,-3559,-564,-7241,-560,-3554,-558,-7452]],[[-581,-3561,-573,-7450,-3566,-7575]],[[-3564,-577,-3563,-575,-3562,-579]],[[-7576,-583]],[[-587,-7449]],[[-602,7936,-604,-3571]],[[-606,7937,-610,-3573,-608,-3572]],[[-7248,7938,-7251,-616,-3575,-1379]],[[-3579,-622,-3578,-620,-3577,-618,-7250,-638,-3586,-630,-3580,-624]],[[-626,-3581,-628,-3582]],[[-3584,-634,-3588,-7577]],[[7939,-641]],[[-7191,-647]],[[-651,-3589,-649,-7195]],[[-653,-7194]],[[-7166,-658]],[[-7406,-5508,-7405,-667]],[[-7180,-673]],[[-3302,-691]],[[-3299,-693,-3301,-1614,-3300,-1612]],[[-7255,-3297,-696]],[[-706,-3295,-708,-7578]],[[-712,-3592,-710,-3294]],[[-3293,-714]],[[-3292,-716]],[[-722,-3593,-720,-3290]],[[-3289,-724]],[[-3288,-726]],[[-7259,-3286,-7260,-729]],[[-731,-7261,-1609,-3284]],[[-733,-3283]],[[-3282,-735]],[[-3281,-7262,-737]],[[-742,-3279]],[[-744,-3278]],[[-746,-3277]],[[-752,-3271]],[[-756,-3267]],[[-758,-3266]],[[-3258,-766]],[[-768,-3257]],[[-772,-3255]],[[-3254,-774]],[[-3595,-776,-3253,-778]],[[-780,-3252,-782,-3596]],[[-784,-3251]],[[-1607,-7652,-7391,-3247,-7390,-7651,-7271,-786,-3250],[-7267,-3263]],[[-7269,-1602,-3244,-7736,-3242,-7650,-1599,-3240,-788,-7270,-5500,-7395,-5502]],[[-790,-3239,-1595,-7587]],[[-7586,-792]],[[-7585,-3137,-7584,-5530,-7583,-796,-7597,-794]],[[-7582,-800]],[[-7581,-802]],[[-823,-7596]],[[-826,-3223,-828,-7278]],[[-830,-3222,-7279]],[[-832,-7282,-3216,-7385,-3212,-7383,-3210]],[[-1577,-3329,-845,-7599,-841,-7598]],[[-3600,7940,-849]],[[-3336,-852]],[[-3335,-854]],[[-856,-3334,-858,-3601]],[[-860,-3333]],[[-3332,-862]],[[-864,-3345,-7394,-3343,-7393,-3341,7941,-4337,7942,-4347,-7285,-866,-7283]],[[-3606,-869]],[[-873,-7286,-871,-3605,7943,-4351,7944,-4353,7945,-4355,-4365,-7288,-879,-7287]],[[-883,-7291,-881,-7290,-884]],[[-7289,-4363,7946,-4359,7947,-4367,7948,-3615,-886]],[[-3616,-888,-3614,7949,-4371,7950,-3348,-896,-7293,-5506,-7292,-5504,-7294,-890]],[[-3347,-898]],[[-3346,-900]],[[-7297,-902,-3361,7951,-4377,7952,-3625,-7748,-3623,-912,-7299,-910]],[[-7296,-906,-7298,-904]],[[-917,-7300,-915,-7600,-3621,-2054,-3620,-2050,-7303]],[[-7302,-3107,-7301,-919]],[[-931,-7601,-5633]],[[-933,-5632]],[[-935]],[[-936,-942,-3677,-940,-3676,-938,-3675]],[[-945,-3678,-946]],[[-948,-950,-7602]],[[-951,-952]],[[-953,-959,-7307,-957,-7305]],[[-7306,-955]],[[-963,7953,-961,7954,-6007,-7861,-6003,-7859,-6001,-4796,-6000]],[[-7214,-985,-6154]],[[-1000,-7304,-1001]],[[-3636,-1006,-3638,-2061,-3637,-2059]],[[-3635,-7491,-1008]],[[-7604,-1030]],[[-7605,-1032]],[[-1040,-7607,-1042,-7611]],[[-1044,-7606,-1046,-7612]],[[-1055,-7614,-1053,-6224,-7613]],[[-3716,-1075,-7615,-6226,-1072,-3715,-1066,-6213,-7616,-1077]],[[-1090,-5667]],[[-7618,-1097,-7617,-5664]],[[-1102,-6229]],[[-3724,-1108,-5653]],[[-1110,-3723]],[[-1112,-3722]],[[-5651,-5032,-5650,-7626,-5568,-7797,-5570,-7625,-1120,-3731,-1118,-3730,-1116,-3729,-1114,-3728]],[[-1128,-7627,-5648]],[[-7800,-6711,-4720,-6716,-7629,-1130,-5647]],[[-1134,-3735,-1132,-7628,-6713,-7799,-6339,-4718,-6338,-2150,-6234,-1138,-3737,-1136,-3736]],[[-1157]],[[-3755,7955,-4516,7956,-4526,7957,-4534,7958,-4542,7959,-4544,7960,-4546,7961,-4556,7962,-4558,7963,-4562,7964,-1181]],[[-3837,-1374,-3836,-1372,-6245,-1191,-3759,-1189,-3757,-1183,7965,-4610,7966,-1376]],[[-1187,-3758,-1185,-3756]],[[-3761,-1204,-6250,-1194,-7635,-1208]],[[-6249,-1202,-6252,-1196]],[[-1200,-3760,-1198,-6251]],[[-1206,-3762]],[[-1210,-7634,7967]],[[7968,-1211]],[[-1215,7969]],[[7970,-1216]],[[7971,-1218]],[[7972,-1220]],[[-1224,7973,-4616,7974]],[[-1228,-3764,-1226,7975,-4620,7976,-5697,-1230,-6253]],[[-1232,-5696]],[[-5695,-1233]],[[-3767,-1235,-5694]],[[-1237,-3766]],[[-3765,-2734,-3778,-1238]],[[-1244,-3780,-1242,-3779,-1240,-3777,-5689,-2772,-5688,-2948,-5687]],[[-5685,-5042,-5684,-1256,-5686,-5044]],[[-1260,-5683,-1264,-3790,-1262,-3789]],[[-5682,-1266]],[[-5681,-5040,-5680,-1268]],[[-7637,-5678,-1279,-6259,-1277,-6258,-7878,-6256,-1271]],[[-1275,-6254]],[[-6206,-7877,-6204,-2542,-3822,-1325]],[[-6202,-1333,-7638]],[[-4830,-6758,-4832,-6263,-1344,-6262,-1342,-3825,-6198,-4860,-6197,-7712,-6554,-2884,-6556,-2882,-6236,-1354,-3829,-1348,-6265,-4834,-6264]],[[-1368,-3835,-1366,-6266,-1364,-6248,-4886,-6247]],[[-1370,-6246]],[[-7311,-1383]],[[-1389,-7313,-1387,-7201]],[[-1391,-7200]],[[-1398,-3842,-1405,-3841,-1403,-3840,-1396,-7314]],[[-1407,-3844]],[[-3845,-1409]],[[-3846,-1411]],[[-3847,-1415,-7315,-1413]],[[-3853,-1431]],[[-3854,-1441,-3857,-1435]],[[-3856,-1437]],[[-7639,-3861,-1450]],[[-1452,-3860]],[[-1456,-7317,-1454,-3859]],[[-3864,-1458,-3863,-1491]],[[-7325,-3062,-7324,-1461,-7642,-3117,-7641,-3872,-1483]],[[-1463,-7323,-3060,-7322,-1465,-3867]],[[-7321,-1467]],[[-7320,-1469]],[[-7319,-1471]],[[-7318,-1473]],[[-3868,-1475,-7327,-1477]],[[-7326,-1481]],[[-3870,-1487,-3875,-1485,-3871,-1502]],[[-3865,-1489,-3874,-7640,-1493]],[[-3877,-1498]],[[-3876,-1500]],[[-3878,-1510,-7330,-3232,-7592,-1504]],[[-1587,-7335,-3236,-7388,-3234,-1507,-7329,-7591]],[[-1528,-7645]],[[-1532,-7644]],[[-7643,-1534]],[[-3883,-1538]],[[-1542,-3884]],[[-3888,-1548,-3887,-1546,-3886,-1544,-3885,-1575,-3896,-7738,-3894,-7737,-3892,-1550]],[[-3904,-1552,-3891,-1622,-3912,-1626,-7646,-5526,-7649,-1570,-3905,-1719]],[[-3903,-1554]],[[-3902,-1558,-6268,-1556]],[[-1716,-3900,-1715,-3899,-1713,-3898,-1711,-3897,-1709,-3910,-1560,-3901]],[[-1568,-3906]],[[-1572,-7648]],[[-3225,-1581,-7595]],[[-3227,-7594,-1583]],[[-1591,-7590]],[[-7588,-1593,-7589,-3139]],[[-1597,-3238]],[[-3318,-1618]],[[-7647,-1624,-3890]],[[-1628,-3911]],[[-3919,-1630]],[[-3918,-1632]],[[-3917,-1642,-3916,-1634]],[[-1636,-3915,-1640,-3914]],[[-3913,-1638]],[[-1647,-7337,-1645,-7654,-1649,-6269]],[[-1654,-6276,-4688,-6275,-2791,-6272,-1660,-6280,-1658,-6279,-1656,-6278]],[[-7653,-1664,-6270,-2794]],[[-3923,-1667]],[[-1677,-7340,-1669,-3922]],[[-7339,-1671]],[[-1673,-7338,-1675,-7655]],[[-1679,-3921]],[[-1682,-7656]],[[-7343,-1688]],[[-7342,-1690]],[[-7341,-1692]],[[-7345,-1696]],[[-7657,-1699]],[[-1704,-3930,-1779,-3929]],[[-3932,-1737,-3941,-1735,-3933,-1775,-3939,-1721]],[[-1723,-3938]],[[-1725,-3937]],[[-1727,-3936,-1729,-3940]],[[-3935,-1731]],[[-1733,-3934]],[[-3942,-1761,-3946,-1777,-3945,-6575,-3943,-1739]],[[-1800,-3950,-1743,-7658,-1741,-3949,-6282,-1757,-3956,-1755,-3955,-1753,-3954,-1751,-3953,-1749,-3952,-1747,-7346,-1745,-3951],[-3184]],[[-3947,-1759,-6281]],[[-1764,-7659,-3958,-7469,-3156,-7471]],[[-1766,-7470]],[[-3965,-1794,-1793,-3966,-1791]],[[-7662,-1797]],[[-3970,-1802]],[[-3969,-1804]],[[-3968,-1806]],[[-3973,-1808]],[[-1810,-3972]],[[-1812,-3971]],[[-3974,-1814]],[[-7348,-1819]],[[-1844,-4004,-1850,-6285,-4696,-6284,-1832,-5953,-4692,-5958,-4005]],[[-3981,-1835]],[[-3983,-1840,-3982,-1838,-7663,-4002,-7740,-4000,-7665]],[[-4011,-1854]],[[-1856,-4010]],[[-1858,-4012]],[[-4013,-1862,-4014,-1860]],[[-3501,-1866,-7535]],[[-3483,-1872,-7515]],[[-3487,-7669,-1874]],[[-4015,-1885]],[[-7429,-1892]],[[-6291,-1894,-7428,-7020,-7427]],[[-1916,-5888]],[[-3352,7977,-3353,-1921]],[[-1960,-4033]],[[-4035,-1964,-4036,-1962]],[[-1968,-3369,-7495]],[[-1970,-7494,-3631]],[[-1974,-3629]],[[-6022,-6021,-7862,-6019,-1987,-4038,-1985,-6023,-4769]],[[-1999,-5880,-7747,-3441]],[[-7674,-2008,-3447,-2006,-3446,-2004,-5877,-2907,-5876]],[[-6312,-4039,-2015,-6302,-2114]],[[-4043,-2028,-6052,-2017]],[[-6315,-7678,-4044,-2019,-6051,-7680]],[[-7677,-2021,-4046]],[[-7687,-6059,-7791,-5560,-7790,-6057,-7734,-7028,-7731,-7026,-7730,-6053,-2026,-6306,-7824,-6304,-7676,-6329,-7690,-6326]],[[-2039,-6313,-2037,-5839,-7809,-7048,-7808,-5837,-7807,-5835,-7782,-5832,-7781,-5829,-7713,-5821,-7691,-6318]],[[-7679,-2041,-6317]],[[-7681,-2044,-6049,-7872,-6047,-7784,-7039,-7783,-5840,-2046]],[[-3619,-2052]],[[-3633,-7493,-7403,-7492,-2056]],[[-6323,-5102,-6322,-2950,-6321,-2066,-6324,-5104]],[[-7682,-2073,-4082]],[[-6075,-7875,-6073,-7874,-6071,-4773,-6070,-7689,-6708,-7688,-2075,-7683,-4080,-7749,-4078,-2111,-4086,-2109,-5801,-7804]],[[-6331,-7675,-2080]],[[-4084,-2088,-4083,-2086,-4077,-6332,-2083,-6320,-2090]],[[-5819,-2094]],[[-5817,-2136,-5809,-2098]],[[-2102,-5805,-7693]],[[-2107,-4085,-2105,-5802]],[[-6333,-2116,-6301,-4052]],[[-7806,-5814,-5000,-5813,-7793,-7052,-7792,-5562,-7794,-5811,-2138,-5816],[-7081]],[[-5645,-5030,-5644,-2154,-4092,-2152,-6341,-7801]],[[-2211,-6353,-2199,-4101,-2197,-6349,-4735,-7766,-6088,-2158,-6087,-4786,-6086,-4784,-6085,-7779,-4991,-5789,-2901,-5788,-4097,-2194,-4099,-2192,-6348,-2190,-7695,-5786,-2899,-5785],[-2185,-6347]],[[-6343,-2164,-7694,-6345,-2166]],[[-6344,-2168]],[[-6352,-4743,-6351,-2205,-4103,-2203,-4102,-2201]],[[-4108,-2213,-5784,-2893,-5781,-2366,-5780,-2219]],[[-2215,-4107,-2359,-4106]],[[-4109,-2217]],[[-2223,-5779]],[[-2889,-5776,-2225,-5778]],[[-2229,-6354,-2227,-5775,-4989,-5774,-2231,-6355]],[[-5773,-2233]],[[-2235,-5772,-7803,-5768]],[[-2237,-5767]],[[-2242,-4111,-2240,-6110]],[[-6109,-2246,-4112,-2244]],[[-6108,-2248]],[[-4794,-6106,-2250,-6107]],[[-2252,-6105]],[[-6102,-2258,-4113,-2380,-4114,-2256,-6356,-2254,-6104,-2405]],[[-7876,-6099,-4737,-6722,-4741,-6096,-2272,-6361,-2270,-4116,-2268,-4115,-2266,-6360,-2260,-6101]],[[-2262,-6359]],[[-6358,-4763,-6357,-2264]],[[-6095,-2274]],[[-4792,-6092,-4790,-6091,-2278,-6363,-6093]],[[-6147,-7696,-2293]],[[-2305,-4126]],[[-6177,-2313,-4135,-2373,-4134,-2371,-4133,-2309,-7697,-2348]],[[-2311,-4132]],[[-7699,-2318,-7700,-2316]],[[-2383,-6374]],[[-4164,-2386,-4154,-2402,-6431]],[[-4163,-2388]],[[-4162,-2390]],[[-2396,-4173,-2392,-4161,-2470,-6377,-4175]],[[-4174,-2394]],[[-2398,-4177,-6376]],[[-2400,-6375,-4170,-2438,-6432]],[[-2407,-6103]],[[-6465,-4184,-2442,-4168,-2473,-6473,-4166,-6430,-2960,-6428,-2413]],[[-2417,-6427]],[[-5228,-6423,-4804,-6738,-4824,-6477,-2498,-6475,-2496,-4189,-2421,-6426,-5232,-6425,-5230,-6424],[-7138]],[[-5118,-6434,-5116,-6433,-2436,-6435]],[[-6471,-2453]],[[-5084,-6469,-5082,-6468,-2455,-6470]],[[-4172,-6378,-6472,-2458]],[[-4202,-2484,-6474,-2478]],[[-4190,-2494,-4187,-2492]],[[-2500,-6476,-4822,-6417]],[[-6436,-2503,-2502,-2956]],[[-6481,-2515]],[[-2523,-6480,-5393,-6479]],[[-6489,-2539,-6488,-5425,-6487,-5423,-6486,-4233,-6696,-4231,-6491,-2570,-6484,-5421]],[[-5178,-6387,-5176,-6386,-2707,-4301,-2714,-4305,-6385,-5174,-6384,-5172,-6383,-5170,-6382,-4933,-6788,-4935,-6381,-5168,-6380,-5166,-6379,-6464,-4929,-6787,-4927,-6786,-4931,-6463,-5164,-6462,-5162,-6461,-5160,-6460,-5158,-6459,-5154,-6457,-5152,-6456,-5150,-6455,-5148,-6454,-5146,-6453,-5144,-6452,-5142,-6451,-5140,-6450,-5138,-6449,-5134,-6447,-5132,-6446,-5130,-6445,-5128,-6444,-5126,-6443,-2547,-4222,-6694,-4876,-6695,-4220,-2561,-6415,-5222,-6414,-5220,-6413,-5218,-6412,-5216,-6411,-5214,-6410,-5212,-6409,-4921,-6784,-4949,-6783,-4947,-6782,-4945,-6781,-4943,-6780,-4941,-6779,-4939,-6785,-4919,-6777,-4915,-6774,-4937,-6776,-4911,-6773,-4953,-6789,-4955,-6772,-4909,-6394,-5190,-6393,-5188,-6392,-5186,-6391,-5184,-6390,-5182,-6389,-5180,-6388],[-6798,-4975,-6797,-4967,-6795,-4969,-6796,-4973],[-7158]],[[-6440,-2553,-6441,-5124]],[[-2958,-6416,-2559,-6439,-5122,-6438,-5120,-6437]],[[-6490,-2566]],[[-2580,-6442,-4250,-6699,-4248,-6698,-4246,-2582,-4242]],[[-4256,-2601,-4255,-2603]],[[-4271,-6493,-4264,-6492,-2628,-5677]],[[-4276,-2639]],[[-2641,-4277]],[[-6495,-2650,-6494,-2666]],[[-2654,-6497]],[[-2656,-6496]],[[-6498,-4279,-2663,-6501,-7706,-2658]],[[-2661,-6502]],[[-2672,-5742,-5054,-5741,-5052,-5740,-5050,-5739,-4285,-2688,-4294,-2686,-6505,-4957,-6504,-2692,-5743]],[[-6507,-4290,-6503,-2682,-5738,-5048,-5737,-4298,-2700]],[[-5744,-2690,-4295,-2705,-5736,-4625]],[[-4296,-2694,-6506,-4292,-6508,-2696]],[[-5318,-6515,-2723,-6514,-5316,-6513,-5314,-6517,-5320,-6516]],[[-6518,-2727]],[[-5692,-2731]],[[-3774,-5690,-2744]],[[-2785,-4333,-2787,-6519]],[[-7519,-2799,-7671]],[[-7518,-2801]],[[-6534,-2833,-6532,-7821]],[[-6530,-2835,-6533,-2974,-6538,-7822]],[[-2840,-6543,-7710]],[[-6553,-2875]],[[-7711,-6195,-2878]],[[-2886,-6557]],[[-2891,-5777]],[[-5783,-2895]],[[-2897,-5782]],[[-2916,-5902,-2918,-5892]],[[-2924,-5897]],[[-5894,-2930,-5895,-2932]],[[-5905,-5022,-5904,-2940]],[[-2962,-6429]],[[-6563,-5260,-6562,-2964]],[[-2966,-6565,-5451,-6564,-5449,-6566]],[[-6567,-2968,-6568,-5488]],[[-2976,-6571,-7716]],[[-2979,-6569]],[[-6574,-2981]],[[-7355,-2987]],[[-2989,-7354]],[[-7362,-3002,-7361,-2991]],[[-2995,-7359,-7718,-3115,-7717,-2999,-7357]],[[-2997,-7356]],[[-7722,-3015,-7171,-7723,-3012,-7169,-3010]],[[-3023,-7364,-3025,-7363]],[[-3033,-7243,-7448]],[[-3045,-7365]],[[-3056,-7370]],[[-7263,-3058,-7268,-3261]],[[-7724,-3075]],[[-7373,-3079]],[[-7374,-3081]],[[-3083,-7377]],[[-7725,-7375,-3086]],[[-3090,-7378]],[[-7379,-3092]],[[-3094,-7380,-3096,-7381]],[[-3104,-7382]],[[-3123,-7547,-3121,-7460]],[[-3128,-7556,-5516,-7553]],[[-7726,-3130,-7728,-3132]],[[-3134,-7727]],[[-5532,-7524,-3145,-7525]],[[-7472,-3154]],[[-3158,-7729]],[[-7733,-3160,-7732,-7030]],[[-3162]],[[-3163]],[[-3164]],[[-3165]],[[-3166]],[[-3167]],[[-3168]],[[-3169]],[[-3170]],[[-3171]],[[-3172]],[[-3173]],[[-3174]],[[-3175]],[[-3176]],[[-3177]],[[-3178]],[[-3179]],[[-3180]],[[-3181]],[[-3182]],[[-3183]],[[-3185]],[[-3186]],[[-3187]],[[-3188]],[[-3189]],[[-3190]],[[-3191]],[[-3192]],[[-3193]],[[-3194]],[[-3195]],[[-3196]],[[-3197]],[[-3198]],[[-3199]],[[-3200]],[[-3201]],[[-3202]],[[-7457,-3548]],[[-3214,-7384]],[[-3218,-7281]],[[-3220,-7280]],[[-3230,-7387,-7593]],[[-7580,-3269]],[[-7579,-3273]],[[7978,-3304]],[[7979,-3306]],[[7980,-3308]],[[7981,-3311]],[[7982,-3313]],[[7983,-3315]],[[7984,-3323]],[[7985,-3339]],[[-4345,7986,-4339,7987,-4341,7988,-3603,-7284]],[[-4343,7989]],[[7990,-4349]],[[7991,-4361]],[[-7664,-3990]],[[-3994,-7739,-3992,-7668]],[[-3996,-7667]],[[-7666,-3998]],[[7992,-3610]],[[7993,-3612]],[[-7228,-3499,-7541]],[[-7539,-3503]],[[-3509,-7410,-5534,-7409]],[[-3513,-7741,-3511,-7408]],[[-7478,-3515]],[[-3517,-7477]],[[-4372,-4373]],[[-3470,-3494,-7742]],[[-7670,-3485,-7520]],[[-3467,-7504,-6578]],[[-6524,-4028]],[[7994,-3350]],[[7995,-3355]],[[7996,-3357]],[[-7426,-3375]],[[-3627,7997,-3363,-7350]],[[-3433,-5983]],[[-5878,-3443,-7746]],[[-6303,-4041,-6311,-5098,-6310,-4054],[-7072],[-7073]],[[7998,-5581,-4386,7999,-4381,8000,-4379]],[[8001,-6937,8002,-4384,-6582,8003,-4394,-6616,-7840,-6614,-7839,-6612,-7836,-6601,-4757,-6599]],[[-6309,-4056]],[[-6585,-4060,-6583,-4058,-6308,-4066]],[[-4064,-6586,-4062,-6584]],[[-4070,-6587,-4068,-6307]],[[-5652,-3726]],[[-4453,-6667,8004,-6668]],[[-6131,-4459]],[[-6467,-4198]],[[-4200,-6466]],[[-3657,-5642,-7758]],[[-5640,-3663]],[[-5639,-3665]],[[-3667,-5638]],[[-5636,-3670,-7759]],[[-4503,-6117,-4505,8005]],[[8006,-4524]],[[-6478,-5391,-6483,-5395,-6482,-4209]],[[8007,-4604]],[[8008,-4606]],[[8009,-4608]],[[-6485,-4235]],[[-5676,-4273]],[[-6512,-5326,-6511,-5324,-6510,-5322,-6509,-4309]],[[-5046,-5727,-4643,-5728]],[[-5693,-3769]],[[8010,-4668,8011,-5703]],[[-5709,-4679]],[[-5711,-4682,8012]],[[8013,-5713,-4685]],[[-6717,-4732,-6719,-4724]],[[-6718,-4726]],[[-6720,-4730,-6721,-4728]],[[-6723,-4747,-6097,-4739,-6098,-4745]],[[-4750,-7771]],[[-4759,-6600]],[[-6607,-7838,-6608,-4761]],[[-4775,-6077,-7805,-5799,-7774,-6082,-7764]],[[-7763,-4777]],[[-7762,-4779]],[[-4806,-6422]],[[-4814,-6741,-4812,-6740,-4810,-6739,-4808,-6421,-5226,-6420,-4816,-6742]],[[-6418,-4820,-6743,-4818,-6419,-5224]],[[-5377,-6756,-5375,-6755,-5369,-6752,-5367,-6751,-5365,-6750,-5363,-6749,-5361,-6748,-5359,-6747,-5357,-6746,-4826,-6744,-4828,-6745,-5355,-6757],[-7142],[-7143]],[[-4868,-6761,-4872,-6760,-4870,-6759]],[[-6762,-4874]],[[-4892,-6765,-4890,-6764]],[[-5200,-6401,-5198,-6400,-5196,-6399,-5194,-6398,-5192,-6397,-4903,-6771,-4959,-6770,-4897,-6767,-4895,-6766,-4925,-6407,-5210,-6406,-5208,-6405,-5206,-6404,-5204,-6403,-5202,-6402],[-4888,-6763]],[[-4901,-6768]],[[-4905,-6396]],[[-4907,-6395]],[[-6775,-4913]],[[-6778,-4917]],[[-6791,-5310,-6793,-4961,-6790,-4965,-6794,-4963,-6792,-5312]],[[-6799,-4971]],[[-4981,-6802,-4977,-6800]],[[-4979,-6801]],[[-6803,-4987,-6805,-4983]],[[-4985,-6804]],[[-5790,-4994]],[[-5004,-5825,-5002,-5824,-7714,-5826]],[[-5058,-6806,-5056,-6807]],[[-5068,-6811,-5066,-6810,-5064,-6809,-5062,-6808,-5060,-6812]],[[-5076,-6815,-5074,-6814,-5070,-6816]],[[-5072,-6813]],[[-6817,-5078]],[[-6818,-5080]],[[-5090,-6820,-5088,-6819,-5086,-6821]],[[-5092,-6822]],[[-5094,-6823]],[[-7879,-6824,-5100,-6828]],[[-5106,-6829]],[[-5108,-6830]],[[-5110,-6831]],[[-5112,-6832]],[[-5114,-6833]],[[-5136,-6448]],[[-5156,-6458]],[[-5236,-6834,-5234,-6835]],[[-5238,-6836]],[[-6837,-5240,-6838]],[[-6840,-5244,-6839,-5242]],[[-5246,-6842]],[[-6841,-5248]],[[-5250,-6845,-5254,-6844]],[[-5252,-6843]],[[-6847,-5256]],[[-5258,-6846]],[[-5268,-6850,-5266,-6849,-5264,-6848,-5262,-6851]],[[-5270,-6852]],[[-5278,-6855,-5276,-6854,-5272,-6856]],[[-5274,-6853]],[[-5282,-6857,-5280,-6858]],[[-5286,-6859,-5284,-6860]],[[-6863,-5292,-6862,-5290,-6861,-5288]],[[-5294,-6864]],[[-6869,-5296]],[[-6868,-5298]],[[-6867,-5300]],[[-5304,-6865,-5302,-6866]],[[-5306,-6870]],[[-5308,-6871]],[[-6873,-5329,-6874,-5333]],[[-6872,-5331]],[[-5335,-6875]],[[-5337,-6876]],[[-5339,-6877]],[[-5347,-6880,-5345,-6879,-5343,-6878,-5341,-6881]],[[-5349,-6882]],[[-5351,-6883]],[[-5353,-6884]],[[-6754,-5371]],[[-6753,-5373]],[[-5379,-6885]],[[-6890,-5381]],[[-5383,-6889,-5389,-6888,-5387,-6887]],[[-6886,-5385]],[[-5403,-6893,-5401,-6892,-5399,-6891,-5397,-6894]],[[-5405,-6895]],[[-6898,-5411,-6897,-5409,-6896,-5407,-6902,-5419,-6901,-5417,-6900,-5415,-6899,-5413]],[[-6904,-5430,-6907,-5434]],[[-6903,-5432]],[[-6906,-5436]],[[-5438,-6905]],[[-5444,-6909,-5442,-6908,-5440,-6910]],[[-5446,-6911]],[[-6914,-5457,-6913,-5453]],[[-6912,-5455]],[[-6915,-5460]],[[-5466,-6917,-5464,-6916,-5462,-6918]],[[-5470,-6919,-5468,-6920]],[[-5476,-6922,-5474,-6921,-5472,-6923]],[[-6924,-5478]],[[-5480,-6925]],[[-5482,-6927,-5484,-6926]],[[-6928,-6929,-5486]],[[-5490,-6930]],[[-5494,-6931,-5492,-6932]],[[-7551,-5514]],[[-7555,-5518]],[[-7554,-5520]],[[-7424,-5538]],[[-7446,-5540,-7440,8014]],[[-7445,-5542]],[[-7444,-5544]],[[-7443,-5550,-7442,-5548,-7441,-5546]],[[-5558,-7788,-5556,-7789]],[[-7777,-5792,-7778,-5564]],[[-7796,-7062,-7795,-5566]],[[-7624,-7623,-6231,-7622,-5656]],[[-7619,-5662,-7620,-5572]],[[-7798,-5574]],[[-5659,-7621]],[[8015,-5699]],[[8016,-5701]],[[8017,-5705]],[[-5715,8018]],[[-5717,8019]],[[-5748,8020]],[[-7802,-5770]],[[-5794,-7776]],[[-7775,-5797]],[[-7692,-5807]],[[-7813,-7042,-7810,-5843,-7787,-5847]],[[-5845,-7811,-7046,-7814]],[[-5849,-7786]],[[-7815,-5851,-7785,-6045]],[[-7870,-7004,-7869,-6985,-7511,-6979,-7508,-5859,-7819,-5857,-7818,-5855,-7817,-5853,-7816,-6043]],[[-5866,-7501]],[[8021,-6935,-7433,-5589]],[[-5978,-7672]],[[-5585,8022]],[[-7432,-5591]],[[-7431,-5593]],[[-7430,-5595]],[[-5608,-7827]],[[-7831,-5617]],[[8023,-5626]],[[-6168,-7496,-6370,-7701]],[[-7608,-6172]],[[8024,-6939,8025,-6593,-7833,-6591]],[[-6221,-6367,-7698]],[[-7770,8026,-6589]],[[-7835,-6603]],[[-7834,-6610,-7837,-6605]],[[-7844,-6619]],[[8027,-6622]],[[8028,-6624]],[[-6627,-7845]],[[-6631,-7847]],[[-7849,-6633]],[[-6640,-7851,-6638,8029]],[[8030,-6726,-7857]],[[-6733,8031]],[[-6941]],[[-7860,-6005]],[[-6009,8032]],[[-6011,8033]],[[8034,-6013]],[[-6025,-7421]],[[-7420,-6027]],[[-7865,-6031]],[[-7864,-6033]],[[-6039,-7512,-6989,-7867]],[[-7868,-6987,-7871,-6041]],[[-7735,-6055]],[[-7686,-6061]],[[-7685,-6063]],[[-7873,-6065,-7684,-6067]],[[-7765,-6080]],[[-6121,-7756]],[[-6123,-7755]],[[-6134,-7750]],[[-6736,-7780]],[[-7630,-6192]],[[-7610,-7066,-7609,-6218]],[[-6241,-7636]],[[8035,-6944,-7398]],[[-7880,-6826]],[[-6559,-7715]],[[-6950,-6951]],[[-7823,-6536]],[[-6968,-7882,-6960,-7881,-6962,-7884,-6964,-7885]],[[-7883,-6966]],[[-6970,-7887]],[[-7886,-6972]],[[-7888,-6975]],[[-7509,-6981,-7510,-6983]],[[-7014,-7414,-6991,-7891,-7001,-7415]],[[-6999,-7890,-6997,-7418,-7016,-7416]],[[-7894,-7006,-7893,-7008]],[[-7010,-7892]],[[-7012,-7895]],[[-7018,-7417]],[[-7022,-7896]],[[-7024,-7897]],[[-7899,-7032]],[[-7034,-7898]],[[-7044,-7812]],[[-7900,-7055]],[[-7901,-7057]],[[-7060,-7902]],[[-7903,-7064]],[[-7904,-7068]],[[-7070]],[[-7071]],[[-7074]],[[-7075]],[[-7076]],[[-7077]],[[-7078]],[[-7079]],[[-7080]],[[-7082]],[[-7083]],[[-7084]],[[-7085]],[[-7086]],[[-7087]],[[-7088]],[[-7089]],[[-7090]],[[-7091]],[[-7092]],[[-7093]],[[-7094]],[[-7095]],[[-7096]],[[-7097]],[[-7098]],[[-7099]],[[-7100]],[[-7101]],[[-7102]],[[-7103]],[[-7104]],[[-7105]],[[-7106]],[[-7107]],[[-7108]],[[-7109]],[[-7110]],[[-7111]],[[-7112]],[[-7113]],[[-7114]],[[-7115]],[[-7116]],[[-7117]],[[-7118]],[[-7119]],[[-7120]],[[-7121]],[[-7122]],[[-7123]],[[-7124]],[[-7125]],[[-7126]],[[-7127]],[[-7128]],[[-7129]],[[-7130]],[[-7131]],[[-7132]],[[-7133]],[[-7134]],[[-7135]],[[-7136]],[[-7137]],[[-7139]],[[-7140]],[[-7141]],[[-7144]],[[-7145]],[[-7146]],[[-7147]],[[-7148]],[[-7149]],[[-7150]],[[-7151]],[[-7152]],[[-7153]],[[-7154]],[[-7155]],[[-7156]],[[-7157]],[[-7159]],[[-7160]],[[-7161]],[[-7162]],[[8036,-7437]],[[8037,-7842]],[[-7768,8038]],[[-7906]],[[-7907]],[[-7908]],[[-7909]],[[-7910]],[[-7911]],[[-7912]],[[-7913]],[[-7914]],[[-7915]],[[-7916]],[[-7917]],[[-7918]],[[-7919]],[[-7920]],[[-7921]],[[-7922]],[[-7923]],[[-7924]],[[-7925]]],"type":"MultiPolygon","properties":{"CONSD_POLY":"Wetland","Shape_Leng":20397350.3062,"Shape_Area":16546322279.7},"id":5}]}}}